product_id,name,category,color,style,image_path
shoe_00001,TrailCore High-Top Purple 00001,footwear,purple,high-top,images/shoe_00001.jpg
shoe_00002,StreetFlex High-Top Pink 00002,footwear,pink,high-top,images/shoe_00002.jpg
shoe_00003,TrailCore Casual Yellow 00003,footwear,yellow,casual,images/shoe_00003.jpg
shoe_00004,UrbanStep Trainer Orange 00004,footwear,orange,trainer,images/shoe_00004.jpg
shoe_00005,TrailCore Low-Top White 00005,footwear,white,low-top,images/shoe_00005.jpg
shoe_00006,NovaFit Trail Green 00006,footwear,green,trail,images/shoe_00006.jpg
shoe_00007,PeakWalk Runner Green 00007,footwear,green,runner,images/shoe_00007.jpg
shoe_00008,StrideLab Basketball Gray 00008,footwear,gray,basketball,images/shoe_00008.jpg
shoe_00009,PeakWalk Casual Yellow 00009,footwear,yellow,casual,images/shoe_00009.jpg
shoe_00010,MotionX Trainer Brown 00010,footwear,brown,trainer,images/shoe_00010.jpg
shoe_00011,PeakWalk Basketball Red 00011,footwear,red,basketball,images/shoe_00011.jpg
shoe_00012,MotionX Basketball Navy 00012,footwear,navy,basketball,images/shoe_00012.jpg
shoe_00013,ApexRun Runner Black 00013,footwear,black,runner,images/shoe_00013.jpg
shoe_00014,MotionX Trainer Navy 00014,footwear,navy,trainer,images/shoe_00014.jpg
shoe_00015,MotionX Casual Gray 00015,footwear,gray,casual,images/shoe_00015.jpg
shoe_00016,StrideLab Basketball Brown 00016,footwear,brown,basketball,images/shoe_00016.jpg
shoe_00017,PeakWalk Trainer Gray 00017,footwear,gray,trainer,images/shoe_00017.jpg
shoe_00018,NovaFit Runner Orange 00018,footwear,orange,runner,images/shoe_00018.jpg
shoe_00019,StrideLab Slip-On Green 00019,footwear,green,slip-on,images/shoe_00019.jpg
shoe_00020,TrailCore Slip-On Blue 00020,footwear,blue,slip-on,images/shoe_00020.jpg
shoe_00021,StreetFlex Trail Red 00021,footwear,red,trail,images/shoe_00021.jpg
shoe_00022,ApexRun Casual Brown 00022,footwear,brown,casual,images/shoe_00022.jpg
shoe_00023,PeakWalk High-Top Green 00023,footwear,green,high-top,images/shoe_00023.jpg
shoe_00024,StreetFlex Casual Purple 00024,footwear,purple,casual,images/shoe_00024.jpg
shoe_00025,StrideLab Casual Navy 00025,footwear,navy,casual,images/shoe_00025.jpg
shoe_00026,StrideLab Slip-On Red 00026,footwear,red,slip-on,images/shoe_00026.jpg
shoe_00027,StreetFlex Casual Yellow 00027,footwear,yellow,casual,images/shoe_00027.jpg
shoe_00028,ApexRun Runner Purple 00028,footwear,purple,runner,images/shoe_00028.jpg
shoe_00029,PeakWalk Low-Top Brown 00029,footwear,brown,low-top,images/shoe_00029.jpg
shoe_00030,ApexRun Low-Top Brown 00030,footwear,brown,low-top,images/shoe_00030.jpg
shoe_00031,MotionX Trainer Orange 00031,footwear,orange,trainer,images/shoe_00031.jpg
shoe_00032,StrideLab High-Top Yellow 00032,footwear,yellow,high-top,images/shoe_00032.jpg
shoe_00033,UrbanStep Trainer Red 00033,footwear,red,trainer,images/shoe_00033.jpg
shoe_00034,StreetFlex Casual Pink 00034,footwear,pink,casual,images/shoe_00034.jpg
shoe_00035,UrbanStep Trail Purple 00035,footwear,purple,trail,images/shoe_00035.jpg
shoe_00036,StreetFlex Low-Top Green 00036,footwear,green,low-top,images/shoe_00036.jpg
shoe_00037,StrideLab Trainer Green 00037,footwear,green,trainer,images/shoe_00037.jpg
shoe_00038,UrbanStep Basketball Orange 00038,footwear,orange,basketball,images/shoe_00038.jpg
shoe_00039,TrailCore Casual Orange 00039,footwear,orange,casual,images/shoe_00039.jpg
shoe_00040,TrailCore Runner Black 00040,footwear,black,runner,images/shoe_00040.jpg
shoe_00041,TrailCore Trail White 00041,footwear,white,trail,images/shoe_00041.jpg
shoe_00042,ApexRun Low-Top Green 00042,footwear,green,low-top,images/shoe_00042.jpg
shoe_00043,MotionX Casual Orange 00043,footwear,orange,casual,images/shoe_00043.jpg
shoe_00044,StreetFlex High-Top Red 00044,footwear,red,high-top,images/shoe_00044.jpg
shoe_00045,ApexRun High-Top Red 00045,footwear,red,high-top,images/shoe_00045.jpg
shoe_00046,PeakWalk Casual Navy 00046,footwear,navy,casual,images/shoe_00046.jpg
shoe_00047,StrideLab Trail Brown 00047,footwear,brown,trail,images/shoe_00047.jpg
shoe_00048,TrailCore Trainer Blue 00048,footwear,blue,trainer,images/shoe_00048.jpg
shoe_00049,PeakWalk Slip-On Green 00049,footwear,green,slip-on,images/shoe_00049.jpg
shoe_00050,NovaFit Low-Top Orange 00050,footwear,orange,low-top,images/shoe_00050.jpg
shoe_00051,MotionX Trainer Blue 00051,footwear,blue,trainer,images/shoe_00051.jpg
shoe_00052,NovaFit Trainer Navy 00052,footwear,navy,trainer,images/shoe_00052.jpg
shoe_00053,UrbanStep Casual Red 00053,footwear,red,casual,images/shoe_00053.jpg
shoe_00054,MotionX Slip-On Black 00054,footwear,black,slip-on,images/shoe_00054.jpg
shoe_00055,TrailCore Trail Blue 00055,footwear,blue,trail,images/shoe_00055.jpg
shoe_00056,StrideLab Trail Yellow 00056,footwear,yellow,trail,images/shoe_00056.jpg
shoe_00057,UrbanStep Trail Black 00057,footwear,black,trail,images/shoe_00057.jpg
shoe_00058,TrailCore Casual Yellow 00058,footwear,yellow,casual,images/shoe_00058.jpg
shoe_00059,NovaFit Casual Navy 00059,footwear,navy,casual,images/shoe_00059.jpg
shoe_00060,StrideLab Slip-On Navy 00060,footwear,navy,slip-on,images/shoe_00060.jpg
shoe_00061,ApexRun Runner White 00061,footwear,white,runner,images/shoe_00061.jpg
shoe_00062,PeakWalk Trainer Yellow 00062,footwear,yellow,trainer,images/shoe_00062.jpg
shoe_00063,ApexRun Runner Yellow 00063,footwear,yellow,runner,images/shoe_00063.jpg
shoe_00064,MotionX Casual Green 00064,footwear,green,casual,images/shoe_00064.jpg
shoe_00065,UrbanStep Basketball Orange 00065,footwear,orange,basketball,images/shoe_00065.jpg
shoe_00066,UrbanStep Runner Gray 00066,footwear,gray,runner,images/shoe_00066.jpg
shoe_00067,PeakWalk Low-Top Green 00067,footwear,green,low-top,images/shoe_00067.jpg
shoe_00068,UrbanStep Trail Yellow 00068,footwear,yellow,trail,images/shoe_00068.jpg
shoe_00069,NovaFit Basketball White 00069,footwear,white,basketball,images/shoe_00069.jpg
shoe_00070,StrideLab Slip-On Red 00070,footwear,red,slip-on,images/shoe_00070.jpg
shoe_00071,UrbanStep Runner Yellow 00071,footwear,yellow,runner,images/shoe_00071.jpg
shoe_00072,StreetFlex Slip-On Purple 00072,footwear,purple,slip-on,images/shoe_00072.jpg
shoe_00073,MotionX Slip-On Orange 00073,footwear,orange,slip-on,images/shoe_00073.jpg
shoe_00074,StreetFlex Slip-On Pink 00074,footwear,pink,slip-on,images/shoe_00074.jpg
shoe_00075,StreetFlex Low-Top Orange 00075,footwear,orange,low-top,images/shoe_00075.jpg
shoe_00076,UrbanStep Trail Navy 00076,footwear,navy,trail,images/shoe_00076.jpg
shoe_00077,ApexRun Trail Gray 00077,footwear,gray,trail,images/shoe_00077.jpg
shoe_00078,ApexRun Low-Top Blue 00078,footwear,blue,low-top,images/shoe_00078.jpg
shoe_00079,ApexRun Low-Top Blue 00079,footwear,blue,low-top,images/shoe_00079.jpg
shoe_00080,UrbanStep Slip-On Purple 00080,footwear,purple,slip-on,images/shoe_00080.jpg
shoe_00081,NovaFit Trail Navy 00081,footwear,navy,trail,images/shoe_00081.jpg
shoe_00082,ApexRun Trail White 00082,footwear,white,trail,images/shoe_00082.jpg
shoe_00083,PeakWalk Basketball Purple 00083,footwear,purple,basketball,images/shoe_00083.jpg
shoe_00084,StrideLab Trail Purple 00084,footwear,purple,trail,images/shoe_00084.jpg
shoe_00085,StrideLab Low-Top Navy 00085,footwear,navy,low-top,images/shoe_00085.jpg
shoe_00086,TrailCore High-Top Yellow 00086,footwear,yellow,high-top,images/shoe_00086.jpg
shoe_00087,UrbanStep Low-Top Green 00087,footwear,green,low-top,images/shoe_00087.jpg
shoe_00088,TrailCore Slip-On Navy 00088,footwear,navy,slip-on,images/shoe_00088.jpg
shoe_00089,UrbanStep Runner Pink 00089,footwear,pink,runner,images/shoe_00089.jpg
shoe_00090,TrailCore High-Top Orange 00090,footwear,orange,high-top,images/shoe_00090.jpg
shoe_00091,StreetFlex High-Top Purple 00091,footwear,purple,high-top,images/shoe_00091.jpg
shoe_00092,StrideLab Slip-On Black 00092,footwear,black,slip-on,images/shoe_00092.jpg
shoe_00093,StrideLab Basketball Orange 00093,footwear,orange,basketball,images/shoe_00093.jpg
shoe_00094,ApexRun Low-Top Yellow 00094,footwear,yellow,low-top,images/shoe_00094.jpg
shoe_00095,PeakWalk Trail White 00095,footwear,white,trail,images/shoe_00095.jpg
shoe_00096,ApexRun Slip-On Purple 00096,footwear,purple,slip-on,images/shoe_00096.jpg
shoe_00097,PeakWalk Runner Yellow 00097,footwear,yellow,runner,images/shoe_00097.jpg
shoe_00098,TrailCore Low-Top Yellow 00098,footwear,yellow,low-top,images/shoe_00098.jpg
shoe_00099,StreetFlex Slip-On Black 00099,footwear,black,slip-on,images/shoe_00099.jpg
shoe_00100,NovaFit High-Top Black 00100,footwear,black,high-top,images/shoe_00100.jpg
shoe_00101,MotionX Casual White 00101,footwear,white,casual,images/shoe_00101.jpg
shoe_00102,NovaFit Trainer Red 00102,footwear,red,trainer,images/shoe_00102.jpg
shoe_00103,TrailCore Runner White 00103,footwear,white,runner,images/shoe_00103.jpg
shoe_00104,NovaFit Casual Red 00104,footwear,red,casual,images/shoe_00104.jpg
shoe_00105,StrideLab Low-Top Green 00105,footwear,green,low-top,images/shoe_00105.jpg
shoe_00106,NovaFit Trail Green 00106,footwear,green,trail,images/shoe_00106.jpg
shoe_00107,UrbanStep Slip-On Navy 00107,footwear,navy,slip-on,images/shoe_00107.jpg
shoe_00108,StreetFlex High-Top Yellow 00108,footwear,yellow,high-top,images/shoe_00108.jpg
shoe_00109,PeakWalk Trainer Gray 00109,footwear,gray,trainer,images/shoe_00109.jpg
shoe_00110,PeakWalk Casual Purple 00110,footwear,purple,casual,images/shoe_00110.jpg
shoe_00111,StrideLab Casual Green 00111,footwear,green,casual,images/shoe_00111.jpg
shoe_00112,UrbanStep Basketball Orange 00112,footwear,orange,basketball,images/shoe_00112.jpg
shoe_00113,StrideLab Casual Orange 00113,footwear,orange,casual,images/shoe_00113.jpg
shoe_00114,PeakWalk Basketball Black 00114,footwear,black,basketball,images/shoe_00114.jpg
shoe_00115,UrbanStep Trainer Brown 00115,footwear,brown,trainer,images/shoe_00115.jpg
shoe_00116,MotionX High-Top Purple 00116,footwear,purple,high-top,images/shoe_00116.jpg
shoe_00117,StrideLab Casual Purple 00117,footwear,purple,casual,images/shoe_00117.jpg
shoe_00118,UrbanStep Slip-On Purple 00118,footwear,purple,slip-on,images/shoe_00118.jpg
shoe_00119,TrailCore Slip-On Red 00119,footwear,red,slip-on,images/shoe_00119.jpg
shoe_00120,MotionX Casual Gray 00120,footwear,gray,casual,images/shoe_00120.jpg
shoe_00121,StrideLab Runner Pink 00121,footwear,pink,runner,images/shoe_00121.jpg
shoe_00122,NovaFit High-Top Black 00122,footwear,black,high-top,images/shoe_00122.jpg
shoe_00123,PeakWalk High-Top Orange 00123,footwear,orange,high-top,images/shoe_00123.jpg
shoe_00124,StreetFlex Slip-On Brown 00124,footwear,brown,slip-on,images/shoe_00124.jpg
shoe_00125,ApexRun High-Top Green 00125,footwear,green,high-top,images/shoe_00125.jpg
shoe_00126,UrbanStep Trail White 00126,footwear,white,trail,images/shoe_00126.jpg
shoe_00127,ApexRun Casual Red 00127,footwear,red,casual,images/shoe_00127.jpg
shoe_00128,MotionX Casual White 00128,footwear,white,casual,images/shoe_00128.jpg
shoe_00129,PeakWalk Trail Yellow 00129,footwear,yellow,trail,images/shoe_00129.jpg
shoe_00130,StreetFlex Slip-On Pink 00130,footwear,pink,slip-on,images/shoe_00130.jpg
shoe_00131,UrbanStep Trainer Red 00131,footwear,red,trainer,images/shoe_00131.jpg
shoe_00132,StrideLab Slip-On White 00132,footwear,white,slip-on,images/shoe_00132.jpg
shoe_00133,ApexRun Runner Orange 00133,footwear,orange,runner,images/shoe_00133.jpg
shoe_00134,ApexRun High-Top Orange 00134,footwear,orange,high-top,images/shoe_00134.jpg
shoe_00135,PeakWalk Trail Red 00135,footwear,red,trail,images/shoe_00135.jpg
shoe_00136,PeakWalk Casual Navy 00136,footwear,navy,casual,images/shoe_00136.jpg
shoe_00137,NovaFit Basketball Green 00137,footwear,green,basketball,images/shoe_00137.jpg
shoe_00138,UrbanStep High-Top Green 00138,footwear,green,high-top,images/shoe_00138.jpg
shoe_00139,TrailCore Runner Red 00139,footwear,red,runner,images/shoe_00139.jpg
shoe_00140,TrailCore Runner White 00140,footwear,white,runner,images/shoe_00140.jpg
shoe_00141,PeakWalk Trainer Black 00141,footwear,black,trainer,images/shoe_00141.jpg
shoe_00142,TrailCore Low-Top Brown 00142,footwear,brown,low-top,images/shoe_00142.jpg
shoe_00143,StrideLab Trainer Orange 00143,footwear,orange,trainer,images/shoe_00143.jpg
shoe_00144,UrbanStep Trail Green 00144,footwear,green,trail,images/shoe_00144.jpg
shoe_00145,ApexRun Casual Purple 00145,footwear,purple,casual,images/shoe_00145.jpg
shoe_00146,UrbanStep Low-Top White 00146,footwear,white,low-top,images/shoe_00146.jpg
shoe_00147,PeakWalk Trail Navy 00147,footwear,navy,trail,images/shoe_00147.jpg
shoe_00148,PeakWalk Runner Purple 00148,footwear,purple,runner,images/shoe_00148.jpg
shoe_00149,TrailCore Trainer Pink 00149,footwear,pink,trainer,images/shoe_00149.jpg
shoe_00150,ApexRun Casual Green 00150,footwear,green,casual,images/shoe_00150.jpg
shoe_00151,StrideLab Runner Yellow 00151,footwear,yellow,runner,images/shoe_00151.jpg
shoe_00152,NovaFit Casual Brown 00152,footwear,brown,casual,images/shoe_00152.jpg
shoe_00153,ApexRun Slip-On Purple 00153,footwear,purple,slip-on,images/shoe_00153.jpg
shoe_00154,PeakWalk Casual Purple 00154,footwear,purple,casual,images/shoe_00154.jpg
shoe_00155,TrailCore Trail Gray 00155,footwear,gray,trail,images/shoe_00155.jpg
shoe_00156,ApexRun Runner Navy 00156,footwear,navy,runner,images/shoe_00156.jpg
shoe_00157,StrideLab Basketball Orange 00157,footwear,orange,basketball,images/shoe_00157.jpg
shoe_00158,PeakWalk Casual Green 00158,footwear,green,casual,images/shoe_00158.jpg
shoe_00159,StreetFlex Trail White 00159,footwear,white,trail,images/shoe_00159.jpg
shoe_00160,ApexRun Casual Purple 00160,footwear,purple,casual,images/shoe_00160.jpg
shoe_00161,TrailCore Slip-On Red 00161,footwear,red,slip-on,images/shoe_00161.jpg
shoe_00162,PeakWalk Basketball Purple 00162,footwear,purple,basketball,images/shoe_00162.jpg
shoe_00163,StreetFlex Trainer Blue 00163,footwear,blue,trainer,images/shoe_00163.jpg
shoe_00164,UrbanStep Trail Pink 00164,footwear,pink,trail,images/shoe_00164.jpg
shoe_00165,NovaFit Casual Green 00165,footwear,green,casual,images/shoe_00165.jpg
shoe_00166,PeakWalk Basketball Brown 00166,footwear,brown,basketball,images/shoe_00166.jpg
shoe_00167,MotionX Trainer Red 00167,footwear,red,trainer,images/shoe_00167.jpg
shoe_00168,PeakWalk High-Top Navy 00168,footwear,navy,high-top,images/shoe_00168.jpg
shoe_00169,TrailCore Low-Top Red 00169,footwear,red,low-top,images/shoe_00169.jpg
shoe_00170,StrideLab Trail Red 00170,footwear,red,trail,images/shoe_00170.jpg
shoe_00171,MotionX Trail Orange 00171,footwear,orange,trail,images/shoe_00171.jpg
shoe_00172,ApexRun Trainer Blue 00172,footwear,blue,trainer,images/shoe_00172.jpg
shoe_00173,MotionX Basketball Black 00173,footwear,black,basketball,images/shoe_00173.jpg
shoe_00174,UrbanStep Low-Top Yellow 00174,footwear,yellow,low-top,images/shoe_00174.jpg
shoe_00175,StrideLab Runner Gray 00175,footwear,gray,runner,images/shoe_00175.jpg
shoe_00176,StrideLab Casual Yellow 00176,footwear,yellow,casual,images/shoe_00176.jpg
shoe_00177,StrideLab Trainer Pink 00177,footwear,pink,trainer,images/shoe_00177.jpg
shoe_00178,PeakWalk Trainer Gray 00178,footwear,gray,trainer,images/shoe_00178.jpg
shoe_00179,StreetFlex Basketball Green 00179,footwear,green,basketball,images/shoe_00179.jpg
shoe_00180,UrbanStep Slip-On Black 00180,footwear,black,slip-on,images/shoe_00180.jpg
shoe_00181,ApexRun High-Top Navy 00181,footwear,navy,high-top,images/shoe_00181.jpg
shoe_00182,StrideLab Trail Purple 00182,footwear,purple,trail,images/shoe_00182.jpg
shoe_00183,ApexRun High-Top White 00183,footwear,white,high-top,images/shoe_00183.jpg
shoe_00184,UrbanStep High-Top Gray 00184,footwear,gray,high-top,images/shoe_00184.jpg
shoe_00185,TrailCore High-Top Brown 00185,footwear,brown,high-top,images/shoe_00185.jpg
shoe_00186,MotionX Low-Top Yellow 00186,footwear,yellow,low-top,images/shoe_00186.jpg
shoe_00187,PeakWalk Trail Navy 00187,footwear,navy,trail,images/shoe_00187.jpg
shoe_00188,UrbanStep High-Top Navy 00188,footwear,navy,high-top,images/shoe_00188.jpg
shoe_00189,StreetFlex Basketball Brown 00189,footwear,brown,basketball,images/shoe_00189.jpg
shoe_00190,TrailCore High-Top Red 00190,footwear,red,high-top,images/shoe_00190.jpg
shoe_00191,ApexRun Casual Purple 00191,footwear,purple,casual,images/shoe_00191.jpg
shoe_00192,StreetFlex Trail Blue 00192,footwear,blue,trail,images/shoe_00192.jpg
shoe_00193,StrideLab Low-Top Green 00193,footwear,green,low-top,images/shoe_00193.jpg
shoe_00194,NovaFit Basketball Green 00194,footwear,green,basketball,images/shoe_00194.jpg
shoe_00195,UrbanStep Trainer Yellow 00195,footwear,yellow,trainer,images/shoe_00195.jpg
shoe_00196,TrailCore Casual Gray 00196,footwear,gray,casual,images/shoe_00196.jpg
shoe_00197,NovaFit Casual Red 00197,footwear,red,casual,images/shoe_00197.jpg
shoe_00198,StreetFlex Trail Orange 00198,footwear,orange,trail,images/shoe_00198.jpg
shoe_00199,UrbanStep Trail Black 00199,footwear,black,trail,images/shoe_00199.jpg
shoe_00200,StrideLab High-Top Black 00200,footwear,black,high-top,images/shoe_00200.jpg
shoe_00201,NovaFit Basketball Yellow 00201,footwear,yellow,basketball,images/shoe_00201.jpg
shoe_00202,ApexRun Casual Red 00202,footwear,red,casual,images/shoe_00202.jpg
shoe_00203,UrbanStep Runner Orange 00203,footwear,orange,runner,images/shoe_00203.jpg
shoe_00204,MotionX Runner Pink 00204,footwear,pink,runner,images/shoe_00204.jpg
shoe_00205,MotionX Casual Orange 00205,footwear,orange,casual,images/shoe_00205.jpg
shoe_00206,StreetFlex Basketball Navy 00206,footwear,navy,basketball,images/shoe_00206.jpg
shoe_00207,UrbanStep Slip-On Black 00207,footwear,black,slip-on,images/shoe_00207.jpg
shoe_00208,PeakWalk Casual Navy 00208,footwear,navy,casual,images/shoe_00208.jpg
shoe_00209,PeakWalk Trainer Brown 00209,footwear,brown,trainer,images/shoe_00209.jpg
shoe_00210,NovaFit Basketball Navy 00210,footwear,navy,basketball,images/shoe_00210.jpg
shoe_00211,StrideLab Slip-On Blue 00211,footwear,blue,slip-on,images/shoe_00211.jpg
shoe_00212,NovaFit Basketball Black 00212,footwear,black,basketball,images/shoe_00212.jpg
shoe_00213,MotionX Low-Top Navy 00213,footwear,navy,low-top,images/shoe_00213.jpg
shoe_00214,MotionX High-Top Blue 00214,footwear,blue,high-top,images/shoe_00214.jpg
shoe_00215,UrbanStep Basketball Gray 00215,footwear,gray,basketball,images/shoe_00215.jpg
shoe_00216,MotionX Runner Black 00216,footwear,black,runner,images/shoe_00216.jpg
shoe_00217,NovaFit Slip-On Blue 00217,footwear,blue,slip-on,images/shoe_00217.jpg
shoe_00218,ApexRun High-Top Gray 00218,footwear,gray,high-top,images/shoe_00218.jpg
shoe_00219,StreetFlex Slip-On Yellow 00219,footwear,yellow,slip-on,images/shoe_00219.jpg
shoe_00220,StrideLab Runner White 00220,footwear,white,runner,images/shoe_00220.jpg
shoe_00221,ApexRun Slip-On Purple 00221,footwear,purple,slip-on,images/shoe_00221.jpg
shoe_00222,TrailCore Basketball Purple 00222,footwear,purple,basketball,images/shoe_00222.jpg
shoe_00223,StreetFlex Trainer Navy 00223,footwear,navy,trainer,images/shoe_00223.jpg
shoe_00224,UrbanStep Slip-On Green 00224,footwear,green,slip-on,images/shoe_00224.jpg
shoe_00225,TrailCore Casual Navy 00225,footwear,navy,casual,images/shoe_00225.jpg
shoe_00226,TrailCore Basketball White 00226,footwear,white,basketball,images/shoe_00226.jpg
shoe_00227,StrideLab Trail Yellow 00227,footwear,yellow,trail,images/shoe_00227.jpg
shoe_00228,NovaFit Casual Red 00228,footwear,red,casual,images/shoe_00228.jpg
shoe_00229,ApexRun High-Top White 00229,footwear,white,high-top,images/shoe_00229.jpg
shoe_00230,PeakWalk Low-Top Orange 00230,footwear,orange,low-top,images/shoe_00230.jpg
shoe_00231,StrideLab Trail Blue 00231,footwear,blue,trail,images/shoe_00231.jpg
shoe_00232,NovaFit Casual Yellow 00232,footwear,yellow,casual,images/shoe_00232.jpg
shoe_00233,NovaFit Trail Green 00233,footwear,green,trail,images/shoe_00233.jpg
shoe_00234,NovaFit Trail Purple 00234,footwear,purple,trail,images/shoe_00234.jpg
shoe_00235,UrbanStep Low-Top Red 00235,footwear,red,low-top,images/shoe_00235.jpg
shoe_00236,UrbanStep Trail Purple 00236,footwear,purple,trail,images/shoe_00236.jpg
shoe_00237,TrailCore High-Top Navy 00237,footwear,navy,high-top,images/shoe_00237.jpg
shoe_00238,ApexRun Trail Purple 00238,footwear,purple,trail,images/shoe_00238.jpg
shoe_00239,StreetFlex Low-Top Navy 00239,footwear,navy,low-top,images/shoe_00239.jpg
shoe_00240,StrideLab Casual White 00240,footwear,white,casual,images/shoe_00240.jpg
shoe_00241,MotionX Basketball White 00241,footwear,white,basketball,images/shoe_00241.jpg
shoe_00242,StrideLab Low-Top Black 00242,footwear,black,low-top,images/shoe_00242.jpg
shoe_00243,StreetFlex Slip-On Yellow 00243,footwear,yellow,slip-on,images/shoe_00243.jpg
shoe_00244,PeakWalk Slip-On Green 00244,footwear,green,slip-on,images/shoe_00244.jpg
shoe_00245,UrbanStep Low-Top Black 00245,footwear,black,low-top,images/shoe_00245.jpg
shoe_00246,ApexRun Casual Pink 00246,footwear,pink,casual,images/shoe_00246.jpg
shoe_00247,TrailCore Slip-On Green 00247,footwear,green,slip-on,images/shoe_00247.jpg
shoe_00248,ApexRun Trail Red 00248,footwear,red,trail,images/shoe_00248.jpg
shoe_00249,StrideLab Basketball White 00249,footwear,white,basketball,images/shoe_00249.jpg
shoe_00250,PeakWalk Casual Black 00250,footwear,black,casual,images/shoe_00250.jpg
shoe_00251,PeakWalk Slip-On Pink 00251,footwear,pink,slip-on,images/shoe_00251.jpg
shoe_00252,PeakWalk Casual Yellow 00252,footwear,yellow,casual,images/shoe_00252.jpg
shoe_00253,UrbanStep Low-Top Navy 00253,footwear,navy,low-top,images/shoe_00253.jpg
shoe_00254,PeakWalk Trail Gray 00254,footwear,gray,trail,images/shoe_00254.jpg
shoe_00255,UrbanStep Trail Brown 00255,footwear,brown,trail,images/shoe_00255.jpg
shoe_00256,StrideLab Basketball Navy 00256,footwear,navy,basketball,images/shoe_00256.jpg
shoe_00257,NovaFit Casual Pink 00257,footwear,pink,casual,images/shoe_00257.jpg
shoe_00258,StreetFlex Casual Blue 00258,footwear,blue,casual,images/shoe_00258.jpg
shoe_00259,PeakWalk Runner Gray 00259,footwear,gray,runner,images/shoe_00259.jpg
shoe_00260,StrideLab Slip-On Navy 00260,footwear,navy,slip-on,images/shoe_00260.jpg
shoe_00261,MotionX Runner Red 00261,footwear,red,runner,images/shoe_00261.jpg
shoe_00262,StrideLab High-Top Gray 00262,footwear,gray,high-top,images/shoe_00262.jpg
shoe_00263,TrailCore Runner Blue 00263,footwear,blue,runner,images/shoe_00263.jpg
shoe_00264,StrideLab Runner Purple 00264,footwear,purple,runner,images/shoe_00264.jpg
shoe_00265,ApexRun Low-Top Brown 00265,footwear,brown,low-top,images/shoe_00265.jpg
shoe_00266,TrailCore Trainer Green 00266,footwear,green,trainer,images/shoe_00266.jpg
shoe_00267,StrideLab Trail Navy 00267,footwear,navy,trail,images/shoe_00267.jpg
shoe_00268,NovaFit Basketball Gray 00268,footwear,gray,basketball,images/shoe_00268.jpg
shoe_00269,PeakWalk Runner Pink 00269,footwear,pink,runner,images/shoe_00269.jpg
shoe_00270,NovaFit Basketball Black 00270,footwear,black,basketball,images/shoe_00270.jpg
shoe_00271,ApexRun Casual Red 00271,footwear,red,casual,images/shoe_00271.jpg
shoe_00272,NovaFit Basketball Gray 00272,footwear,gray,basketball,images/shoe_00272.jpg
shoe_00273,StrideLab High-Top Green 00273,footwear,green,high-top,images/shoe_00273.jpg
shoe_00274,MotionX Low-Top White 00274,footwear,white,low-top,images/shoe_00274.jpg
shoe_00275,MotionX Low-Top Red 00275,footwear,red,low-top,images/shoe_00275.jpg
shoe_00276,MotionX Low-Top White 00276,footwear,white,low-top,images/shoe_00276.jpg
shoe_00277,ApexRun Low-Top Orange 00277,footwear,orange,low-top,images/shoe_00277.jpg
shoe_00278,UrbanStep Basketball Pink 00278,footwear,pink,basketball,images/shoe_00278.jpg
shoe_00279,MotionX Runner Black 00279,footwear,black,runner,images/shoe_00279.jpg
shoe_00280,StreetFlex High-Top Orange 00280,footwear,orange,high-top,images/shoe_00280.jpg
shoe_00281,StreetFlex Casual Red 00281,footwear,red,casual,images/shoe_00281.jpg
shoe_00282,StrideLab Casual Green 00282,footwear,green,casual,images/shoe_00282.jpg
shoe_00283,TrailCore Trainer Black 00283,footwear,black,trainer,images/shoe_00283.jpg
shoe_00284,PeakWalk Trainer Pink 00284,footwear,pink,trainer,images/shoe_00284.jpg
shoe_00285,StrideLab Casual Gray 00285,footwear,gray,casual,images/shoe_00285.jpg
shoe_00286,StreetFlex Runner Green 00286,footwear,green,runner,images/shoe_00286.jpg
shoe_00287,StrideLab Casual Purple 00287,footwear,purple,casual,images/shoe_00287.jpg
shoe_00288,NovaFit Runner Purple 00288,footwear,purple,runner,images/shoe_00288.jpg
shoe_00289,ApexRun Trainer Brown 00289,footwear,brown,trainer,images/shoe_00289.jpg
shoe_00290,TrailCore High-Top Green 00290,footwear,green,high-top,images/shoe_00290.jpg
shoe_00291,MotionX Low-Top Gray 00291,footwear,gray,low-top,images/shoe_00291.jpg
shoe_00292,PeakWalk Casual Pink 00292,footwear,pink,casual,images/shoe_00292.jpg
shoe_00293,UrbanStep Trainer White 00293,footwear,white,trainer,images/shoe_00293.jpg
shoe_00294,TrailCore Low-Top Yellow 00294,footwear,yellow,low-top,images/shoe_00294.jpg
shoe_00295,PeakWalk Casual Gray 00295,footwear,gray,casual,images/shoe_00295.jpg
shoe_00296,PeakWalk Runner Black 00296,footwear,black,runner,images/shoe_00296.jpg
shoe_00297,UrbanStep Slip-On Pink 00297,footwear,pink,slip-on,images/shoe_00297.jpg
shoe_00298,PeakWalk Runner Black 00298,footwear,black,runner,images/shoe_00298.jpg
shoe_00299,NovaFit Slip-On Green 00299,footwear,green,slip-on,images/shoe_00299.jpg
shoe_00300,MotionX Trainer Yellow 00300,footwear,yellow,trainer,images/shoe_00300.jpg
shoe_00301,StrideLab Low-Top Black 00301,footwear,black,low-top,images/shoe_00301.jpg
shoe_00302,NovaFit High-Top Green 00302,footwear,green,high-top,images/shoe_00302.jpg
shoe_00303,UrbanStep High-Top Navy 00303,footwear,navy,high-top,images/shoe_00303.jpg
shoe_00304,NovaFit Slip-On Navy 00304,footwear,navy,slip-on,images/shoe_00304.jpg
shoe_00305,StreetFlex Basketball Blue 00305,footwear,blue,basketball,images/shoe_00305.jpg
shoe_00306,PeakWalk Slip-On Brown 00306,footwear,brown,slip-on,images/shoe_00306.jpg
shoe_00307,StreetFlex Trainer Green 00307,footwear,green,trainer,images/shoe_00307.jpg
shoe_00308,PeakWalk Trainer Yellow 00308,footwear,yellow,trainer,images/shoe_00308.jpg
shoe_00309,ApexRun Basketball Pink 00309,footwear,pink,basketball,images/shoe_00309.jpg
shoe_00310,ApexRun Low-Top Navy 00310,footwear,navy,low-top,images/shoe_00310.jpg
shoe_00311,ApexRun Trail Pink 00311,footwear,pink,trail,images/shoe_00311.jpg
shoe_00312,NovaFit Low-Top Black 00312,footwear,black,low-top,images/shoe_00312.jpg
shoe_00313,NovaFit Trail Gray 00313,footwear,gray,trail,images/shoe_00313.jpg
shoe_00314,StrideLab High-Top Gray 00314,footwear,gray,high-top,images/shoe_00314.jpg
shoe_00315,PeakWalk Runner Gray 00315,footwear,gray,runner,images/shoe_00315.jpg
shoe_00316,StreetFlex High-Top Brown 00316,footwear,brown,high-top,images/shoe_00316.jpg
shoe_00317,NovaFit Basketball Orange 00317,footwear,orange,basketball,images/shoe_00317.jpg
shoe_00318,StrideLab Runner Red 00318,footwear,red,runner,images/shoe_00318.jpg
shoe_00319,TrailCore Basketball Purple 00319,footwear,purple,basketball,images/shoe_00319.jpg
shoe_00320,TrailCore Runner Purple 00320,footwear,purple,runner,images/shoe_00320.jpg
shoe_00321,MotionX Runner Navy 00321,footwear,navy,runner,images/shoe_00321.jpg
shoe_00322,TrailCore Basketball Brown 00322,footwear,brown,basketball,images/shoe_00322.jpg
shoe_00323,TrailCore Slip-On White 00323,footwear,white,slip-on,images/shoe_00323.jpg
shoe_00324,StreetFlex Trail Blue 00324,footwear,blue,trail,images/shoe_00324.jpg
shoe_00325,PeakWalk Slip-On Black 00325,footwear,black,slip-on,images/shoe_00325.jpg
shoe_00326,ApexRun Trainer Navy 00326,footwear,navy,trainer,images/shoe_00326.jpg
shoe_00327,StrideLab Casual Blue 00327,footwear,blue,casual,images/shoe_00327.jpg
shoe_00328,UrbanStep Trail Green 00328,footwear,green,trail,images/shoe_00328.jpg
shoe_00329,UrbanStep Trainer Gray 00329,footwear,gray,trainer,images/shoe_00329.jpg
shoe_00330,StrideLab Low-Top White 00330,footwear,white,low-top,images/shoe_00330.jpg
shoe_00331,TrailCore Slip-On Red 00331,footwear,red,slip-on,images/shoe_00331.jpg
shoe_00332,TrailCore Slip-On Gray 00332,footwear,gray,slip-on,images/shoe_00332.jpg
shoe_00333,MotionX Runner Brown 00333,footwear,brown,runner,images/shoe_00333.jpg
shoe_00334,ApexRun Trail Brown 00334,footwear,brown,trail,images/shoe_00334.jpg
shoe_00335,StreetFlex Runner Orange 00335,footwear,orange,runner,images/shoe_00335.jpg
shoe_00336,MotionX Casual Orange 00336,footwear,orange,casual,images/shoe_00336.jpg
shoe_00337,PeakWalk Trail White 00337,footwear,white,trail,images/shoe_00337.jpg
shoe_00338,TrailCore Runner Yellow 00338,footwear,yellow,runner,images/shoe_00338.jpg
shoe_00339,NovaFit Slip-On Black 00339,footwear,black,slip-on,images/shoe_00339.jpg
shoe_00340,StreetFlex Trail Gray 00340,footwear,gray,trail,images/shoe_00340.jpg
shoe_00341,TrailCore Casual Black 00341,footwear,black,casual,images/shoe_00341.jpg
shoe_00342,ApexRun High-Top Yellow 00342,footwear,yellow,high-top,images/shoe_00342.jpg
shoe_00343,NovaFit Trainer Navy 00343,footwear,navy,trainer,images/shoe_00343.jpg
shoe_00344,TrailCore Trainer White 00344,footwear,white,trainer,images/shoe_00344.jpg
shoe_00345,MotionX Basketball Red 00345,footwear,red,basketball,images/shoe_00345.jpg
shoe_00346,ApexRun High-Top White 00346,footwear,white,high-top,images/shoe_00346.jpg
shoe_00347,ApexRun Casual Purple 00347,footwear,purple,casual,images/shoe_00347.jpg
shoe_00348,MotionX Basketball Pink 00348,footwear,pink,basketball,images/shoe_00348.jpg
shoe_00349,PeakWalk High-Top Blue 00349,footwear,blue,high-top,images/shoe_00349.jpg
shoe_00350,ApexRun Basketball Blue 00350,footwear,blue,basketball,images/shoe_00350.jpg
shoe_00351,StrideLab Trainer Yellow 00351,footwear,yellow,trainer,images/shoe_00351.jpg
shoe_00352,StrideLab Trail Pink 00352,footwear,pink,trail,images/shoe_00352.jpg
shoe_00353,StrideLab Trail Brown 00353,footwear,brown,trail,images/shoe_00353.jpg
shoe_00354,ApexRun Runner White 00354,footwear,white,runner,images/shoe_00354.jpg
shoe_00355,StrideLab Basketball Orange 00355,footwear,orange,basketball,images/shoe_00355.jpg
shoe_00356,PeakWalk Runner Red 00356,footwear,red,runner,images/shoe_00356.jpg
shoe_00357,NovaFit Slip-On Black 00357,footwear,black,slip-on,images/shoe_00357.jpg
shoe_00358,ApexRun High-Top White 00358,footwear,white,high-top,images/shoe_00358.jpg
shoe_00359,MotionX Runner Gray 00359,footwear,gray,runner,images/shoe_00359.jpg
shoe_00360,StrideLab Casual Orange 00360,footwear,orange,casual,images/shoe_00360.jpg
shoe_00361,TrailCore Casual Pink 00361,footwear,pink,casual,images/shoe_00361.jpg
shoe_00362,PeakWalk Runner Pink 00362,footwear,pink,runner,images/shoe_00362.jpg
shoe_00363,NovaFit Trail Orange 00363,footwear,orange,trail,images/shoe_00363.jpg
shoe_00364,StreetFlex High-Top Pink 00364,footwear,pink,high-top,images/shoe_00364.jpg
shoe_00365,PeakWalk Runner Brown 00365,footwear,brown,runner,images/shoe_00365.jpg
shoe_00366,TrailCore Basketball Gray 00366,footwear,gray,basketball,images/shoe_00366.jpg
shoe_00367,ApexRun High-Top White 00367,footwear,white,high-top,images/shoe_00367.jpg
shoe_00368,TrailCore High-Top Pink 00368,footwear,pink,high-top,images/shoe_00368.jpg
shoe_00369,MotionX Low-Top Pink 00369,footwear,pink,low-top,images/shoe_00369.jpg
shoe_00370,PeakWalk Casual Yellow 00370,footwear,yellow,casual,images/shoe_00370.jpg
shoe_00371,UrbanStep Trail Navy 00371,footwear,navy,trail,images/shoe_00371.jpg
shoe_00372,ApexRun Low-Top Blue 00372,footwear,blue,low-top,images/shoe_00372.jpg
shoe_00373,MotionX Low-Top Black 00373,footwear,black,low-top,images/shoe_00373.jpg
shoe_00374,StreetFlex Casual Pink 00374,footwear,pink,casual,images/shoe_00374.jpg
shoe_00375,UrbanStep Low-Top Green 00375,footwear,green,low-top,images/shoe_00375.jpg
shoe_00376,StreetFlex Slip-On Purple 00376,footwear,purple,slip-on,images/shoe_00376.jpg
shoe_00377,ApexRun Basketball Green 00377,footwear,green,basketball,images/shoe_00377.jpg
shoe_00378,ApexRun Low-Top Gray 00378,footwear,gray,low-top,images/shoe_00378.jpg
shoe_00379,NovaFit Runner Blue 00379,footwear,blue,runner,images/shoe_00379.jpg
shoe_00380,TrailCore Trainer Yellow 00380,footwear,yellow,trainer,images/shoe_00380.jpg
shoe_00381,StrideLab Trainer Brown 00381,footwear,brown,trainer,images/shoe_00381.jpg
shoe_00382,PeakWalk Trainer Yellow 00382,footwear,yellow,trainer,images/shoe_00382.jpg
shoe_00383,StreetFlex Trail Navy 00383,footwear,navy,trail,images/shoe_00383.jpg
shoe_00384,MotionX Basketball Pink 00384,footwear,pink,basketball,images/shoe_00384.jpg
shoe_00385,UrbanStep Basketball Orange 00385,footwear,orange,basketball,images/shoe_00385.jpg
shoe_00386,ApexRun Trail White 00386,footwear,white,trail,images/shoe_00386.jpg
shoe_00387,ApexRun Trainer Purple 00387,footwear,purple,trainer,images/shoe_00387.jpg
shoe_00388,TrailCore Trainer Brown 00388,footwear,brown,trainer,images/shoe_00388.jpg
shoe_00389,TrailCore Trainer Purple 00389,footwear,purple,trainer,images/shoe_00389.jpg
shoe_00390,NovaFit Basketball Purple 00390,footwear,purple,basketball,images/shoe_00390.jpg
shoe_00391,UrbanStep Casual Blue 00391,footwear,blue,casual,images/shoe_00391.jpg
shoe_00392,ApexRun Basketball Black 00392,footwear,black,basketball,images/shoe_00392.jpg
shoe_00393,ApexRun Basketball White 00393,footwear,white,basketball,images/shoe_00393.jpg
shoe_00394,UrbanStep High-Top Gray 00394,footwear,gray,high-top,images/shoe_00394.jpg
shoe_00395,TrailCore Trail Green 00395,footwear,green,trail,images/shoe_00395.jpg
shoe_00396,ApexRun Basketball Brown 00396,footwear,brown,basketball,images/shoe_00396.jpg
shoe_00397,TrailCore Trainer Black 00397,footwear,black,trainer,images/shoe_00397.jpg
shoe_00398,TrailCore Low-Top Green 00398,footwear,green,low-top,images/shoe_00398.jpg
shoe_00399,StreetFlex Low-Top Green 00399,footwear,green,low-top,images/shoe_00399.jpg
shoe_00400,UrbanStep Trainer Gray 00400,footwear,gray,trainer,images/shoe_00400.jpg
shoe_00401,UrbanStep Runner Blue 00401,footwear,blue,runner,images/shoe_00401.jpg
shoe_00402,ApexRun High-Top Green 00402,footwear,green,high-top,images/shoe_00402.jpg
shoe_00403,NovaFit Low-Top Brown 00403,footwear,brown,low-top,images/shoe_00403.jpg
shoe_00404,StreetFlex High-Top Brown 00404,footwear,brown,high-top,images/shoe_00404.jpg
shoe_00405,PeakWalk Slip-On Blue 00405,footwear,blue,slip-on,images/shoe_00405.jpg
shoe_00406,StreetFlex Basketball Blue 00406,footwear,blue,basketball,images/shoe_00406.jpg
shoe_00407,NovaFit Low-Top Brown 00407,footwear,brown,low-top,images/shoe_00407.jpg
shoe_00408,StrideLab High-Top Navy 00408,footwear,navy,high-top,images/shoe_00408.jpg
shoe_00409,TrailCore Low-Top Red 00409,footwear,red,low-top,images/shoe_00409.jpg
shoe_00410,StreetFlex Casual Blue 00410,footwear,blue,casual,images/shoe_00410.jpg
shoe_00411,TrailCore Casual Yellow 00411,footwear,yellow,casual,images/shoe_00411.jpg
shoe_00412,MotionX Trainer Black 00412,footwear,black,trainer,images/shoe_00412.jpg
shoe_00413,TrailCore Basketball Red 00413,footwear,red,basketball,images/shoe_00413.jpg
shoe_00414,UrbanStep Slip-On Black 00414,footwear,black,slip-on,images/shoe_00414.jpg
shoe_00415,TrailCore Trail Gray 00415,footwear,gray,trail,images/shoe_00415.jpg
shoe_00416,PeakWalk High-Top Navy 00416,footwear,navy,high-top,images/shoe_00416.jpg
shoe_00417,UrbanStep High-Top Brown 00417,footwear,brown,high-top,images/shoe_00417.jpg
shoe_00418,StreetFlex Casual Gray 00418,footwear,gray,casual,images/shoe_00418.jpg
shoe_00419,UrbanStep Trail Purple 00419,footwear,purple,trail,images/shoe_00419.jpg
shoe_00420,PeakWalk Basketball Yellow 00420,footwear,yellow,basketball,images/shoe_00420.jpg
shoe_00421,PeakWalk Trail Navy 00421,footwear,navy,trail,images/shoe_00421.jpg
shoe_00422,ApexRun Casual Green 00422,footwear,green,casual,images/shoe_00422.jpg
shoe_00423,TrailCore Trainer Blue 00423,footwear,blue,trainer,images/shoe_00423.jpg
shoe_00424,NovaFit Trainer Purple 00424,footwear,purple,trainer,images/shoe_00424.jpg
shoe_00425,NovaFit Slip-On Blue 00425,footwear,blue,slip-on,images/shoe_00425.jpg
shoe_00426,StreetFlex Low-Top Orange 00426,footwear,orange,low-top,images/shoe_00426.jpg
shoe_00427,UrbanStep High-Top Green 00427,footwear,green,high-top,images/shoe_00427.jpg
shoe_00428,PeakWalk Slip-On White 00428,footwear,white,slip-on,images/shoe_00428.jpg
shoe_00429,TrailCore Basketball Gray 00429,footwear,gray,basketball,images/shoe_00429.jpg
shoe_00430,PeakWalk Runner Pink 00430,footwear,pink,runner,images/shoe_00430.jpg
shoe_00431,NovaFit Basketball Gray 00431,footwear,gray,basketball,images/shoe_00431.jpg
shoe_00432,NovaFit Trail Purple 00432,footwear,purple,trail,images/shoe_00432.jpg
shoe_00433,PeakWalk Basketball Orange 00433,footwear,orange,basketball,images/shoe_00433.jpg
shoe_00434,NovaFit Slip-On Yellow 00434,footwear,yellow,slip-on,images/shoe_00434.jpg
shoe_00435,PeakWalk Low-Top Black 00435,footwear,black,low-top,images/shoe_00435.jpg
shoe_00436,StrideLab Slip-On Blue 00436,footwear,blue,slip-on,images/shoe_00436.jpg
shoe_00437,MotionX High-Top Yellow 00437,footwear,yellow,high-top,images/shoe_00437.jpg
shoe_00438,MotionX High-Top Gray 00438,footwear,gray,high-top,images/shoe_00438.jpg
shoe_00439,StrideLab High-Top Blue 00439,footwear,blue,high-top,images/shoe_00439.jpg
shoe_00440,ApexRun Basketball White 00440,footwear,white,basketball,images/shoe_00440.jpg
shoe_00441,StreetFlex Trainer Gray 00441,footwear,gray,trainer,images/shoe_00441.jpg
shoe_00442,MotionX Basketball Blue 00442,footwear,blue,basketball,images/shoe_00442.jpg
shoe_00443,TrailCore Slip-On Green 00443,footwear,green,slip-on,images/shoe_00443.jpg
shoe_00444,MotionX Low-Top Navy 00444,footwear,navy,low-top,images/shoe_00444.jpg
shoe_00445,MotionX Slip-On Black 00445,footwear,black,slip-on,images/shoe_00445.jpg
shoe_00446,NovaFit Casual Yellow 00446,footwear,yellow,casual,images/shoe_00446.jpg
shoe_00447,PeakWalk Runner Pink 00447,footwear,pink,runner,images/shoe_00447.jpg
shoe_00448,NovaFit Low-Top Brown 00448,footwear,brown,low-top,images/shoe_00448.jpg
shoe_00449,TrailCore Trainer Blue 00449,footwear,blue,trainer,images/shoe_00449.jpg
shoe_00450,PeakWalk Trainer Purple 00450,footwear,purple,trainer,images/shoe_00450.jpg
shoe_00451,StreetFlex Trail Navy 00451,footwear,navy,trail,images/shoe_00451.jpg
shoe_00452,TrailCore Basketball White 00452,footwear,white,basketball,images/shoe_00452.jpg
shoe_00453,TrailCore Casual Orange 00453,footwear,orange,casual,images/shoe_00453.jpg
shoe_00454,ApexRun Trail Purple 00454,footwear,purple,trail,images/shoe_00454.jpg
shoe_00455,UrbanStep Low-Top Yellow 00455,footwear,yellow,low-top,images/shoe_00455.jpg
shoe_00456,PeakWalk Runner Green 00456,footwear,green,runner,images/shoe_00456.jpg
shoe_00457,StreetFlex Basketball Brown 00457,footwear,brown,basketball,images/shoe_00457.jpg
shoe_00458,NovaFit Casual Blue 00458,footwear,blue,casual,images/shoe_00458.jpg
shoe_00459,MotionX Casual Brown 00459,footwear,brown,casual,images/shoe_00459.jpg
shoe_00460,ApexRun Runner Yellow 00460,footwear,yellow,runner,images/shoe_00460.jpg
shoe_00461,StreetFlex Low-Top Red 00461,footwear,red,low-top,images/shoe_00461.jpg
shoe_00462,NovaFit Casual Pink 00462,footwear,pink,casual,images/shoe_00462.jpg
shoe_00463,StrideLab Casual Blue 00463,footwear,blue,casual,images/shoe_00463.jpg
shoe_00464,TrailCore Casual Gray 00464,footwear,gray,casual,images/shoe_00464.jpg
shoe_00465,StreetFlex High-Top Purple 00465,footwear,purple,high-top,images/shoe_00465.jpg
shoe_00466,MotionX Trail Pink 00466,footwear,pink,trail,images/shoe_00466.jpg
shoe_00467,StrideLab Low-Top White 00467,footwear,white,low-top,images/shoe_00467.jpg
shoe_00468,ApexRun Low-Top Brown 00468,footwear,brown,low-top,images/shoe_00468.jpg
shoe_00469,ApexRun Trail Navy 00469,footwear,navy,trail,images/shoe_00469.jpg
shoe_00470,StrideLab Trainer Red 00470,footwear,red,trainer,images/shoe_00470.jpg
shoe_00471,TrailCore Slip-On Orange 00471,footwear,orange,slip-on,images/shoe_00471.jpg
shoe_00472,StrideLab Slip-On Blue 00472,footwear,blue,slip-on,images/shoe_00472.jpg
shoe_00473,StreetFlex Runner Purple 00473,footwear,purple,runner,images/shoe_00473.jpg
shoe_00474,UrbanStep Runner Gray 00474,footwear,gray,runner,images/shoe_00474.jpg
shoe_00475,NovaFit Casual Yellow 00475,footwear,yellow,casual,images/shoe_00475.jpg
shoe_00476,UrbanStep High-Top Red 00476,footwear,red,high-top,images/shoe_00476.jpg
shoe_00477,PeakWalk Casual Gray 00477,footwear,gray,casual,images/shoe_00477.jpg
shoe_00478,NovaFit High-Top Navy 00478,footwear,navy,high-top,images/shoe_00478.jpg
shoe_00479,TrailCore Low-Top Blue 00479,footwear,blue,low-top,images/shoe_00479.jpg
shoe_00480,PeakWalk Casual Green 00480,footwear,green,casual,images/shoe_00480.jpg
shoe_00481,TrailCore Slip-On Red 00481,footwear,red,slip-on,images/shoe_00481.jpg
shoe_00482,MotionX Trail Gray 00482,footwear,gray,trail,images/shoe_00482.jpg
shoe_00483,UrbanStep Runner Blue 00483,footwear,blue,runner,images/shoe_00483.jpg
shoe_00484,NovaFit High-Top Purple 00484,footwear,purple,high-top,images/shoe_00484.jpg
shoe_00485,StreetFlex Trainer Pink 00485,footwear,pink,trainer,images/shoe_00485.jpg
shoe_00486,PeakWalk Trail Pink 00486,footwear,pink,trail,images/shoe_00486.jpg
shoe_00487,StrideLab Runner Purple 00487,footwear,purple,runner,images/shoe_00487.jpg
shoe_00488,StreetFlex Trail Green 00488,footwear,green,trail,images/shoe_00488.jpg
shoe_00489,NovaFit Slip-On Navy 00489,footwear,navy,slip-on,images/shoe_00489.jpg
shoe_00490,NovaFit Low-Top Pink 00490,footwear,pink,low-top,images/shoe_00490.jpg
shoe_00491,NovaFit Low-Top Blue 00491,footwear,blue,low-top,images/shoe_00491.jpg
shoe_00492,UrbanStep Casual Purple 00492,footwear,purple,casual,images/shoe_00492.jpg
shoe_00493,NovaFit High-Top Navy 00493,footwear,navy,high-top,images/shoe_00493.jpg
shoe_00494,TrailCore Runner Navy 00494,footwear,navy,runner,images/shoe_00494.jpg
shoe_00495,MotionX Slip-On Red 00495,footwear,red,slip-on,images/shoe_00495.jpg
shoe_00496,TrailCore High-Top Brown 00496,footwear,brown,high-top,images/shoe_00496.jpg
shoe_00497,StrideLab Casual Purple 00497,footwear,purple,casual,images/shoe_00497.jpg
shoe_00498,StrideLab High-Top Yellow 00498,footwear,yellow,high-top,images/shoe_00498.jpg
shoe_00499,NovaFit Basketball Gray 00499,footwear,gray,basketball,images/shoe_00499.jpg
shoe_00500,MotionX Low-Top Purple 00500,footwear,purple,low-top,images/shoe_00500.jpg
shoe_00501,PeakWalk Runner Blue 00501,footwear,blue,runner,images/shoe_00501.jpg
shoe_00502,PeakWalk High-Top Black 00502,footwear,black,high-top,images/shoe_00502.jpg
shoe_00503,NovaFit Basketball Orange 00503,footwear,orange,basketball,images/shoe_00503.jpg
shoe_00504,ApexRun Casual Blue 00504,footwear,blue,casual,images/shoe_00504.jpg
shoe_00505,StrideLab Slip-On Black 00505,footwear,black,slip-on,images/shoe_00505.jpg
shoe_00506,StreetFlex Low-Top Navy 00506,footwear,navy,low-top,images/shoe_00506.jpg
shoe_00507,PeakWalk Trail Brown 00507,footwear,brown,trail,images/shoe_00507.jpg
shoe_00508,StrideLab High-Top Purple 00508,footwear,purple,high-top,images/shoe_00508.jpg
shoe_00509,PeakWalk Trainer Gray 00509,footwear,gray,trainer,images/shoe_00509.jpg
shoe_00510,MotionX Trail Red 00510,footwear,red,trail,images/shoe_00510.jpg
shoe_00511,ApexRun Low-Top Red 00511,footwear,red,low-top,images/shoe_00511.jpg
shoe_00512,UrbanStep High-Top Pink 00512,footwear,pink,high-top,images/shoe_00512.jpg
shoe_00513,NovaFit High-Top Green 00513,footwear,green,high-top,images/shoe_00513.jpg
shoe_00514,ApexRun High-Top Red 00514,footwear,red,high-top,images/shoe_00514.jpg
shoe_00515,UrbanStep Slip-On Brown 00515,footwear,brown,slip-on,images/shoe_00515.jpg
shoe_00516,UrbanStep Basketball Purple 00516,footwear,purple,basketball,images/shoe_00516.jpg
shoe_00517,TrailCore Runner Blue 00517,footwear,blue,runner,images/shoe_00517.jpg
shoe_00518,StrideLab Runner Purple 00518,footwear,purple,runner,images/shoe_00518.jpg
shoe_00519,PeakWalk Slip-On Orange 00519,footwear,orange,slip-on,images/shoe_00519.jpg
shoe_00520,ApexRun Runner Black 00520,footwear,black,runner,images/shoe_00520.jpg
shoe_00521,TrailCore Trainer Orange 00521,footwear,orange,trainer,images/shoe_00521.jpg
shoe_00522,TrailCore Trainer Yellow 00522,footwear,yellow,trainer,images/shoe_00522.jpg
shoe_00523,NovaFit Runner White 00523,footwear,white,runner,images/shoe_00523.jpg
shoe_00524,StreetFlex Runner Black 00524,footwear,black,runner,images/shoe_00524.jpg
shoe_00525,TrailCore High-Top Blue 00525,footwear,blue,high-top,images/shoe_00525.jpg
shoe_00526,UrbanStep Low-Top White 00526,footwear,white,low-top,images/shoe_00526.jpg
shoe_00527,StrideLab Casual Black 00527,footwear,black,casual,images/shoe_00527.jpg
shoe_00528,TrailCore Basketball Yellow 00528,footwear,yellow,basketball,images/shoe_00528.jpg
shoe_00529,NovaFit Trainer Pink 00529,footwear,pink,trainer,images/shoe_00529.jpg
shoe_00530,TrailCore High-Top Orange 00530,footwear,orange,high-top,images/shoe_00530.jpg
shoe_00531,StreetFlex High-Top Blue 00531,footwear,blue,high-top,images/shoe_00531.jpg
shoe_00532,ApexRun Low-Top Yellow 00532,footwear,yellow,low-top,images/shoe_00532.jpg
shoe_00533,ApexRun Basketball Orange 00533,footwear,orange,basketball,images/shoe_00533.jpg
shoe_00534,PeakWalk Trainer Orange 00534,footwear,orange,trainer,images/shoe_00534.jpg
shoe_00535,MotionX High-Top Blue 00535,footwear,blue,high-top,images/shoe_00535.jpg
shoe_00536,ApexRun Basketball Brown 00536,footwear,brown,basketball,images/shoe_00536.jpg
shoe_00537,NovaFit Trainer White 00537,footwear,white,trainer,images/shoe_00537.jpg
shoe_00538,StrideLab Trail Green 00538,footwear,green,trail,images/shoe_00538.jpg
shoe_00539,MotionX Low-Top Navy 00539,footwear,navy,low-top,images/shoe_00539.jpg
shoe_00540,NovaFit Basketball White 00540,footwear,white,basketball,images/shoe_00540.jpg
shoe_00541,StreetFlex Low-Top Brown 00541,footwear,brown,low-top,images/shoe_00541.jpg
shoe_00542,PeakWalk Basketball Red 00542,footwear,red,basketball,images/shoe_00542.jpg
shoe_00543,ApexRun Basketball White 00543,footwear,white,basketball,images/shoe_00543.jpg
shoe_00544,NovaFit Trail Pink 00544,footwear,pink,trail,images/shoe_00544.jpg
shoe_00545,ApexRun Trainer Gray 00545,footwear,gray,trainer,images/shoe_00545.jpg
shoe_00546,StrideLab Runner Blue 00546,footwear,blue,runner,images/shoe_00546.jpg
shoe_00547,NovaFit Trainer Green 00547,footwear,green,trainer,images/shoe_00547.jpg
shoe_00548,ApexRun High-Top Blue 00548,footwear,blue,high-top,images/shoe_00548.jpg
shoe_00549,PeakWalk Basketball Red 00549,footwear,red,basketball,images/shoe_00549.jpg
shoe_00550,UrbanStep Trainer Green 00550,footwear,green,trainer,images/shoe_00550.jpg
shoe_00551,ApexRun Trainer Orange 00551,footwear,orange,trainer,images/shoe_00551.jpg
shoe_00552,StreetFlex Trail Blue 00552,footwear,blue,trail,images/shoe_00552.jpg
shoe_00553,StreetFlex Slip-On Red 00553,footwear,red,slip-on,images/shoe_00553.jpg
shoe_00554,NovaFit Runner Brown 00554,footwear,brown,runner,images/shoe_00554.jpg
shoe_00555,ApexRun Slip-On Brown 00555,footwear,brown,slip-on,images/shoe_00555.jpg
shoe_00556,StreetFlex Basketball Blue 00556,footwear,blue,basketball,images/shoe_00556.jpg
shoe_00557,ApexRun Trainer Blue 00557,footwear,blue,trainer,images/shoe_00557.jpg
shoe_00558,TrailCore Trainer Brown 00558,footwear,brown,trainer,images/shoe_00558.jpg
shoe_00559,StreetFlex Casual Pink 00559,footwear,pink,casual,images/shoe_00559.jpg
shoe_00560,ApexRun Trail Red 00560,footwear,red,trail,images/shoe_00560.jpg
shoe_00561,StrideLab Trail White 00561,footwear,white,trail,images/shoe_00561.jpg
shoe_00562,UrbanStep Runner Blue 00562,footwear,blue,runner,images/shoe_00562.jpg
shoe_00563,StrideLab Low-Top Blue 00563,footwear,blue,low-top,images/shoe_00563.jpg
shoe_00564,TrailCore Trainer Red 00564,footwear,red,trainer,images/shoe_00564.jpg
shoe_00565,NovaFit High-Top Gray 00565,footwear,gray,high-top,images/shoe_00565.jpg
shoe_00566,MotionX Trail Navy 00566,footwear,navy,trail,images/shoe_00566.jpg
shoe_00567,TrailCore Trainer Red 00567,footwear,red,trainer,images/shoe_00567.jpg
shoe_00568,TrailCore Low-Top Orange 00568,footwear,orange,low-top,images/shoe_00568.jpg
shoe_00569,PeakWalk Slip-On Green 00569,footwear,green,slip-on,images/shoe_00569.jpg
shoe_00570,MotionX Trainer Brown 00570,footwear,brown,trainer,images/shoe_00570.jpg
shoe_00571,StreetFlex High-Top Purple 00571,footwear,purple,high-top,images/shoe_00571.jpg
shoe_00572,UrbanStep Casual Orange 00572,footwear,orange,casual,images/shoe_00572.jpg
shoe_00573,NovaFit Trail Purple 00573,footwear,purple,trail,images/shoe_00573.jpg
shoe_00574,UrbanStep Casual Gray 00574,footwear,gray,casual,images/shoe_00574.jpg
shoe_00575,NovaFit Runner Purple 00575,footwear,purple,runner,images/shoe_00575.jpg
shoe_00576,MotionX High-Top Orange 00576,footwear,orange,high-top,images/shoe_00576.jpg
shoe_00577,UrbanStep Low-Top Pink 00577,footwear,pink,low-top,images/shoe_00577.jpg
shoe_00578,PeakWalk Casual Green 00578,footwear,green,casual,images/shoe_00578.jpg
shoe_00579,MotionX Trail Green 00579,footwear,green,trail,images/shoe_00579.jpg
shoe_00580,StrideLab Trail Orange 00580,footwear,orange,trail,images/shoe_00580.jpg
shoe_00581,PeakWalk Low-Top Yellow 00581,footwear,yellow,low-top,images/shoe_00581.jpg
shoe_00582,TrailCore Low-Top Blue 00582,footwear,blue,low-top,images/shoe_00582.jpg
shoe_00583,StreetFlex Runner Black 00583,footwear,black,runner,images/shoe_00583.jpg
shoe_00584,NovaFit Casual Purple 00584,footwear,purple,casual,images/shoe_00584.jpg
shoe_00585,NovaFit Basketball Orange 00585,footwear,orange,basketball,images/shoe_00585.jpg
shoe_00586,StrideLab Slip-On Purple 00586,footwear,purple,slip-on,images/shoe_00586.jpg
shoe_00587,StrideLab Runner Orange 00587,footwear,orange,runner,images/shoe_00587.jpg
shoe_00588,TrailCore Low-Top Orange 00588,footwear,orange,low-top,images/shoe_00588.jpg
shoe_00589,StreetFlex Slip-On Orange 00589,footwear,orange,slip-on,images/shoe_00589.jpg
shoe_00590,StreetFlex Trail Gray 00590,footwear,gray,trail,images/shoe_00590.jpg
shoe_00591,NovaFit Runner Navy 00591,footwear,navy,runner,images/shoe_00591.jpg
shoe_00592,TrailCore Trainer Orange 00592,footwear,orange,trainer,images/shoe_00592.jpg
shoe_00593,StreetFlex Runner Purple 00593,footwear,purple,runner,images/shoe_00593.jpg
shoe_00594,UrbanStep Runner Brown 00594,footwear,brown,runner,images/shoe_00594.jpg
shoe_00595,UrbanStep Trail Green 00595,footwear,green,trail,images/shoe_00595.jpg
shoe_00596,UrbanStep Trainer Green 00596,footwear,green,trainer,images/shoe_00596.jpg
shoe_00597,StrideLab High-Top Black 00597,footwear,black,high-top,images/shoe_00597.jpg
shoe_00598,NovaFit Casual Brown 00598,footwear,brown,casual,images/shoe_00598.jpg
shoe_00599,TrailCore High-Top Navy 00599,footwear,navy,high-top,images/shoe_00599.jpg
shoe_00600,NovaFit Low-Top Orange 00600,footwear,orange,low-top,images/shoe_00600.jpg
shoe_00601,NovaFit Slip-On Green 00601,footwear,green,slip-on,images/shoe_00601.jpg
shoe_00602,NovaFit Slip-On Pink 00602,footwear,pink,slip-on,images/shoe_00602.jpg
shoe_00603,StrideLab High-Top Navy 00603,footwear,navy,high-top,images/shoe_00603.jpg
shoe_00604,UrbanStep Basketball Brown 00604,footwear,brown,basketball,images/shoe_00604.jpg
shoe_00605,NovaFit Trainer Green 00605,footwear,green,trainer,images/shoe_00605.jpg
shoe_00606,ApexRun Slip-On Navy 00606,footwear,navy,slip-on,images/shoe_00606.jpg
shoe_00607,ApexRun Trail Red 00607,footwear,red,trail,images/shoe_00607.jpg
shoe_00608,NovaFit High-Top White 00608,footwear,white,high-top,images/shoe_00608.jpg
shoe_00609,MotionX Casual Gray 00609,footwear,gray,casual,images/shoe_00609.jpg
shoe_00610,UrbanStep Casual Navy 00610,footwear,navy,casual,images/shoe_00610.jpg
shoe_00611,UrbanStep Basketball Red 00611,footwear,red,basketball,images/shoe_00611.jpg
shoe_00612,TrailCore Low-Top Navy 00612,footwear,navy,low-top,images/shoe_00612.jpg
shoe_00613,StrideLab Low-Top Purple 00613,footwear,purple,low-top,images/shoe_00613.jpg
shoe_00614,UrbanStep Trainer Purple 00614,footwear,purple,trainer,images/shoe_00614.jpg
shoe_00615,UrbanStep Runner Blue 00615,footwear,blue,runner,images/shoe_00615.jpg
shoe_00616,NovaFit Slip-On Blue 00616,footwear,blue,slip-on,images/shoe_00616.jpg
shoe_00617,UrbanStep High-Top Purple 00617,footwear,purple,high-top,images/shoe_00617.jpg
shoe_00618,StrideLab Slip-On White 00618,footwear,white,slip-on,images/shoe_00618.jpg
shoe_00619,MotionX High-Top Orange 00619,footwear,orange,high-top,images/shoe_00619.jpg
shoe_00620,ApexRun Basketball White 00620,footwear,white,basketball,images/shoe_00620.jpg
shoe_00621,PeakWalk Trainer Pink 00621,footwear,pink,trainer,images/shoe_00621.jpg
shoe_00622,ApexRun High-Top Purple 00622,footwear,purple,high-top,images/shoe_00622.jpg
shoe_00623,ApexRun Slip-On Black 00623,footwear,black,slip-on,images/shoe_00623.jpg
shoe_00624,StrideLab Runner Brown 00624,footwear,brown,runner,images/shoe_00624.jpg
shoe_00625,NovaFit Runner Blue 00625,footwear,blue,runner,images/shoe_00625.jpg
shoe_00626,PeakWalk Slip-On Pink 00626,footwear,pink,slip-on,images/shoe_00626.jpg
shoe_00627,NovaFit Basketball Purple 00627,footwear,purple,basketball,images/shoe_00627.jpg
shoe_00628,StreetFlex Basketball Yellow 00628,footwear,yellow,basketball,images/shoe_00628.jpg
shoe_00629,StreetFlex Trainer Yellow 00629,footwear,yellow,trainer,images/shoe_00629.jpg
shoe_00630,NovaFit Casual Brown 00630,footwear,brown,casual,images/shoe_00630.jpg
shoe_00631,StreetFlex Runner Pink 00631,footwear,pink,runner,images/shoe_00631.jpg
shoe_00632,ApexRun High-Top Yellow 00632,footwear,yellow,high-top,images/shoe_00632.jpg
shoe_00633,UrbanStep Casual Purple 00633,footwear,purple,casual,images/shoe_00633.jpg
shoe_00634,MotionX High-Top Black 00634,footwear,black,high-top,images/shoe_00634.jpg
shoe_00635,StreetFlex Trainer Navy 00635,footwear,navy,trainer,images/shoe_00635.jpg
shoe_00636,NovaFit Trail Purple 00636,footwear,purple,trail,images/shoe_00636.jpg
shoe_00637,ApexRun Trainer Brown 00637,footwear,brown,trainer,images/shoe_00637.jpg
shoe_00638,ApexRun Basketball Brown 00638,footwear,brown,basketball,images/shoe_00638.jpg
shoe_00639,ApexRun Basketball Brown 00639,footwear,brown,basketball,images/shoe_00639.jpg
shoe_00640,PeakWalk Basketball Navy 00640,footwear,navy,basketball,images/shoe_00640.jpg
shoe_00641,NovaFit Trail Blue 00641,footwear,blue,trail,images/shoe_00641.jpg
shoe_00642,StreetFlex High-Top Navy 00642,footwear,navy,high-top,images/shoe_00642.jpg
shoe_00643,StrideLab Trail Orange 00643,footwear,orange,trail,images/shoe_00643.jpg
shoe_00644,MotionX Casual Navy 00644,footwear,navy,casual,images/shoe_00644.jpg
shoe_00645,UrbanStep Trainer Pink 00645,footwear,pink,trainer,images/shoe_00645.jpg
shoe_00646,UrbanStep Runner Gray 00646,footwear,gray,runner,images/shoe_00646.jpg
shoe_00647,MotionX High-Top Purple 00647,footwear,purple,high-top,images/shoe_00647.jpg
shoe_00648,UrbanStep Trail Brown 00648,footwear,brown,trail,images/shoe_00648.jpg
shoe_00649,PeakWalk High-Top Purple 00649,footwear,purple,high-top,images/shoe_00649.jpg
shoe_00650,TrailCore Trainer Brown 00650,footwear,brown,trainer,images/shoe_00650.jpg
shoe_00651,StrideLab Low-Top Blue 00651,footwear,blue,low-top,images/shoe_00651.jpg
shoe_00652,ApexRun Casual White 00652,footwear,white,casual,images/shoe_00652.jpg
shoe_00653,NovaFit Basketball Red 00653,footwear,red,basketball,images/shoe_00653.jpg
shoe_00654,MotionX Trainer Green 00654,footwear,green,trainer,images/shoe_00654.jpg
shoe_00655,StrideLab Trail Brown 00655,footwear,brown,trail,images/shoe_00655.jpg
shoe_00656,PeakWalk Low-Top Brown 00656,footwear,brown,low-top,images/shoe_00656.jpg
shoe_00657,TrailCore Basketball White 00657,footwear,white,basketball,images/shoe_00657.jpg
shoe_00658,StreetFlex High-Top Pink 00658,footwear,pink,high-top,images/shoe_00658.jpg
shoe_00659,NovaFit Casual Orange 00659,footwear,orange,casual,images/shoe_00659.jpg
shoe_00660,MotionX Trainer Blue 00660,footwear,blue,trainer,images/shoe_00660.jpg
shoe_00661,StrideLab Slip-On White 00661,footwear,white,slip-on,images/shoe_00661.jpg
shoe_00662,StreetFlex High-Top White 00662,footwear,white,high-top,images/shoe_00662.jpg
shoe_00663,StrideLab Trainer Navy 00663,footwear,navy,trainer,images/shoe_00663.jpg
shoe_00664,UrbanStep Basketball Pink 00664,footwear,pink,basketball,images/shoe_00664.jpg
shoe_00665,ApexRun Casual Yellow 00665,footwear,yellow,casual,images/shoe_00665.jpg
shoe_00666,TrailCore Runner Green 00666,footwear,green,runner,images/shoe_00666.jpg
shoe_00667,StreetFlex Casual Orange 00667,footwear,orange,casual,images/shoe_00667.jpg
shoe_00668,TrailCore Low-Top Yellow 00668,footwear,yellow,low-top,images/shoe_00668.jpg
shoe_00669,ApexRun Casual White 00669,footwear,white,casual,images/shoe_00669.jpg
shoe_00670,StreetFlex Trail Gray 00670,footwear,gray,trail,images/shoe_00670.jpg
shoe_00671,TrailCore Slip-On Red 00671,footwear,red,slip-on,images/shoe_00671.jpg
shoe_00672,UrbanStep Trail Purple 00672,footwear,purple,trail,images/shoe_00672.jpg
shoe_00673,UrbanStep Slip-On Pink 00673,footwear,pink,slip-on,images/shoe_00673.jpg
shoe_00674,StreetFlex Runner Navy 00674,footwear,navy,runner,images/shoe_00674.jpg
shoe_00675,MotionX High-Top Green 00675,footwear,green,high-top,images/shoe_00675.jpg
shoe_00676,TrailCore Trail Navy 00676,footwear,navy,trail,images/shoe_00676.jpg
shoe_00677,NovaFit Slip-On Purple 00677,footwear,purple,slip-on,images/shoe_00677.jpg
shoe_00678,UrbanStep Basketball Black 00678,footwear,black,basketball,images/shoe_00678.jpg
shoe_00679,TrailCore Trainer Navy 00679,footwear,navy,trainer,images/shoe_00679.jpg
shoe_00680,UrbanStep Runner Navy 00680,footwear,navy,runner,images/shoe_00680.jpg
shoe_00681,MotionX Casual Purple 00681,footwear,purple,casual,images/shoe_00681.jpg
shoe_00682,ApexRun Low-Top Brown 00682,footwear,brown,low-top,images/shoe_00682.jpg
shoe_00683,StreetFlex Casual Gray 00683,footwear,gray,casual,images/shoe_00683.jpg
shoe_00684,StreetFlex Trail Orange 00684,footwear,orange,trail,images/shoe_00684.jpg
shoe_00685,StrideLab Casual Orange 00685,footwear,orange,casual,images/shoe_00685.jpg
shoe_00686,MotionX Slip-On Gray 00686,footwear,gray,slip-on,images/shoe_00686.jpg
shoe_00687,NovaFit Trainer Navy 00687,footwear,navy,trainer,images/shoe_00687.jpg
shoe_00688,StreetFlex Low-Top White 00688,footwear,white,low-top,images/shoe_00688.jpg
shoe_00689,MotionX Runner Pink 00689,footwear,pink,runner,images/shoe_00689.jpg
shoe_00690,UrbanStep Low-Top Purple 00690,footwear,purple,low-top,images/shoe_00690.jpg
shoe_00691,MotionX Trail Purple 00691,footwear,purple,trail,images/shoe_00691.jpg
shoe_00692,TrailCore Trainer Red 00692,footwear,red,trainer,images/shoe_00692.jpg
shoe_00693,ApexRun Trainer Navy 00693,footwear,navy,trainer,images/shoe_00693.jpg
shoe_00694,UrbanStep High-Top Yellow 00694,footwear,yellow,high-top,images/shoe_00694.jpg
shoe_00695,UrbanStep Casual Orange 00695,footwear,orange,casual,images/shoe_00695.jpg
shoe_00696,StreetFlex High-Top Black 00696,footwear,black,high-top,images/shoe_00696.jpg
shoe_00697,ApexRun Low-Top Purple 00697,footwear,purple,low-top,images/shoe_00697.jpg
shoe_00698,NovaFit Basketball White 00698,footwear,white,basketball,images/shoe_00698.jpg
shoe_00699,TrailCore Casual Red 00699,footwear,red,casual,images/shoe_00699.jpg
shoe_00700,TrailCore High-Top Black 00700,footwear,black,high-top,images/shoe_00700.jpg
shoe_00701,MotionX Trail Orange 00701,footwear,orange,trail,images/shoe_00701.jpg
shoe_00702,NovaFit Low-Top Navy 00702,footwear,navy,low-top,images/shoe_00702.jpg
shoe_00703,PeakWalk High-Top Navy 00703,footwear,navy,high-top,images/shoe_00703.jpg
shoe_00704,MotionX Casual Brown 00704,footwear,brown,casual,images/shoe_00704.jpg
shoe_00705,StreetFlex Trail Brown 00705,footwear,brown,trail,images/shoe_00705.jpg
shoe_00706,StrideLab High-Top Black 00706,footwear,black,high-top,images/shoe_00706.jpg
shoe_00707,PeakWalk High-Top White 00707,footwear,white,high-top,images/shoe_00707.jpg
shoe_00708,ApexRun Trainer Brown 00708,footwear,brown,trainer,images/shoe_00708.jpg
shoe_00709,MotionX Trail Pink 00709,footwear,pink,trail,images/shoe_00709.jpg
shoe_00710,UrbanStep High-Top Navy 00710,footwear,navy,high-top,images/shoe_00710.jpg
shoe_00711,NovaFit Trail Orange 00711,footwear,orange,trail,images/shoe_00711.jpg
shoe_00712,StrideLab Low-Top Green 00712,footwear,green,low-top,images/shoe_00712.jpg
shoe_00713,UrbanStep High-Top Yellow 00713,footwear,yellow,high-top,images/shoe_00713.jpg
shoe_00714,NovaFit Runner Orange 00714,footwear,orange,runner,images/shoe_00714.jpg
shoe_00715,StrideLab Trail Gray 00715,footwear,gray,trail,images/shoe_00715.jpg
shoe_00716,TrailCore High-Top Gray 00716,footwear,gray,high-top,images/shoe_00716.jpg
shoe_00717,UrbanStep High-Top Brown 00717,footwear,brown,high-top,images/shoe_00717.jpg
shoe_00718,ApexRun Low-Top Pink 00718,footwear,pink,low-top,images/shoe_00718.jpg
shoe_00719,StreetFlex Trail Gray 00719,footwear,gray,trail,images/shoe_00719.jpg
shoe_00720,UrbanStep Runner White 00720,footwear,white,runner,images/shoe_00720.jpg
shoe_00721,UrbanStep Trainer Pink 00721,footwear,pink,trainer,images/shoe_00721.jpg
shoe_00722,ApexRun Slip-On White 00722,footwear,white,slip-on,images/shoe_00722.jpg
shoe_00723,MotionX High-Top White 00723,footwear,white,high-top,images/shoe_00723.jpg
shoe_00724,NovaFit Low-Top Yellow 00724,footwear,yellow,low-top,images/shoe_00724.jpg
shoe_00725,TrailCore Runner Brown 00725,footwear,brown,runner,images/shoe_00725.jpg
shoe_00726,MotionX Runner Green 00726,footwear,green,runner,images/shoe_00726.jpg
shoe_00727,UrbanStep Trail Brown 00727,footwear,brown,trail,images/shoe_00727.jpg
shoe_00728,StreetFlex Trail Pink 00728,footwear,pink,trail,images/shoe_00728.jpg
shoe_00729,TrailCore Basketball Gray 00729,footwear,gray,basketball,images/shoe_00729.jpg
shoe_00730,ApexRun High-Top Navy 00730,footwear,navy,high-top,images/shoe_00730.jpg
shoe_00731,TrailCore Runner Blue 00731,footwear,blue,runner,images/shoe_00731.jpg
shoe_00732,TrailCore Slip-On Red 00732,footwear,red,slip-on,images/shoe_00732.jpg
shoe_00733,StreetFlex Trainer Red 00733,footwear,red,trainer,images/shoe_00733.jpg
shoe_00734,NovaFit Low-Top Green 00734,footwear,green,low-top,images/shoe_00734.jpg
shoe_00735,MotionX Slip-On White 00735,footwear,white,slip-on,images/shoe_00735.jpg
shoe_00736,NovaFit Low-Top Orange 00736,footwear,orange,low-top,images/shoe_00736.jpg
shoe_00737,MotionX High-Top Purple 00737,footwear,purple,high-top,images/shoe_00737.jpg
shoe_00738,UrbanStep Casual Brown 00738,footwear,brown,casual,images/shoe_00738.jpg
shoe_00739,StrideLab Trainer Gray 00739,footwear,gray,trainer,images/shoe_00739.jpg
shoe_00740,TrailCore Slip-On Brown 00740,footwear,brown,slip-on,images/shoe_00740.jpg
shoe_00741,UrbanStep Basketball Navy 00741,footwear,navy,basketball,images/shoe_00741.jpg
shoe_00742,StreetFlex Low-Top Orange 00742,footwear,orange,low-top,images/shoe_00742.jpg
shoe_00743,ApexRun Casual Orange 00743,footwear,orange,casual,images/shoe_00743.jpg
shoe_00744,StrideLab Trainer Pink 00744,footwear,pink,trainer,images/shoe_00744.jpg
shoe_00745,StrideLab High-Top Green 00745,footwear,green,high-top,images/shoe_00745.jpg
shoe_00746,StrideLab Casual Brown 00746,footwear,brown,casual,images/shoe_00746.jpg
shoe_00747,StreetFlex High-Top Yellow 00747,footwear,yellow,high-top,images/shoe_00747.jpg
shoe_00748,UrbanStep Slip-On Yellow 00748,footwear,yellow,slip-on,images/shoe_00748.jpg
shoe_00749,ApexRun Slip-On Blue 00749,footwear,blue,slip-on,images/shoe_00749.jpg
shoe_00750,TrailCore Casual White 00750,footwear,white,casual,images/shoe_00750.jpg
shoe_00751,StrideLab High-Top Orange 00751,footwear,orange,high-top,images/shoe_00751.jpg
shoe_00752,PeakWalk Slip-On Red 00752,footwear,red,slip-on,images/shoe_00752.jpg
shoe_00753,MotionX Basketball White 00753,footwear,white,basketball,images/shoe_00753.jpg
shoe_00754,StrideLab Slip-On Gray 00754,footwear,gray,slip-on,images/shoe_00754.jpg
shoe_00755,StreetFlex Low-Top Black 00755,footwear,black,low-top,images/shoe_00755.jpg
shoe_00756,StreetFlex Low-Top Orange 00756,footwear,orange,low-top,images/shoe_00756.jpg
shoe_00757,PeakWalk Casual Navy 00757,footwear,navy,casual,images/shoe_00757.jpg
shoe_00758,MotionX Low-Top Pink 00758,footwear,pink,low-top,images/shoe_00758.jpg
shoe_00759,UrbanStep Low-Top Black 00759,footwear,black,low-top,images/shoe_00759.jpg
shoe_00760,MotionX Casual Red 00760,footwear,red,casual,images/shoe_00760.jpg
shoe_00761,TrailCore Basketball Black 00761,footwear,black,basketball,images/shoe_00761.jpg
shoe_00762,PeakWalk Casual Brown 00762,footwear,brown,casual,images/shoe_00762.jpg
shoe_00763,StreetFlex Trail Red 00763,footwear,red,trail,images/shoe_00763.jpg
shoe_00764,MotionX Slip-On Purple 00764,footwear,purple,slip-on,images/shoe_00764.jpg
shoe_00765,MotionX Trainer Orange 00765,footwear,orange,trainer,images/shoe_00765.jpg
shoe_00766,MotionX High-Top Brown 00766,footwear,brown,high-top,images/shoe_00766.jpg
shoe_00767,StrideLab Basketball Orange 00767,footwear,orange,basketball,images/shoe_00767.jpg
shoe_00768,StrideLab High-Top Brown 00768,footwear,brown,high-top,images/shoe_00768.jpg
shoe_00769,StrideLab Trainer Navy 00769,footwear,navy,trainer,images/shoe_00769.jpg
shoe_00770,StrideLab Runner Red 00770,footwear,red,runner,images/shoe_00770.jpg
shoe_00771,PeakWalk Slip-On Navy 00771,footwear,navy,slip-on,images/shoe_00771.jpg
shoe_00772,UrbanStep Casual Black 00772,footwear,black,casual,images/shoe_00772.jpg
shoe_00773,StrideLab Trail Purple 00773,footwear,purple,trail,images/shoe_00773.jpg
shoe_00774,TrailCore Runner Orange 00774,footwear,orange,runner,images/shoe_00774.jpg
shoe_00775,NovaFit Runner Navy 00775,footwear,navy,runner,images/shoe_00775.jpg
shoe_00776,TrailCore Basketball Navy 00776,footwear,navy,basketball,images/shoe_00776.jpg
shoe_00777,PeakWalk Runner Navy 00777,footwear,navy,runner,images/shoe_00777.jpg
shoe_00778,UrbanStep Trainer Red 00778,footwear,red,trainer,images/shoe_00778.jpg
shoe_00779,UrbanStep Basketball White 00779,footwear,white,basketball,images/shoe_00779.jpg
shoe_00780,ApexRun Basketball Gray 00780,footwear,gray,basketball,images/shoe_00780.jpg
shoe_00781,NovaFit Trail Orange 00781,footwear,orange,trail,images/shoe_00781.jpg
shoe_00782,StrideLab Basketball Red 00782,footwear,red,basketball,images/shoe_00782.jpg
shoe_00783,StrideLab Trainer Yellow 00783,footwear,yellow,trainer,images/shoe_00783.jpg
shoe_00784,PeakWalk Slip-On Green 00784,footwear,green,slip-on,images/shoe_00784.jpg
shoe_00785,TrailCore Slip-On Green 00785,footwear,green,slip-on,images/shoe_00785.jpg
shoe_00786,TrailCore Casual Black 00786,footwear,black,casual,images/shoe_00786.jpg
shoe_00787,PeakWalk Runner Green 00787,footwear,green,runner,images/shoe_00787.jpg
shoe_00788,ApexRun Trail Pink 00788,footwear,pink,trail,images/shoe_00788.jpg
shoe_00789,PeakWalk Runner Yellow 00789,footwear,yellow,runner,images/shoe_00789.jpg
shoe_00790,StreetFlex Slip-On Yellow 00790,footwear,yellow,slip-on,images/shoe_00790.jpg
shoe_00791,StreetFlex Runner White 00791,footwear,white,runner,images/shoe_00791.jpg
shoe_00792,NovaFit Low-Top Navy 00792,footwear,navy,low-top,images/shoe_00792.jpg
shoe_00793,StrideLab Runner Yellow 00793,footwear,yellow,runner,images/shoe_00793.jpg
shoe_00794,TrailCore Trail Orange 00794,footwear,orange,trail,images/shoe_00794.jpg
shoe_00795,NovaFit Low-Top White 00795,footwear,white,low-top,images/shoe_00795.jpg
shoe_00796,ApexRun Trail White 00796,footwear,white,trail,images/shoe_00796.jpg
shoe_00797,TrailCore Slip-On Red 00797,footwear,red,slip-on,images/shoe_00797.jpg
shoe_00798,StreetFlex Casual Purple 00798,footwear,purple,casual,images/shoe_00798.jpg
shoe_00799,NovaFit Basketball Green 00799,footwear,green,basketball,images/shoe_00799.jpg
shoe_00800,StrideLab Slip-On Red 00800,footwear,red,slip-on,images/shoe_00800.jpg
shoe_00801,UrbanStep Trail Purple 00801,footwear,purple,trail,images/shoe_00801.jpg
shoe_00802,NovaFit Basketball Red 00802,footwear,red,basketball,images/shoe_00802.jpg
shoe_00803,TrailCore Basketball Black 00803,footwear,black,basketball,images/shoe_00803.jpg
shoe_00804,MotionX Trainer White 00804,footwear,white,trainer,images/shoe_00804.jpg
shoe_00805,NovaFit Low-Top Black 00805,footwear,black,low-top,images/shoe_00805.jpg
shoe_00806,ApexRun Basketball Orange 00806,footwear,orange,basketball,images/shoe_00806.jpg
shoe_00807,PeakWalk Trainer Red 00807,footwear,red,trainer,images/shoe_00807.jpg
shoe_00808,StrideLab Slip-On Brown 00808,footwear,brown,slip-on,images/shoe_00808.jpg
shoe_00809,PeakWalk Trail Orange 00809,footwear,orange,trail,images/shoe_00809.jpg
shoe_00810,StreetFlex Low-Top Brown 00810,footwear,brown,low-top,images/shoe_00810.jpg
shoe_00811,UrbanStep Casual Orange 00811,footwear,orange,casual,images/shoe_00811.jpg
shoe_00812,ApexRun High-Top White 00812,footwear,white,high-top,images/shoe_00812.jpg
shoe_00813,StreetFlex Low-Top Red 00813,footwear,red,low-top,images/shoe_00813.jpg
shoe_00814,TrailCore Runner Gray 00814,footwear,gray,runner,images/shoe_00814.jpg
shoe_00815,NovaFit Basketball Black 00815,footwear,black,basketball,images/shoe_00815.jpg
shoe_00816,NovaFit Runner Pink 00816,footwear,pink,runner,images/shoe_00816.jpg
shoe_00817,MotionX Slip-On Purple 00817,footwear,purple,slip-on,images/shoe_00817.jpg
shoe_00818,NovaFit High-Top Purple 00818,footwear,purple,high-top,images/shoe_00818.jpg
shoe_00819,UrbanStep Low-Top Blue 00819,footwear,blue,low-top,images/shoe_00819.jpg
shoe_00820,StrideLab Slip-On Blue 00820,footwear,blue,slip-on,images/shoe_00820.jpg
shoe_00821,NovaFit Trainer Green 00821,footwear,green,trainer,images/shoe_00821.jpg
shoe_00822,StrideLab Trail Blue 00822,footwear,blue,trail,images/shoe_00822.jpg
shoe_00823,TrailCore Low-Top Navy 00823,footwear,navy,low-top,images/shoe_00823.jpg
shoe_00824,TrailCore Low-Top Pink 00824,footwear,pink,low-top,images/shoe_00824.jpg
shoe_00825,NovaFit Low-Top White 00825,footwear,white,low-top,images/shoe_00825.jpg
shoe_00826,TrailCore Slip-On Black 00826,footwear,black,slip-on,images/shoe_00826.jpg
shoe_00827,ApexRun Casual Red 00827,footwear,red,casual,images/shoe_00827.jpg
shoe_00828,StrideLab Trainer Pink 00828,footwear,pink,trainer,images/shoe_00828.jpg
shoe_00829,NovaFit Casual Black 00829,footwear,black,casual,images/shoe_00829.jpg
shoe_00830,TrailCore Slip-On Gray 00830,footwear,gray,slip-on,images/shoe_00830.jpg
shoe_00831,NovaFit Basketball Blue 00831,footwear,blue,basketball,images/shoe_00831.jpg
shoe_00832,NovaFit Runner Purple 00832,footwear,purple,runner,images/shoe_00832.jpg
shoe_00833,MotionX Runner Brown 00833,footwear,brown,runner,images/shoe_00833.jpg
shoe_00834,StreetFlex Slip-On White 00834,footwear,white,slip-on,images/shoe_00834.jpg
shoe_00835,NovaFit Basketball Green 00835,footwear,green,basketball,images/shoe_00835.jpg
shoe_00836,ApexRun Basketball Blue 00836,footwear,blue,basketball,images/shoe_00836.jpg
shoe_00837,ApexRun Runner Red 00837,footwear,red,runner,images/shoe_00837.jpg
shoe_00838,TrailCore Basketball Black 00838,footwear,black,basketball,images/shoe_00838.jpg
shoe_00839,MotionX Trail Green 00839,footwear,green,trail,images/shoe_00839.jpg
shoe_00840,NovaFit High-Top Pink 00840,footwear,pink,high-top,images/shoe_00840.jpg
shoe_00841,PeakWalk Slip-On Red 00841,footwear,red,slip-on,images/shoe_00841.jpg
shoe_00842,MotionX Basketball Yellow 00842,footwear,yellow,basketball,images/shoe_00842.jpg
shoe_00843,ApexRun High-Top White 00843,footwear,white,high-top,images/shoe_00843.jpg
shoe_00844,StreetFlex Low-Top Brown 00844,footwear,brown,low-top,images/shoe_00844.jpg
shoe_00845,StreetFlex Basketball Yellow 00845,footwear,yellow,basketball,images/shoe_00845.jpg
shoe_00846,TrailCore Slip-On Blue 00846,footwear,blue,slip-on,images/shoe_00846.jpg
shoe_00847,StrideLab Casual Pink 00847,footwear,pink,casual,images/shoe_00847.jpg
shoe_00848,StrideLab Low-Top White 00848,footwear,white,low-top,images/shoe_00848.jpg
shoe_00849,TrailCore Trainer Black 00849,footwear,black,trainer,images/shoe_00849.jpg
shoe_00850,StrideLab Trail Navy 00850,footwear,navy,trail,images/shoe_00850.jpg
shoe_00851,MotionX Basketball White 00851,footwear,white,basketball,images/shoe_00851.jpg
shoe_00852,TrailCore Trail Navy 00852,footwear,navy,trail,images/shoe_00852.jpg
shoe_00853,ApexRun Low-Top Gray 00853,footwear,gray,low-top,images/shoe_00853.jpg
shoe_00854,NovaFit Trainer Red 00854,footwear,red,trainer,images/shoe_00854.jpg
shoe_00855,StreetFlex Slip-On Gray 00855,footwear,gray,slip-on,images/shoe_00855.jpg
shoe_00856,StrideLab Trail Yellow 00856,footwear,yellow,trail,images/shoe_00856.jpg
shoe_00857,PeakWalk High-Top Orange 00857,footwear,orange,high-top,images/shoe_00857.jpg
shoe_00858,UrbanStep Runner Orange 00858,footwear,orange,runner,images/shoe_00858.jpg
shoe_00859,UrbanStep Slip-On Pink 00859,footwear,pink,slip-on,images/shoe_00859.jpg
shoe_00860,ApexRun Runner Green 00860,footwear,green,runner,images/shoe_00860.jpg
shoe_00861,NovaFit Trainer Navy 00861,footwear,navy,trainer,images/shoe_00861.jpg
shoe_00862,UrbanStep High-Top Purple 00862,footwear,purple,high-top,images/shoe_00862.jpg
shoe_00863,NovaFit Casual Purple 00863,footwear,purple,casual,images/shoe_00863.jpg
shoe_00864,TrailCore Slip-On Orange 00864,footwear,orange,slip-on,images/shoe_00864.jpg
shoe_00865,UrbanStep Runner Red 00865,footwear,red,runner,images/shoe_00865.jpg
shoe_00866,ApexRun Trainer Pink 00866,footwear,pink,trainer,images/shoe_00866.jpg
shoe_00867,MotionX Trail Gray 00867,footwear,gray,trail,images/shoe_00867.jpg
shoe_00868,MotionX Trainer Green 00868,footwear,green,trainer,images/shoe_00868.jpg
shoe_00869,StrideLab Slip-On Navy 00869,footwear,navy,slip-on,images/shoe_00869.jpg
shoe_00870,ApexRun Trainer Red 00870,footwear,red,trainer,images/shoe_00870.jpg
shoe_00871,MotionX Trainer Gray 00871,footwear,gray,trainer,images/shoe_00871.jpg
shoe_00872,MotionX Low-Top Black 00872,footwear,black,low-top,images/shoe_00872.jpg
shoe_00873,ApexRun Slip-On Red 00873,footwear,red,slip-on,images/shoe_00873.jpg
shoe_00874,TrailCore Trainer Brown 00874,footwear,brown,trainer,images/shoe_00874.jpg
shoe_00875,ApexRun High-Top Gray 00875,footwear,gray,high-top,images/shoe_00875.jpg
shoe_00876,StreetFlex Basketball Brown 00876,footwear,brown,basketball,images/shoe_00876.jpg
shoe_00877,MotionX High-Top Yellow 00877,footwear,yellow,high-top,images/shoe_00877.jpg
shoe_00878,NovaFit Low-Top Navy 00878,footwear,navy,low-top,images/shoe_00878.jpg
shoe_00879,StreetFlex Slip-On Pink 00879,footwear,pink,slip-on,images/shoe_00879.jpg
shoe_00880,StreetFlex Runner Black 00880,footwear,black,runner,images/shoe_00880.jpg
shoe_00881,UrbanStep Slip-On Blue 00881,footwear,blue,slip-on,images/shoe_00881.jpg
shoe_00882,StrideLab Runner Green 00882,footwear,green,runner,images/shoe_00882.jpg
shoe_00883,MotionX Casual Navy 00883,footwear,navy,casual,images/shoe_00883.jpg
shoe_00884,PeakWalk Trainer Brown 00884,footwear,brown,trainer,images/shoe_00884.jpg
shoe_00885,MotionX Basketball Blue 00885,footwear,blue,basketball,images/shoe_00885.jpg
shoe_00886,UrbanStep Casual Blue 00886,footwear,blue,casual,images/shoe_00886.jpg
shoe_00887,NovaFit Trainer Purple 00887,footwear,purple,trainer,images/shoe_00887.jpg
shoe_00888,PeakWalk Low-Top Yellow 00888,footwear,yellow,low-top,images/shoe_00888.jpg
shoe_00889,UrbanStep Trail White 00889,footwear,white,trail,images/shoe_00889.jpg
shoe_00890,UrbanStep Low-Top Purple 00890,footwear,purple,low-top,images/shoe_00890.jpg
shoe_00891,UrbanStep Trail Blue 00891,footwear,blue,trail,images/shoe_00891.jpg
shoe_00892,ApexRun Slip-On Brown 00892,footwear,brown,slip-on,images/shoe_00892.jpg
shoe_00893,UrbanStep Low-Top Green 00893,footwear,green,low-top,images/shoe_00893.jpg
shoe_00894,StrideLab Trainer Orange 00894,footwear,orange,trainer,images/shoe_00894.jpg
shoe_00895,NovaFit High-Top Red 00895,footwear,red,high-top,images/shoe_00895.jpg
shoe_00896,NovaFit Trail Blue 00896,footwear,blue,trail,images/shoe_00896.jpg
shoe_00897,ApexRun Low-Top White 00897,footwear,white,low-top,images/shoe_00897.jpg
shoe_00898,NovaFit High-Top Pink 00898,footwear,pink,high-top,images/shoe_00898.jpg
shoe_00899,StrideLab Runner Orange 00899,footwear,orange,runner,images/shoe_00899.jpg
shoe_00900,UrbanStep Runner Black 00900,footwear,black,runner,images/shoe_00900.jpg
shoe_00901,MotionX High-Top Blue 00901,footwear,blue,high-top,images/shoe_00901.jpg
shoe_00902,ApexRun Runner Red 00902,footwear,red,runner,images/shoe_00902.jpg
shoe_00903,StrideLab Basketball White 00903,footwear,white,basketball,images/shoe_00903.jpg
shoe_00904,PeakWalk Low-Top Blue 00904,footwear,blue,low-top,images/shoe_00904.jpg
shoe_00905,UrbanStep Trail Pink 00905,footwear,pink,trail,images/shoe_00905.jpg
shoe_00906,PeakWalk Basketball Green 00906,footwear,green,basketball,images/shoe_00906.jpg
shoe_00907,ApexRun Trainer Red 00907,footwear,red,trainer,images/shoe_00907.jpg
shoe_00908,StrideLab Slip-On Gray 00908,footwear,gray,slip-on,images/shoe_00908.jpg
shoe_00909,StrideLab Runner Black 00909,footwear,black,runner,images/shoe_00909.jpg
shoe_00910,StrideLab Slip-On Gray 00910,footwear,gray,slip-on,images/shoe_00910.jpg
shoe_00911,UrbanStep Casual Gray 00911,footwear,gray,casual,images/shoe_00911.jpg
shoe_00912,ApexRun Trainer Black 00912,footwear,black,trainer,images/shoe_00912.jpg
shoe_00913,NovaFit Casual Blue 00913,footwear,blue,casual,images/shoe_00913.jpg
shoe_00914,MotionX Basketball Red 00914,footwear,red,basketball,images/shoe_00914.jpg
shoe_00915,StrideLab Casual Blue 00915,footwear,blue,casual,images/shoe_00915.jpg
shoe_00916,StrideLab Low-Top Purple 00916,footwear,purple,low-top,images/shoe_00916.jpg
shoe_00917,MotionX High-Top Blue 00917,footwear,blue,high-top,images/shoe_00917.jpg
shoe_00918,StreetFlex High-Top Yellow 00918,footwear,yellow,high-top,images/shoe_00918.jpg
shoe_00919,StrideLab Basketball White 00919,footwear,white,basketball,images/shoe_00919.jpg
shoe_00920,UrbanStep Low-Top Black 00920,footwear,black,low-top,images/shoe_00920.jpg
shoe_00921,UrbanStep Basketball Orange 00921,footwear,orange,basketball,images/shoe_00921.jpg
shoe_00922,UrbanStep Casual Brown 00922,footwear,brown,casual,images/shoe_00922.jpg
shoe_00923,MotionX Slip-On Brown 00923,footwear,brown,slip-on,images/shoe_00923.jpg
shoe_00924,MotionX High-Top Yellow 00924,footwear,yellow,high-top,images/shoe_00924.jpg
shoe_00925,MotionX Basketball Purple 00925,footwear,purple,basketball,images/shoe_00925.jpg
shoe_00926,ApexRun High-Top Navy 00926,footwear,navy,high-top,images/shoe_00926.jpg
shoe_00927,StreetFlex Low-Top Red 00927,footwear,red,low-top,images/shoe_00927.jpg
shoe_00928,PeakWalk Casual Red 00928,footwear,red,casual,images/shoe_00928.jpg
shoe_00929,StrideLab Trail Navy 00929,footwear,navy,trail,images/shoe_00929.jpg
shoe_00930,MotionX Casual White 00930,footwear,white,casual,images/shoe_00930.jpg
shoe_00931,StreetFlex High-Top Red 00931,footwear,red,high-top,images/shoe_00931.jpg
shoe_00932,NovaFit Low-Top Red 00932,footwear,red,low-top,images/shoe_00932.jpg
shoe_00933,PeakWalk Basketball Yellow 00933,footwear,yellow,basketball,images/shoe_00933.jpg
shoe_00934,NovaFit Trail Orange 00934,footwear,orange,trail,images/shoe_00934.jpg
shoe_00935,UrbanStep Basketball Pink 00935,footwear,pink,basketball,images/shoe_00935.jpg
shoe_00936,NovaFit Trainer Brown 00936,footwear,brown,trainer,images/shoe_00936.jpg
shoe_00937,PeakWalk Trail Orange 00937,footwear,orange,trail,images/shoe_00937.jpg
shoe_00938,NovaFit Trainer Gray 00938,footwear,gray,trainer,images/shoe_00938.jpg
shoe_00939,TrailCore Casual White 00939,footwear,white,casual,images/shoe_00939.jpg
shoe_00940,TrailCore High-Top Navy 00940,footwear,navy,high-top,images/shoe_00940.jpg
shoe_00941,TrailCore Runner Yellow 00941,footwear,yellow,runner,images/shoe_00941.jpg
shoe_00942,PeakWalk Basketball Black 00942,footwear,black,basketball,images/shoe_00942.jpg
shoe_00943,ApexRun High-Top Red 00943,footwear,red,high-top,images/shoe_00943.jpg
shoe_00944,UrbanStep Basketball Yellow 00944,footwear,yellow,basketball,images/shoe_00944.jpg
shoe_00945,UrbanStep Trail Green 00945,footwear,green,trail,images/shoe_00945.jpg
shoe_00946,TrailCore Casual Gray 00946,footwear,gray,casual,images/shoe_00946.jpg
shoe_00947,ApexRun Trainer Blue 00947,footwear,blue,trainer,images/shoe_00947.jpg
shoe_00948,StrideLab Low-Top Navy 00948,footwear,navy,low-top,images/shoe_00948.jpg
shoe_00949,NovaFit Low-Top Navy 00949,footwear,navy,low-top,images/shoe_00949.jpg
shoe_00950,NovaFit Runner Navy 00950,footwear,navy,runner,images/shoe_00950.jpg
shoe_00951,StrideLab Runner Yellow 00951,footwear,yellow,runner,images/shoe_00951.jpg
shoe_00952,PeakWalk High-Top Brown 00952,footwear,brown,high-top,images/shoe_00952.jpg
shoe_00953,ApexRun Low-Top Pink 00953,footwear,pink,low-top,images/shoe_00953.jpg
shoe_00954,UrbanStep Basketball Red 00954,footwear,red,basketball,images/shoe_00954.jpg
shoe_00955,StrideLab Trainer White 00955,footwear,white,trainer,images/shoe_00955.jpg
shoe_00956,UrbanStep Casual Black 00956,footwear,black,casual,images/shoe_00956.jpg
shoe_00957,UrbanStep Trail Red 00957,footwear,red,trail,images/shoe_00957.jpg
shoe_00958,PeakWalk Slip-On Navy 00958,footwear,navy,slip-on,images/shoe_00958.jpg
shoe_00959,PeakWalk Basketball Orange 00959,footwear,orange,basketball,images/shoe_00959.jpg
shoe_00960,MotionX Runner Brown 00960,footwear,brown,runner,images/shoe_00960.jpg
shoe_00961,ApexRun Low-Top White 00961,footwear,white,low-top,images/shoe_00961.jpg
shoe_00962,UrbanStep Runner Brown 00962,footwear,brown,runner,images/shoe_00962.jpg
shoe_00963,ApexRun Low-Top Gray 00963,footwear,gray,low-top,images/shoe_00963.jpg
shoe_00964,PeakWalk Casual Orange 00964,footwear,orange,casual,images/shoe_00964.jpg
shoe_00965,MotionX Slip-On Gray 00965,footwear,gray,slip-on,images/shoe_00965.jpg
shoe_00966,NovaFit Trainer Navy 00966,footwear,navy,trainer,images/shoe_00966.jpg
shoe_00967,StrideLab Slip-On Red 00967,footwear,red,slip-on,images/shoe_00967.jpg
shoe_00968,UrbanStep Casual Gray 00968,footwear,gray,casual,images/shoe_00968.jpg
shoe_00969,NovaFit Trainer Navy 00969,footwear,navy,trainer,images/shoe_00969.jpg
shoe_00970,TrailCore Runner Pink 00970,footwear,pink,runner,images/shoe_00970.jpg
shoe_00971,StrideLab Low-Top Orange 00971,footwear,orange,low-top,images/shoe_00971.jpg
shoe_00972,PeakWalk Trail Navy 00972,footwear,navy,trail,images/shoe_00972.jpg
shoe_00973,NovaFit Casual Yellow 00973,footwear,yellow,casual,images/shoe_00973.jpg
shoe_00974,StreetFlex Runner Red 00974,footwear,red,runner,images/shoe_00974.jpg
shoe_00975,TrailCore Casual Brown 00975,footwear,brown,casual,images/shoe_00975.jpg
shoe_00976,StrideLab High-Top Green 00976,footwear,green,high-top,images/shoe_00976.jpg
shoe_00977,StreetFlex Basketball White 00977,footwear,white,basketball,images/shoe_00977.jpg
shoe_00978,MotionX Trainer Black 00978,footwear,black,trainer,images/shoe_00978.jpg
shoe_00979,StrideLab High-Top Red 00979,footwear,red,high-top,images/shoe_00979.jpg
shoe_00980,MotionX Runner Blue 00980,footwear,blue,runner,images/shoe_00980.jpg
shoe_00981,ApexRun Trainer Blue 00981,footwear,blue,trainer,images/shoe_00981.jpg
shoe_00982,StrideLab Slip-On Blue 00982,footwear,blue,slip-on,images/shoe_00982.jpg
shoe_00983,PeakWalk Runner Pink 00983,footwear,pink,runner,images/shoe_00983.jpg
shoe_00984,StreetFlex Runner Black 00984,footwear,black,runner,images/shoe_00984.jpg
shoe_00985,ApexRun Slip-On White 00985,footwear,white,slip-on,images/shoe_00985.jpg
shoe_00986,NovaFit Slip-On Yellow 00986,footwear,yellow,slip-on,images/shoe_00986.jpg
shoe_00987,StreetFlex Trainer Gray 00987,footwear,gray,trainer,images/shoe_00987.jpg
shoe_00988,UrbanStep Basketball Orange 00988,footwear,orange,basketball,images/shoe_00988.jpg
shoe_00989,StreetFlex High-Top Navy 00989,footwear,navy,high-top,images/shoe_00989.jpg
shoe_00990,UrbanStep High-Top Orange 00990,footwear,orange,high-top,images/shoe_00990.jpg
shoe_00991,PeakWalk Casual Black 00991,footwear,black,casual,images/shoe_00991.jpg
shoe_00992,MotionX Runner Pink 00992,footwear,pink,runner,images/shoe_00992.jpg
shoe_00993,PeakWalk Low-Top Red 00993,footwear,red,low-top,images/shoe_00993.jpg
shoe_00994,TrailCore High-Top White 00994,footwear,white,high-top,images/shoe_00994.jpg
shoe_00995,UrbanStep Low-Top Blue 00995,footwear,blue,low-top,images/shoe_00995.jpg
shoe_00996,PeakWalk Basketball Gray 00996,footwear,gray,basketball,images/shoe_00996.jpg
shoe_00997,MotionX Basketball Red 00997,footwear,red,basketball,images/shoe_00997.jpg
shoe_00998,ApexRun Casual Yellow 00998,footwear,yellow,casual,images/shoe_00998.jpg
shoe_00999,TrailCore Casual Navy 00999,footwear,navy,casual,images/shoe_00999.jpg
shoe_01000,UrbanStep High-Top Blue 01000,footwear,blue,high-top,images/shoe_01000.jpg
shoe_01001,StrideLab Trail Pink 01001,footwear,pink,trail,images/shoe_01001.jpg
shoe_01002,MotionX Low-Top Black 01002,footwear,black,low-top,images/shoe_01002.jpg
shoe_01003,PeakWalk High-Top Gray 01003,footwear,gray,high-top,images/shoe_01003.jpg
shoe_01004,StreetFlex Trail White 01004,footwear,white,trail,images/shoe_01004.jpg
shoe_01005,UrbanStep Slip-On Red 01005,footwear,red,slip-on,images/shoe_01005.jpg
shoe_01006,StreetFlex Slip-On White 01006,footwear,white,slip-on,images/shoe_01006.jpg
shoe_01007,StrideLab High-Top Yellow 01007,footwear,yellow,high-top,images/shoe_01007.jpg
shoe_01008,MotionX Trail Red 01008,footwear,red,trail,images/shoe_01008.jpg
shoe_01009,PeakWalk Slip-On Purple 01009,footwear,purple,slip-on,images/shoe_01009.jpg
shoe_01010,StrideLab Low-Top Brown 01010,footwear,brown,low-top,images/shoe_01010.jpg
shoe_01011,ApexRun Trail Pink 01011,footwear,pink,trail,images/shoe_01011.jpg
shoe_01012,NovaFit Slip-On Yellow 01012,footwear,yellow,slip-on,images/shoe_01012.jpg
shoe_01013,PeakWalk Low-Top Orange 01013,footwear,orange,low-top,images/shoe_01013.jpg
shoe_01014,StreetFlex Basketball Yellow 01014,footwear,yellow,basketball,images/shoe_01014.jpg
shoe_01015,PeakWalk Casual White 01015,footwear,white,casual,images/shoe_01015.jpg
shoe_01016,ApexRun Runner Green 01016,footwear,green,runner,images/shoe_01016.jpg
shoe_01017,ApexRun Trainer Navy 01017,footwear,navy,trainer,images/shoe_01017.jpg
shoe_01018,MotionX High-Top Red 01018,footwear,red,high-top,images/shoe_01018.jpg
shoe_01019,NovaFit Low-Top Orange 01019,footwear,orange,low-top,images/shoe_01019.jpg
shoe_01020,NovaFit Trainer White 01020,footwear,white,trainer,images/shoe_01020.jpg
shoe_01021,StreetFlex High-Top Purple 01021,footwear,purple,high-top,images/shoe_01021.jpg
shoe_01022,PeakWalk Trail Purple 01022,footwear,purple,trail,images/shoe_01022.jpg
shoe_01023,UrbanStep High-Top White 01023,footwear,white,high-top,images/shoe_01023.jpg
shoe_01024,NovaFit High-Top Navy 01024,footwear,navy,high-top,images/shoe_01024.jpg
shoe_01025,NovaFit Trainer Orange 01025,footwear,orange,trainer,images/shoe_01025.jpg
shoe_01026,StreetFlex High-Top Yellow 01026,footwear,yellow,high-top,images/shoe_01026.jpg
shoe_01027,TrailCore Trail Yellow 01027,footwear,yellow,trail,images/shoe_01027.jpg
shoe_01028,StrideLab Trail Navy 01028,footwear,navy,trail,images/shoe_01028.jpg
shoe_01029,ApexRun Trail Green 01029,footwear,green,trail,images/shoe_01029.jpg
shoe_01030,PeakWalk Low-Top Gray 01030,footwear,gray,low-top,images/shoe_01030.jpg
shoe_01031,StreetFlex Trainer Red 01031,footwear,red,trainer,images/shoe_01031.jpg
shoe_01032,NovaFit Runner Pink 01032,footwear,pink,runner,images/shoe_01032.jpg
shoe_01033,NovaFit Basketball Black 01033,footwear,black,basketball,images/shoe_01033.jpg
shoe_01034,ApexRun Trainer Purple 01034,footwear,purple,trainer,images/shoe_01034.jpg
shoe_01035,NovaFit Runner Blue 01035,footwear,blue,runner,images/shoe_01035.jpg
shoe_01036,UrbanStep Slip-On Green 01036,footwear,green,slip-on,images/shoe_01036.jpg
shoe_01037,StrideLab Low-Top White 01037,footwear,white,low-top,images/shoe_01037.jpg
shoe_01038,StrideLab Casual Green 01038,footwear,green,casual,images/shoe_01038.jpg
shoe_01039,NovaFit Trail Green 01039,footwear,green,trail,images/shoe_01039.jpg
shoe_01040,MotionX Trainer Gray 01040,footwear,gray,trainer,images/shoe_01040.jpg
shoe_01041,StrideLab Runner Red 01041,footwear,red,runner,images/shoe_01041.jpg
shoe_01042,MotionX Basketball Orange 01042,footwear,orange,basketball,images/shoe_01042.jpg
shoe_01043,StreetFlex Trainer Red 01043,footwear,red,trainer,images/shoe_01043.jpg
shoe_01044,PeakWalk Trail Orange 01044,footwear,orange,trail,images/shoe_01044.jpg
shoe_01045,NovaFit Low-Top Gray 01045,footwear,gray,low-top,images/shoe_01045.jpg
shoe_01046,ApexRun Casual Yellow 01046,footwear,yellow,casual,images/shoe_01046.jpg
shoe_01047,StrideLab Trainer Gray 01047,footwear,gray,trainer,images/shoe_01047.jpg
shoe_01048,StreetFlex Low-Top Navy 01048,footwear,navy,low-top,images/shoe_01048.jpg
shoe_01049,ApexRun Basketball Brown 01049,footwear,brown,basketball,images/shoe_01049.jpg
shoe_01050,UrbanStep Trail Red 01050,footwear,red,trail,images/shoe_01050.jpg
shoe_01051,StrideLab Basketball Purple 01051,footwear,purple,basketball,images/shoe_01051.jpg
shoe_01052,MotionX Casual Brown 01052,footwear,brown,casual,images/shoe_01052.jpg
shoe_01053,PeakWalk Runner Gray 01053,footwear,gray,runner,images/shoe_01053.jpg
shoe_01054,StrideLab Trail Red 01054,footwear,red,trail,images/shoe_01054.jpg
shoe_01055,TrailCore Trainer Black 01055,footwear,black,trainer,images/shoe_01055.jpg
shoe_01056,NovaFit Low-Top Orange 01056,footwear,orange,low-top,images/shoe_01056.jpg
shoe_01057,TrailCore Basketball Blue 01057,footwear,blue,basketball,images/shoe_01057.jpg
shoe_01058,StreetFlex Runner Blue 01058,footwear,blue,runner,images/shoe_01058.jpg
shoe_01059,MotionX Runner Yellow 01059,footwear,yellow,runner,images/shoe_01059.jpg
shoe_01060,PeakWalk High-Top Green 01060,footwear,green,high-top,images/shoe_01060.jpg
shoe_01061,NovaFit Trail Brown 01061,footwear,brown,trail,images/shoe_01061.jpg
shoe_01062,StreetFlex Basketball Orange 01062,footwear,orange,basketball,images/shoe_01062.jpg
shoe_01063,StreetFlex Casual Gray 01063,footwear,gray,casual,images/shoe_01063.jpg
shoe_01064,PeakWalk Low-Top White 01064,footwear,white,low-top,images/shoe_01064.jpg
shoe_01065,UrbanStep Basketball Orange 01065,footwear,orange,basketball,images/shoe_01065.jpg
shoe_01066,NovaFit Low-Top Gray 01066,footwear,gray,low-top,images/shoe_01066.jpg
shoe_01067,NovaFit Slip-On Orange 01067,footwear,orange,slip-on,images/shoe_01067.jpg
shoe_01068,StrideLab Slip-On Brown 01068,footwear,brown,slip-on,images/shoe_01068.jpg
shoe_01069,StrideLab High-Top White 01069,footwear,white,high-top,images/shoe_01069.jpg
shoe_01070,NovaFit Runner Brown 01070,footwear,brown,runner,images/shoe_01070.jpg
shoe_01071,StrideLab Trail White 01071,footwear,white,trail,images/shoe_01071.jpg
shoe_01072,ApexRun Trail Brown 01072,footwear,brown,trail,images/shoe_01072.jpg
shoe_01073,NovaFit Slip-On Brown 01073,footwear,brown,slip-on,images/shoe_01073.jpg
shoe_01074,PeakWalk Trainer Blue 01074,footwear,blue,trainer,images/shoe_01074.jpg
shoe_01075,StrideLab Casual Gray 01075,footwear,gray,casual,images/shoe_01075.jpg
shoe_01076,StrideLab Trail Blue 01076,footwear,blue,trail,images/shoe_01076.jpg
shoe_01077,NovaFit Trail Yellow 01077,footwear,yellow,trail,images/shoe_01077.jpg
shoe_01078,ApexRun Casual Brown 01078,footwear,brown,casual,images/shoe_01078.jpg
shoe_01079,MotionX Trainer Yellow 01079,footwear,yellow,trainer,images/shoe_01079.jpg
shoe_01080,MotionX Slip-On Green 01080,footwear,green,slip-on,images/shoe_01080.jpg
shoe_01081,ApexRun Trainer Orange 01081,footwear,orange,trainer,images/shoe_01081.jpg
shoe_01082,ApexRun Runner Orange 01082,footwear,orange,runner,images/shoe_01082.jpg
shoe_01083,StreetFlex Low-Top Black 01083,footwear,black,low-top,images/shoe_01083.jpg
shoe_01084,StreetFlex Basketball Gray 01084,footwear,gray,basketball,images/shoe_01084.jpg
shoe_01085,TrailCore Casual Red 01085,footwear,red,casual,images/shoe_01085.jpg
shoe_01086,TrailCore Casual Gray 01086,footwear,gray,casual,images/shoe_01086.jpg
shoe_01087,ApexRun Casual Pink 01087,footwear,pink,casual,images/shoe_01087.jpg
shoe_01088,UrbanStep Casual Pink 01088,footwear,pink,casual,images/shoe_01088.jpg
shoe_01089,UrbanStep Casual Brown 01089,footwear,brown,casual,images/shoe_01089.jpg
shoe_01090,UrbanStep Basketball Orange 01090,footwear,orange,basketball,images/shoe_01090.jpg
shoe_01091,StrideLab Trainer Orange 01091,footwear,orange,trainer,images/shoe_01091.jpg
shoe_01092,StrideLab Low-Top Navy 01092,footwear,navy,low-top,images/shoe_01092.jpg
shoe_01093,MotionX Casual Brown 01093,footwear,brown,casual,images/shoe_01093.jpg
shoe_01094,StreetFlex Low-Top Gray 01094,footwear,gray,low-top,images/shoe_01094.jpg
shoe_01095,StrideLab High-Top Blue 01095,footwear,blue,high-top,images/shoe_01095.jpg
shoe_01096,ApexRun Casual Black 01096,footwear,black,casual,images/shoe_01096.jpg
shoe_01097,ApexRun Low-Top Brown 01097,footwear,brown,low-top,images/shoe_01097.jpg
shoe_01098,NovaFit High-Top Pink 01098,footwear,pink,high-top,images/shoe_01098.jpg
shoe_01099,PeakWalk Low-Top Black 01099,footwear,black,low-top,images/shoe_01099.jpg
shoe_01100,UrbanStep Basketball Brown 01100,footwear,brown,basketball,images/shoe_01100.jpg
shoe_01101,MotionX Trainer Blue 01101,footwear,blue,trainer,images/shoe_01101.jpg
shoe_01102,NovaFit Trainer Blue 01102,footwear,blue,trainer,images/shoe_01102.jpg
shoe_01103,MotionX Runner Green 01103,footwear,green,runner,images/shoe_01103.jpg
shoe_01104,ApexRun Low-Top White 01104,footwear,white,low-top,images/shoe_01104.jpg
shoe_01105,StrideLab High-Top Brown 01105,footwear,brown,high-top,images/shoe_01105.jpg
shoe_01106,StrideLab High-Top Purple 01106,footwear,purple,high-top,images/shoe_01106.jpg
shoe_01107,MotionX Slip-On Red 01107,footwear,red,slip-on,images/shoe_01107.jpg
shoe_01108,StrideLab High-Top Red 01108,footwear,red,high-top,images/shoe_01108.jpg
shoe_01109,TrailCore Basketball Purple 01109,footwear,purple,basketball,images/shoe_01109.jpg
shoe_01110,PeakWalk High-Top Orange 01110,footwear,orange,high-top,images/shoe_01110.jpg
shoe_01111,StrideLab Casual Black 01111,footwear,black,casual,images/shoe_01111.jpg
shoe_01112,TrailCore High-Top Purple 01112,footwear,purple,high-top,images/shoe_01112.jpg
shoe_01113,NovaFit Casual Brown 01113,footwear,brown,casual,images/shoe_01113.jpg
shoe_01114,UrbanStep Trail Yellow 01114,footwear,yellow,trail,images/shoe_01114.jpg
shoe_01115,ApexRun Slip-On Red 01115,footwear,red,slip-on,images/shoe_01115.jpg
shoe_01116,StrideLab Runner Red 01116,footwear,red,runner,images/shoe_01116.jpg
shoe_01117,PeakWalk Basketball Yellow 01117,footwear,yellow,basketball,images/shoe_01117.jpg
shoe_01118,UrbanStep Runner Pink 01118,footwear,pink,runner,images/shoe_01118.jpg
shoe_01119,StrideLab Slip-On Gray 01119,footwear,gray,slip-on,images/shoe_01119.jpg
shoe_01120,ApexRun Runner Blue 01120,footwear,blue,runner,images/shoe_01120.jpg
shoe_01121,TrailCore Low-Top Gray 01121,footwear,gray,low-top,images/shoe_01121.jpg
shoe_01122,TrailCore High-Top Yellow 01122,footwear,yellow,high-top,images/shoe_01122.jpg
shoe_01123,UrbanStep Basketball Black 01123,footwear,black,basketball,images/shoe_01123.jpg
shoe_01124,UrbanStep High-Top Blue 01124,footwear,blue,high-top,images/shoe_01124.jpg
shoe_01125,PeakWalk Slip-On Green 01125,footwear,green,slip-on,images/shoe_01125.jpg
shoe_01126,StreetFlex High-Top Blue 01126,footwear,blue,high-top,images/shoe_01126.jpg
shoe_01127,PeakWalk Slip-On Navy 01127,footwear,navy,slip-on,images/shoe_01127.jpg
shoe_01128,NovaFit Trail Navy 01128,footwear,navy,trail,images/shoe_01128.jpg
shoe_01129,TrailCore Casual Gray 01129,footwear,gray,casual,images/shoe_01129.jpg
shoe_01130,TrailCore Low-Top Green 01130,footwear,green,low-top,images/shoe_01130.jpg
shoe_01131,NovaFit Slip-On Brown 01131,footwear,brown,slip-on,images/shoe_01131.jpg
shoe_01132,UrbanStep Slip-On White 01132,footwear,white,slip-on,images/shoe_01132.jpg
shoe_01133,NovaFit Trail Blue 01133,footwear,blue,trail,images/shoe_01133.jpg
shoe_01134,MotionX Casual Purple 01134,footwear,purple,casual,images/shoe_01134.jpg
shoe_01135,NovaFit High-Top Yellow 01135,footwear,yellow,high-top,images/shoe_01135.jpg
shoe_01136,StreetFlex Trainer Orange 01136,footwear,orange,trainer,images/shoe_01136.jpg
shoe_01137,PeakWalk High-Top Yellow 01137,footwear,yellow,high-top,images/shoe_01137.jpg
shoe_01138,MotionX Runner Red 01138,footwear,red,runner,images/shoe_01138.jpg
shoe_01139,MotionX Casual Pink 01139,footwear,pink,casual,images/shoe_01139.jpg
shoe_01140,NovaFit Basketball Pink 01140,footwear,pink,basketball,images/shoe_01140.jpg
shoe_01141,UrbanStep High-Top Black 01141,footwear,black,high-top,images/shoe_01141.jpg
shoe_01142,UrbanStep Casual Yellow 01142,footwear,yellow,casual,images/shoe_01142.jpg
shoe_01143,StrideLab Trainer Yellow 01143,footwear,yellow,trainer,images/shoe_01143.jpg
shoe_01144,StreetFlex Basketball Blue 01144,footwear,blue,basketball,images/shoe_01144.jpg
shoe_01145,StrideLab Basketball Red 01145,footwear,red,basketball,images/shoe_01145.jpg
shoe_01146,ApexRun Basketball Black 01146,footwear,black,basketball,images/shoe_01146.jpg
shoe_01147,TrailCore Basketball Navy 01147,footwear,navy,basketball,images/shoe_01147.jpg
shoe_01148,TrailCore Basketball Purple 01148,footwear,purple,basketball,images/shoe_01148.jpg
shoe_01149,NovaFit High-Top Gray 01149,footwear,gray,high-top,images/shoe_01149.jpg
shoe_01150,TrailCore Trainer Green 01150,footwear,green,trainer,images/shoe_01150.jpg
shoe_01151,StrideLab Slip-On White 01151,footwear,white,slip-on,images/shoe_01151.jpg
shoe_01152,NovaFit Casual Pink 01152,footwear,pink,casual,images/shoe_01152.jpg
shoe_01153,TrailCore Basketball Yellow 01153,footwear,yellow,basketball,images/shoe_01153.jpg
shoe_01154,PeakWalk Runner Blue 01154,footwear,blue,runner,images/shoe_01154.jpg
shoe_01155,MotionX Runner Purple 01155,footwear,purple,runner,images/shoe_01155.jpg
shoe_01156,StrideLab High-Top Orange 01156,footwear,orange,high-top,images/shoe_01156.jpg
shoe_01157,StreetFlex Low-Top Purple 01157,footwear,purple,low-top,images/shoe_01157.jpg
shoe_01158,TrailCore Casual Pink 01158,footwear,pink,casual,images/shoe_01158.jpg
shoe_01159,MotionX Runner Pink 01159,footwear,pink,runner,images/shoe_01159.jpg
shoe_01160,PeakWalk Runner Black 01160,footwear,black,runner,images/shoe_01160.jpg
shoe_01161,NovaFit Low-Top Green 01161,footwear,green,low-top,images/shoe_01161.jpg
shoe_01162,StreetFlex Runner Black 01162,footwear,black,runner,images/shoe_01162.jpg
shoe_01163,StrideLab Runner Brown 01163,footwear,brown,runner,images/shoe_01163.jpg
shoe_01164,NovaFit High-Top Purple 01164,footwear,purple,high-top,images/shoe_01164.jpg
shoe_01165,MotionX Slip-On Navy 01165,footwear,navy,slip-on,images/shoe_01165.jpg
shoe_01166,NovaFit Basketball Yellow 01166,footwear,yellow,basketball,images/shoe_01166.jpg
shoe_01167,PeakWalk Basketball White 01167,footwear,white,basketball,images/shoe_01167.jpg
shoe_01168,NovaFit Runner Pink 01168,footwear,pink,runner,images/shoe_01168.jpg
shoe_01169,PeakWalk Trail Green 01169,footwear,green,trail,images/shoe_01169.jpg
shoe_01170,StreetFlex High-Top Brown 01170,footwear,brown,high-top,images/shoe_01170.jpg
shoe_01171,ApexRun High-Top Pink 01171,footwear,pink,high-top,images/shoe_01171.jpg
shoe_01172,ApexRun Runner Blue 01172,footwear,blue,runner,images/shoe_01172.jpg
shoe_01173,StreetFlex High-Top Red 01173,footwear,red,high-top,images/shoe_01173.jpg
shoe_01174,TrailCore Casual Navy 01174,footwear,navy,casual,images/shoe_01174.jpg
shoe_01175,TrailCore High-Top Red 01175,footwear,red,high-top,images/shoe_01175.jpg
shoe_01176,ApexRun Basketball Navy 01176,footwear,navy,basketball,images/shoe_01176.jpg
shoe_01177,MotionX Runner Navy 01177,footwear,navy,runner,images/shoe_01177.jpg
shoe_01178,ApexRun High-Top Black 01178,footwear,black,high-top,images/shoe_01178.jpg
shoe_01179,MotionX High-Top Green 01179,footwear,green,high-top,images/shoe_01179.jpg
shoe_01180,MotionX Casual Yellow 01180,footwear,yellow,casual,images/shoe_01180.jpg
shoe_01181,UrbanStep Low-Top Navy 01181,footwear,navy,low-top,images/shoe_01181.jpg
shoe_01182,StrideLab Trail Pink 01182,footwear,pink,trail,images/shoe_01182.jpg
shoe_01183,UrbanStep Basketball Red 01183,footwear,red,basketball,images/shoe_01183.jpg
shoe_01184,PeakWalk Casual Pink 01184,footwear,pink,casual,images/shoe_01184.jpg
shoe_01185,TrailCore High-Top Brown 01185,footwear,brown,high-top,images/shoe_01185.jpg
shoe_01186,PeakWalk Trail Pink 01186,footwear,pink,trail,images/shoe_01186.jpg
shoe_01187,PeakWalk Basketball Green 01187,footwear,green,basketball,images/shoe_01187.jpg
shoe_01188,MotionX High-Top Blue 01188,footwear,blue,high-top,images/shoe_01188.jpg
shoe_01189,StreetFlex High-Top Green 01189,footwear,green,high-top,images/shoe_01189.jpg
shoe_01190,TrailCore Trainer Gray 01190,footwear,gray,trainer,images/shoe_01190.jpg
shoe_01191,StrideLab High-Top Navy 01191,footwear,navy,high-top,images/shoe_01191.jpg
shoe_01192,TrailCore Runner Purple 01192,footwear,purple,runner,images/shoe_01192.jpg
shoe_01193,PeakWalk Trainer Black 01193,footwear,black,trainer,images/shoe_01193.jpg
shoe_01194,PeakWalk Trainer Orange 01194,footwear,orange,trainer,images/shoe_01194.jpg
shoe_01195,TrailCore Basketball White 01195,footwear,white,basketball,images/shoe_01195.jpg
shoe_01196,MotionX Basketball Pink 01196,footwear,pink,basketball,images/shoe_01196.jpg
shoe_01197,UrbanStep Trail Navy 01197,footwear,navy,trail,images/shoe_01197.jpg
shoe_01198,UrbanStep High-Top Gray 01198,footwear,gray,high-top,images/shoe_01198.jpg
shoe_01199,NovaFit Basketball Blue 01199,footwear,blue,basketball,images/shoe_01199.jpg
shoe_01200,NovaFit Trainer Purple 01200,footwear,purple,trainer,images/shoe_01200.jpg
shoe_01201,MotionX High-Top Blue 01201,footwear,blue,high-top,images/shoe_01201.jpg
shoe_01202,MotionX Low-Top Orange 01202,footwear,orange,low-top,images/shoe_01202.jpg
shoe_01203,UrbanStep High-Top Pink 01203,footwear,pink,high-top,images/shoe_01203.jpg
shoe_01204,StrideLab High-Top Purple 01204,footwear,purple,high-top,images/shoe_01204.jpg
shoe_01205,PeakWalk Runner Blue 01205,footwear,blue,runner,images/shoe_01205.jpg
shoe_01206,ApexRun Slip-On Red 01206,footwear,red,slip-on,images/shoe_01206.jpg
shoe_01207,StreetFlex Trail Purple 01207,footwear,purple,trail,images/shoe_01207.jpg
shoe_01208,StrideLab High-Top Green 01208,footwear,green,high-top,images/shoe_01208.jpg
shoe_01209,TrailCore Casual Yellow 01209,footwear,yellow,casual,images/shoe_01209.jpg
shoe_01210,NovaFit Casual Red 01210,footwear,red,casual,images/shoe_01210.jpg
shoe_01211,ApexRun Basketball Gray 01211,footwear,gray,basketball,images/shoe_01211.jpg
shoe_01212,StreetFlex Slip-On Purple 01212,footwear,purple,slip-on,images/shoe_01212.jpg
shoe_01213,NovaFit Runner White 01213,footwear,white,runner,images/shoe_01213.jpg
shoe_01214,TrailCore Casual Navy 01214,footwear,navy,casual,images/shoe_01214.jpg
shoe_01215,NovaFit Trainer Green 01215,footwear,green,trainer,images/shoe_01215.jpg
shoe_01216,PeakWalk Slip-On Red 01216,footwear,red,slip-on,images/shoe_01216.jpg
shoe_01217,StrideLab Casual Gray 01217,footwear,gray,casual,images/shoe_01217.jpg
shoe_01218,TrailCore Runner Brown 01218,footwear,brown,runner,images/shoe_01218.jpg
shoe_01219,StrideLab Trainer White 01219,footwear,white,trainer,images/shoe_01219.jpg
shoe_01220,MotionX Runner Black 01220,footwear,black,runner,images/shoe_01220.jpg
shoe_01221,StrideLab High-Top Blue 01221,footwear,blue,high-top,images/shoe_01221.jpg
shoe_01222,NovaFit Trainer Green 01222,footwear,green,trainer,images/shoe_01222.jpg
shoe_01223,StrideLab Casual Orange 01223,footwear,orange,casual,images/shoe_01223.jpg
shoe_01224,PeakWalk Slip-On Blue 01224,footwear,blue,slip-on,images/shoe_01224.jpg
shoe_01225,TrailCore Low-Top Blue 01225,footwear,blue,low-top,images/shoe_01225.jpg
shoe_01226,MotionX Slip-On Yellow 01226,footwear,yellow,slip-on,images/shoe_01226.jpg
shoe_01227,StrideLab Runner Navy 01227,footwear,navy,runner,images/shoe_01227.jpg
shoe_01228,MotionX Trail Red 01228,footwear,red,trail,images/shoe_01228.jpg
shoe_01229,UrbanStep Trainer Navy 01229,footwear,navy,trainer,images/shoe_01229.jpg
shoe_01230,UrbanStep High-Top Yellow 01230,footwear,yellow,high-top,images/shoe_01230.jpg
shoe_01231,PeakWalk Basketball Red 01231,footwear,red,basketball,images/shoe_01231.jpg
shoe_01232,PeakWalk Runner Red 01232,footwear,red,runner,images/shoe_01232.jpg
shoe_01233,ApexRun Basketball Orange 01233,footwear,orange,basketball,images/shoe_01233.jpg
shoe_01234,StrideLab Slip-On Red 01234,footwear,red,slip-on,images/shoe_01234.jpg
shoe_01235,StreetFlex Runner Red 01235,footwear,red,runner,images/shoe_01235.jpg
shoe_01236,PeakWalk Runner Purple 01236,footwear,purple,runner,images/shoe_01236.jpg
shoe_01237,StrideLab Trail Blue 01237,footwear,blue,trail,images/shoe_01237.jpg
shoe_01238,MotionX Runner Black 01238,footwear,black,runner,images/shoe_01238.jpg
shoe_01239,UrbanStep Low-Top Blue 01239,footwear,blue,low-top,images/shoe_01239.jpg
shoe_01240,MotionX High-Top White 01240,footwear,white,high-top,images/shoe_01240.jpg
shoe_01241,PeakWalk Basketball Navy 01241,footwear,navy,basketball,images/shoe_01241.jpg
shoe_01242,MotionX Basketball Purple 01242,footwear,purple,basketball,images/shoe_01242.jpg
shoe_01243,MotionX Trail Brown 01243,footwear,brown,trail,images/shoe_01243.jpg
shoe_01244,ApexRun Trail Yellow 01244,footwear,yellow,trail,images/shoe_01244.jpg
shoe_01245,StreetFlex Slip-On Yellow 01245,footwear,yellow,slip-on,images/shoe_01245.jpg
shoe_01246,StrideLab Trail Gray 01246,footwear,gray,trail,images/shoe_01246.jpg
shoe_01247,UrbanStep Runner Green 01247,footwear,green,runner,images/shoe_01247.jpg
shoe_01248,UrbanStep Trainer Orange 01248,footwear,orange,trainer,images/shoe_01248.jpg
shoe_01249,ApexRun Trail Yellow 01249,footwear,yellow,trail,images/shoe_01249.jpg
shoe_01250,StreetFlex Casual Blue 01250,footwear,blue,casual,images/shoe_01250.jpg
shoe_01251,TrailCore High-Top Blue 01251,footwear,blue,high-top,images/shoe_01251.jpg
shoe_01252,MotionX High-Top Orange 01252,footwear,orange,high-top,images/shoe_01252.jpg
shoe_01253,UrbanStep Trail Brown 01253,footwear,brown,trail,images/shoe_01253.jpg
shoe_01254,StreetFlex Basketball Green 01254,footwear,green,basketball,images/shoe_01254.jpg
shoe_01255,MotionX Casual Orange 01255,footwear,orange,casual,images/shoe_01255.jpg
shoe_01256,ApexRun Trainer Green 01256,footwear,green,trainer,images/shoe_01256.jpg
shoe_01257,StrideLab Basketball Pink 01257,footwear,pink,basketball,images/shoe_01257.jpg
shoe_01258,StreetFlex Trail Orange 01258,footwear,orange,trail,images/shoe_01258.jpg
shoe_01259,ApexRun High-Top Green 01259,footwear,green,high-top,images/shoe_01259.jpg
shoe_01260,PeakWalk Low-Top Purple 01260,footwear,purple,low-top,images/shoe_01260.jpg
shoe_01261,MotionX Low-Top Brown 01261,footwear,brown,low-top,images/shoe_01261.jpg
shoe_01262,MotionX Low-Top Pink 01262,footwear,pink,low-top,images/shoe_01262.jpg
shoe_01263,StrideLab Slip-On Purple 01263,footwear,purple,slip-on,images/shoe_01263.jpg
shoe_01264,PeakWalk Runner Green 01264,footwear,green,runner,images/shoe_01264.jpg
shoe_01265,MotionX Trainer Black 01265,footwear,black,trainer,images/shoe_01265.jpg
shoe_01266,ApexRun High-Top Pink 01266,footwear,pink,high-top,images/shoe_01266.jpg
shoe_01267,ApexRun Slip-On Purple 01267,footwear,purple,slip-on,images/shoe_01267.jpg
shoe_01268,ApexRun Basketball Orange 01268,footwear,orange,basketball,images/shoe_01268.jpg
shoe_01269,UrbanStep Slip-On Black 01269,footwear,black,slip-on,images/shoe_01269.jpg
shoe_01270,UrbanStep Slip-On Yellow 01270,footwear,yellow,slip-on,images/shoe_01270.jpg
shoe_01271,UrbanStep Slip-On White 01271,footwear,white,slip-on,images/shoe_01271.jpg
shoe_01272,NovaFit Trainer Navy 01272,footwear,navy,trainer,images/shoe_01272.jpg
shoe_01273,MotionX High-Top Pink 01273,footwear,pink,high-top,images/shoe_01273.jpg
shoe_01274,PeakWalk Runner Blue 01274,footwear,blue,runner,images/shoe_01274.jpg
shoe_01275,NovaFit Trainer Yellow 01275,footwear,yellow,trainer,images/shoe_01275.jpg
shoe_01276,StrideLab Casual Orange 01276,footwear,orange,casual,images/shoe_01276.jpg
shoe_01277,MotionX Slip-On Green 01277,footwear,green,slip-on,images/shoe_01277.jpg
shoe_01278,StreetFlex Casual Red 01278,footwear,red,casual,images/shoe_01278.jpg
shoe_01279,TrailCore Low-Top Pink 01279,footwear,pink,low-top,images/shoe_01279.jpg
shoe_01280,NovaFit Low-Top Green 01280,footwear,green,low-top,images/shoe_01280.jpg
shoe_01281,MotionX Trainer Gray 01281,footwear,gray,trainer,images/shoe_01281.jpg
shoe_01282,MotionX High-Top Green 01282,footwear,green,high-top,images/shoe_01282.jpg
shoe_01283,UrbanStep Trail Pink 01283,footwear,pink,trail,images/shoe_01283.jpg
shoe_01284,StrideLab Casual Orange 01284,footwear,orange,casual,images/shoe_01284.jpg
shoe_01285,StreetFlex Trail Red 01285,footwear,red,trail,images/shoe_01285.jpg
shoe_01286,PeakWalk Basketball Gray 01286,footwear,gray,basketball,images/shoe_01286.jpg
shoe_01287,PeakWalk Casual Yellow 01287,footwear,yellow,casual,images/shoe_01287.jpg
shoe_01288,PeakWalk Casual Orange 01288,footwear,orange,casual,images/shoe_01288.jpg
shoe_01289,NovaFit Runner Black 01289,footwear,black,runner,images/shoe_01289.jpg
shoe_01290,MotionX Low-Top White 01290,footwear,white,low-top,images/shoe_01290.jpg
shoe_01291,UrbanStep Basketball Blue 01291,footwear,blue,basketball,images/shoe_01291.jpg
shoe_01292,ApexRun Slip-On Pink 01292,footwear,pink,slip-on,images/shoe_01292.jpg
shoe_01293,NovaFit Low-Top Orange 01293,footwear,orange,low-top,images/shoe_01293.jpg
shoe_01294,PeakWalk Runner Brown 01294,footwear,brown,runner,images/shoe_01294.jpg
shoe_01295,ApexRun Trail Gray 01295,footwear,gray,trail,images/shoe_01295.jpg
shoe_01296,MotionX Runner White 01296,footwear,white,runner,images/shoe_01296.jpg
shoe_01297,StreetFlex High-Top Brown 01297,footwear,brown,high-top,images/shoe_01297.jpg
shoe_01298,MotionX High-Top Pink 01298,footwear,pink,high-top,images/shoe_01298.jpg
shoe_01299,StreetFlex Trail Pink 01299,footwear,pink,trail,images/shoe_01299.jpg
shoe_01300,ApexRun High-Top Black 01300,footwear,black,high-top,images/shoe_01300.jpg
shoe_01301,UrbanStep Trainer Navy 01301,footwear,navy,trainer,images/shoe_01301.jpg
shoe_01302,UrbanStep Trail Gray 01302,footwear,gray,trail,images/shoe_01302.jpg
shoe_01303,MotionX Low-Top Blue 01303,footwear,blue,low-top,images/shoe_01303.jpg
shoe_01304,ApexRun Slip-On Brown 01304,footwear,brown,slip-on,images/shoe_01304.jpg
shoe_01305,StrideLab Trainer Purple 01305,footwear,purple,trainer,images/shoe_01305.jpg
shoe_01306,UrbanStep Runner White 01306,footwear,white,runner,images/shoe_01306.jpg
shoe_01307,StrideLab High-Top Pink 01307,footwear,pink,high-top,images/shoe_01307.jpg
shoe_01308,StrideLab Trainer Blue 01308,footwear,blue,trainer,images/shoe_01308.jpg
shoe_01309,PeakWalk Runner Purple 01309,footwear,purple,runner,images/shoe_01309.jpg
shoe_01310,StrideLab Runner Orange 01310,footwear,orange,runner,images/shoe_01310.jpg
shoe_01311,PeakWalk Casual Green 01311,footwear,green,casual,images/shoe_01311.jpg
shoe_01312,MotionX Trainer Red 01312,footwear,red,trainer,images/shoe_01312.jpg
shoe_01313,StrideLab Trail Pink 01313,footwear,pink,trail,images/shoe_01313.jpg
shoe_01314,ApexRun Low-Top Orange 01314,footwear,orange,low-top,images/shoe_01314.jpg
shoe_01315,TrailCore Low-Top Red 01315,footwear,red,low-top,images/shoe_01315.jpg
shoe_01316,PeakWalk Trainer Red 01316,footwear,red,trainer,images/shoe_01316.jpg
shoe_01317,MotionX Slip-On Purple 01317,footwear,purple,slip-on,images/shoe_01317.jpg
shoe_01318,PeakWalk High-Top Brown 01318,footwear,brown,high-top,images/shoe_01318.jpg
shoe_01319,NovaFit Slip-On Yellow 01319,footwear,yellow,slip-on,images/shoe_01319.jpg
shoe_01320,PeakWalk High-Top Orange 01320,footwear,orange,high-top,images/shoe_01320.jpg
shoe_01321,UrbanStep Casual Orange 01321,footwear,orange,casual,images/shoe_01321.jpg
shoe_01322,PeakWalk Slip-On Black 01322,footwear,black,slip-on,images/shoe_01322.jpg
shoe_01323,ApexRun Casual White 01323,footwear,white,casual,images/shoe_01323.jpg
shoe_01324,ApexRun Slip-On Pink 01324,footwear,pink,slip-on,images/shoe_01324.jpg
shoe_01325,ApexRun Trail Brown 01325,footwear,brown,trail,images/shoe_01325.jpg
shoe_01326,PeakWalk Low-Top Yellow 01326,footwear,yellow,low-top,images/shoe_01326.jpg
shoe_01327,MotionX Trail Navy 01327,footwear,navy,trail,images/shoe_01327.jpg
shoe_01328,StreetFlex Low-Top Black 01328,footwear,black,low-top,images/shoe_01328.jpg
shoe_01329,StreetFlex Trainer Gray 01329,footwear,gray,trainer,images/shoe_01329.jpg
shoe_01330,StrideLab Casual Navy 01330,footwear,navy,casual,images/shoe_01330.jpg
shoe_01331,StreetFlex Low-Top Red 01331,footwear,red,low-top,images/shoe_01331.jpg
shoe_01332,PeakWalk Basketball Brown 01332,footwear,brown,basketball,images/shoe_01332.jpg
shoe_01333,MotionX Low-Top Navy 01333,footwear,navy,low-top,images/shoe_01333.jpg
shoe_01334,NovaFit Slip-On Brown 01334,footwear,brown,slip-on,images/shoe_01334.jpg
shoe_01335,NovaFit Trail White 01335,footwear,white,trail,images/shoe_01335.jpg
shoe_01336,MotionX Low-Top Purple 01336,footwear,purple,low-top,images/shoe_01336.jpg
shoe_01337,StreetFlex Basketball Red 01337,footwear,red,basketball,images/shoe_01337.jpg
shoe_01338,StrideLab Casual Pink 01338,footwear,pink,casual,images/shoe_01338.jpg
shoe_01339,UrbanStep Runner Black 01339,footwear,black,runner,images/shoe_01339.jpg
shoe_01340,StrideLab High-Top Blue 01340,footwear,blue,high-top,images/shoe_01340.jpg
shoe_01341,StreetFlex Trail Purple 01341,footwear,purple,trail,images/shoe_01341.jpg
shoe_01342,StrideLab Trainer Blue 01342,footwear,blue,trainer,images/shoe_01342.jpg
shoe_01343,NovaFit Casual Red 01343,footwear,red,casual,images/shoe_01343.jpg
shoe_01344,MotionX Runner White 01344,footwear,white,runner,images/shoe_01344.jpg
shoe_01345,StrideLab Runner White 01345,footwear,white,runner,images/shoe_01345.jpg
shoe_01346,ApexRun Basketball Purple 01346,footwear,purple,basketball,images/shoe_01346.jpg
shoe_01347,StrideLab Basketball Red 01347,footwear,red,basketball,images/shoe_01347.jpg
shoe_01348,NovaFit Trail Navy 01348,footwear,navy,trail,images/shoe_01348.jpg
shoe_01349,TrailCore Trainer Red 01349,footwear,red,trainer,images/shoe_01349.jpg
shoe_01350,PeakWalk Trail Green 01350,footwear,green,trail,images/shoe_01350.jpg
shoe_01351,TrailCore Slip-On Brown 01351,footwear,brown,slip-on,images/shoe_01351.jpg
shoe_01352,NovaFit Low-Top Blue 01352,footwear,blue,low-top,images/shoe_01352.jpg
shoe_01353,StrideLab Trainer Gray 01353,footwear,gray,trainer,images/shoe_01353.jpg
shoe_01354,StrideLab Runner Pink 01354,footwear,pink,runner,images/shoe_01354.jpg
shoe_01355,UrbanStep Runner Blue 01355,footwear,blue,runner,images/shoe_01355.jpg
shoe_01356,NovaFit Basketball Black 01356,footwear,black,basketball,images/shoe_01356.jpg
shoe_01357,StreetFlex High-Top Pink 01357,footwear,pink,high-top,images/shoe_01357.jpg
shoe_01358,TrailCore Trail Red 01358,footwear,red,trail,images/shoe_01358.jpg
shoe_01359,StreetFlex Trail Blue 01359,footwear,blue,trail,images/shoe_01359.jpg
shoe_01360,StrideLab Low-Top Yellow 01360,footwear,yellow,low-top,images/shoe_01360.jpg
shoe_01361,NovaFit Casual Purple 01361,footwear,purple,casual,images/shoe_01361.jpg
shoe_01362,UrbanStep High-Top White 01362,footwear,white,high-top,images/shoe_01362.jpg
shoe_01363,StrideLab Slip-On Gray 01363,footwear,gray,slip-on,images/shoe_01363.jpg
shoe_01364,TrailCore Trail White 01364,footwear,white,trail,images/shoe_01364.jpg
shoe_01365,ApexRun Basketball Black 01365,footwear,black,basketball,images/shoe_01365.jpg
shoe_01366,MotionX Slip-On Blue 01366,footwear,blue,slip-on,images/shoe_01366.jpg
shoe_01367,StrideLab Basketball Orange 01367,footwear,orange,basketball,images/shoe_01367.jpg
shoe_01368,StrideLab Slip-On Red 01368,footwear,red,slip-on,images/shoe_01368.jpg
shoe_01369,MotionX Trainer Gray 01369,footwear,gray,trainer,images/shoe_01369.jpg
shoe_01370,StrideLab Runner Orange 01370,footwear,orange,runner,images/shoe_01370.jpg
shoe_01371,MotionX Trail Pink 01371,footwear,pink,trail,images/shoe_01371.jpg
shoe_01372,ApexRun Runner Brown 01372,footwear,brown,runner,images/shoe_01372.jpg
shoe_01373,MotionX Casual Yellow 01373,footwear,yellow,casual,images/shoe_01373.jpg
shoe_01374,ApexRun Basketball Blue 01374,footwear,blue,basketball,images/shoe_01374.jpg
shoe_01375,StreetFlex Trainer Red 01375,footwear,red,trainer,images/shoe_01375.jpg
shoe_01376,TrailCore Runner Brown 01376,footwear,brown,runner,images/shoe_01376.jpg
shoe_01377,ApexRun High-Top Purple 01377,footwear,purple,high-top,images/shoe_01377.jpg
shoe_01378,NovaFit High-Top Yellow 01378,footwear,yellow,high-top,images/shoe_01378.jpg
shoe_01379,PeakWalk High-Top Pink 01379,footwear,pink,high-top,images/shoe_01379.jpg
shoe_01380,ApexRun Slip-On Red 01380,footwear,red,slip-on,images/shoe_01380.jpg
shoe_01381,PeakWalk Runner White 01381,footwear,white,runner,images/shoe_01381.jpg
shoe_01382,StreetFlex Trainer Gray 01382,footwear,gray,trainer,images/shoe_01382.jpg
shoe_01383,MotionX Trail Orange 01383,footwear,orange,trail,images/shoe_01383.jpg
shoe_01384,ApexRun Runner Blue 01384,footwear,blue,runner,images/shoe_01384.jpg
shoe_01385,NovaFit Trainer Black 01385,footwear,black,trainer,images/shoe_01385.jpg
shoe_01386,PeakWalk Runner Brown 01386,footwear,brown,runner,images/shoe_01386.jpg
shoe_01387,NovaFit Casual Black 01387,footwear,black,casual,images/shoe_01387.jpg
shoe_01388,NovaFit Low-Top Navy 01388,footwear,navy,low-top,images/shoe_01388.jpg
shoe_01389,UrbanStep Casual Navy 01389,footwear,navy,casual,images/shoe_01389.jpg
shoe_01390,StrideLab Trail White 01390,footwear,white,trail,images/shoe_01390.jpg
shoe_01391,StreetFlex Basketball Pink 01391,footwear,pink,basketball,images/shoe_01391.jpg
shoe_01392,NovaFit Basketball Blue 01392,footwear,blue,basketball,images/shoe_01392.jpg
shoe_01393,TrailCore Trainer Black 01393,footwear,black,trainer,images/shoe_01393.jpg
shoe_01394,TrailCore Runner White 01394,footwear,white,runner,images/shoe_01394.jpg
shoe_01395,ApexRun Runner Orange 01395,footwear,orange,runner,images/shoe_01395.jpg
shoe_01396,ApexRun Trainer Navy 01396,footwear,navy,trainer,images/shoe_01396.jpg
shoe_01397,UrbanStep Runner White 01397,footwear,white,runner,images/shoe_01397.jpg
shoe_01398,MotionX Low-Top Purple 01398,footwear,purple,low-top,images/shoe_01398.jpg
shoe_01399,StreetFlex Basketball Black 01399,footwear,black,basketball,images/shoe_01399.jpg
shoe_01400,MotionX Trainer Pink 01400,footwear,pink,trainer,images/shoe_01400.jpg
shoe_01401,PeakWalk Casual Red 01401,footwear,red,casual,images/shoe_01401.jpg
shoe_01402,StrideLab High-Top Brown 01402,footwear,brown,high-top,images/shoe_01402.jpg
shoe_01403,TrailCore Slip-On White 01403,footwear,white,slip-on,images/shoe_01403.jpg
shoe_01404,TrailCore Basketball Purple 01404,footwear,purple,basketball,images/shoe_01404.jpg
shoe_01405,StreetFlex Slip-On Purple 01405,footwear,purple,slip-on,images/shoe_01405.jpg
shoe_01406,TrailCore Slip-On Gray 01406,footwear,gray,slip-on,images/shoe_01406.jpg
shoe_01407,StreetFlex Slip-On Gray 01407,footwear,gray,slip-on,images/shoe_01407.jpg
shoe_01408,ApexRun High-Top Navy 01408,footwear,navy,high-top,images/shoe_01408.jpg
shoe_01409,PeakWalk Casual Yellow 01409,footwear,yellow,casual,images/shoe_01409.jpg
shoe_01410,TrailCore High-Top Green 01410,footwear,green,high-top,images/shoe_01410.jpg
shoe_01411,MotionX Trainer Red 01411,footwear,red,trainer,images/shoe_01411.jpg
shoe_01412,StrideLab Trainer Navy 01412,footwear,navy,trainer,images/shoe_01412.jpg
shoe_01413,ApexRun Low-Top Yellow 01413,footwear,yellow,low-top,images/shoe_01413.jpg
shoe_01414,PeakWalk Trail Blue 01414,footwear,blue,trail,images/shoe_01414.jpg
shoe_01415,PeakWalk Runner White 01415,footwear,white,runner,images/shoe_01415.jpg
shoe_01416,MotionX Slip-On Black 01416,footwear,black,slip-on,images/shoe_01416.jpg
shoe_01417,MotionX Casual Pink 01417,footwear,pink,casual,images/shoe_01417.jpg
shoe_01418,MotionX Runner White 01418,footwear,white,runner,images/shoe_01418.jpg
shoe_01419,PeakWalk Casual Pink 01419,footwear,pink,casual,images/shoe_01419.jpg
shoe_01420,NovaFit Casual Black 01420,footwear,black,casual,images/shoe_01420.jpg
shoe_01421,TrailCore Runner Purple 01421,footwear,purple,runner,images/shoe_01421.jpg
shoe_01422,UrbanStep Casual Blue 01422,footwear,blue,casual,images/shoe_01422.jpg
shoe_01423,ApexRun Casual Brown 01423,footwear,brown,casual,images/shoe_01423.jpg
shoe_01424,ApexRun Slip-On Brown 01424,footwear,brown,slip-on,images/shoe_01424.jpg
shoe_01425,ApexRun Basketball Gray 01425,footwear,gray,basketball,images/shoe_01425.jpg
shoe_01426,MotionX Basketball Pink 01426,footwear,pink,basketball,images/shoe_01426.jpg
shoe_01427,ApexRun Trainer Pink 01427,footwear,pink,trainer,images/shoe_01427.jpg
shoe_01428,NovaFit Casual Yellow 01428,footwear,yellow,casual,images/shoe_01428.jpg
shoe_01429,StrideLab Runner Navy 01429,footwear,navy,runner,images/shoe_01429.jpg
shoe_01430,MotionX Casual Gray 01430,footwear,gray,casual,images/shoe_01430.jpg
shoe_01431,NovaFit Trail Gray 01431,footwear,gray,trail,images/shoe_01431.jpg
shoe_01432,UrbanStep Slip-On Pink 01432,footwear,pink,slip-on,images/shoe_01432.jpg
shoe_01433,TrailCore Trail Orange 01433,footwear,orange,trail,images/shoe_01433.jpg
shoe_01434,MotionX Runner Red 01434,footwear,red,runner,images/shoe_01434.jpg
shoe_01435,StrideLab Slip-On Brown 01435,footwear,brown,slip-on,images/shoe_01435.jpg
shoe_01436,StreetFlex Slip-On Blue 01436,footwear,blue,slip-on,images/shoe_01436.jpg
shoe_01437,ApexRun Casual Pink 01437,footwear,pink,casual,images/shoe_01437.jpg
shoe_01438,StreetFlex Slip-On Pink 01438,footwear,pink,slip-on,images/shoe_01438.jpg
shoe_01439,ApexRun Slip-On Green 01439,footwear,green,slip-on,images/shoe_01439.jpg
shoe_01440,StreetFlex Slip-On White 01440,footwear,white,slip-on,images/shoe_01440.jpg
shoe_01441,PeakWalk Low-Top Green 01441,footwear,green,low-top,images/shoe_01441.jpg
shoe_01442,PeakWalk Runner Purple 01442,footwear,purple,runner,images/shoe_01442.jpg
shoe_01443,ApexRun Trail Black 01443,footwear,black,trail,images/shoe_01443.jpg
shoe_01444,TrailCore Trail Yellow 01444,footwear,yellow,trail,images/shoe_01444.jpg
shoe_01445,StrideLab Runner Orange 01445,footwear,orange,runner,images/shoe_01445.jpg
shoe_01446,StrideLab Basketball Green 01446,footwear,green,basketball,images/shoe_01446.jpg
shoe_01447,MotionX Low-Top Purple 01447,footwear,purple,low-top,images/shoe_01447.jpg
shoe_01448,PeakWalk Slip-On Green 01448,footwear,green,slip-on,images/shoe_01448.jpg
shoe_01449,UrbanStep Trainer Red 01449,footwear,red,trainer,images/shoe_01449.jpg
shoe_01450,TrailCore Runner Red 01450,footwear,red,runner,images/shoe_01450.jpg
shoe_01451,UrbanStep Runner White 01451,footwear,white,runner,images/shoe_01451.jpg
shoe_01452,StreetFlex Trail Brown 01452,footwear,brown,trail,images/shoe_01452.jpg
shoe_01453,ApexRun Trainer Black 01453,footwear,black,trainer,images/shoe_01453.jpg
shoe_01454,MotionX Slip-On Navy 01454,footwear,navy,slip-on,images/shoe_01454.jpg
shoe_01455,ApexRun Basketball Black 01455,footwear,black,basketball,images/shoe_01455.jpg
shoe_01456,StreetFlex Trainer Pink 01456,footwear,pink,trainer,images/shoe_01456.jpg
shoe_01457,PeakWalk High-Top White 01457,footwear,white,high-top,images/shoe_01457.jpg
shoe_01458,TrailCore High-Top White 01458,footwear,white,high-top,images/shoe_01458.jpg
shoe_01459,StreetFlex Basketball Blue 01459,footwear,blue,basketball,images/shoe_01459.jpg
shoe_01460,StrideLab Casual Brown 01460,footwear,brown,casual,images/shoe_01460.jpg
shoe_01461,MotionX Casual Brown 01461,footwear,brown,casual,images/shoe_01461.jpg
shoe_01462,StreetFlex Runner Red 01462,footwear,red,runner,images/shoe_01462.jpg
shoe_01463,StreetFlex Basketball Pink 01463,footwear,pink,basketball,images/shoe_01463.jpg
shoe_01464,PeakWalk Basketball Orange 01464,footwear,orange,basketball,images/shoe_01464.jpg
shoe_01465,UrbanStep Runner Green 01465,footwear,green,runner,images/shoe_01465.jpg
shoe_01466,MotionX Runner Yellow 01466,footwear,yellow,runner,images/shoe_01466.jpg
shoe_01467,StrideLab Runner Red 01467,footwear,red,runner,images/shoe_01467.jpg
shoe_01468,StreetFlex Trainer Pink 01468,footwear,pink,trainer,images/shoe_01468.jpg
shoe_01469,TrailCore Basketball Gray 01469,footwear,gray,basketball,images/shoe_01469.jpg
shoe_01470,UrbanStep Runner Orange 01470,footwear,orange,runner,images/shoe_01470.jpg
shoe_01471,StrideLab High-Top Orange 01471,footwear,orange,high-top,images/shoe_01471.jpg
shoe_01472,StrideLab Casual Blue 01472,footwear,blue,casual,images/shoe_01472.jpg
shoe_01473,PeakWalk Runner Gray 01473,footwear,gray,runner,images/shoe_01473.jpg
shoe_01474,StreetFlex Trail Brown 01474,footwear,brown,trail,images/shoe_01474.jpg
shoe_01475,MotionX Trainer Green 01475,footwear,green,trainer,images/shoe_01475.jpg
shoe_01476,TrailCore Basketball Blue 01476,footwear,blue,basketball,images/shoe_01476.jpg
shoe_01477,PeakWalk Trainer Yellow 01477,footwear,yellow,trainer,images/shoe_01477.jpg
shoe_01478,TrailCore High-Top Yellow 01478,footwear,yellow,high-top,images/shoe_01478.jpg
shoe_01479,StreetFlex Casual Purple 01479,footwear,purple,casual,images/shoe_01479.jpg
shoe_01480,StrideLab Basketball White 01480,footwear,white,basketball,images/shoe_01480.jpg
shoe_01481,TrailCore Trail Yellow 01481,footwear,yellow,trail,images/shoe_01481.jpg
shoe_01482,TrailCore Casual Purple 01482,footwear,purple,casual,images/shoe_01482.jpg
shoe_01483,TrailCore Low-Top Pink 01483,footwear,pink,low-top,images/shoe_01483.jpg
shoe_01484,MotionX Low-Top Orange 01484,footwear,orange,low-top,images/shoe_01484.jpg
shoe_01485,StreetFlex Basketball Green 01485,footwear,green,basketball,images/shoe_01485.jpg
shoe_01486,NovaFit High-Top White 01486,footwear,white,high-top,images/shoe_01486.jpg
shoe_01487,PeakWalk Low-Top Orange 01487,footwear,orange,low-top,images/shoe_01487.jpg
shoe_01488,UrbanStep Trainer Brown 01488,footwear,brown,trainer,images/shoe_01488.jpg
shoe_01489,UrbanStep Runner Purple 01489,footwear,purple,runner,images/shoe_01489.jpg
shoe_01490,MotionX Casual White 01490,footwear,white,casual,images/shoe_01490.jpg
shoe_01491,StrideLab Trail Gray 01491,footwear,gray,trail,images/shoe_01491.jpg
shoe_01492,NovaFit Runner Red 01492,footwear,red,runner,images/shoe_01492.jpg
shoe_01493,StrideLab Low-Top Black 01493,footwear,black,low-top,images/shoe_01493.jpg
shoe_01494,NovaFit Casual Red 01494,footwear,red,casual,images/shoe_01494.jpg
shoe_01495,NovaFit Low-Top Yellow 01495,footwear,yellow,low-top,images/shoe_01495.jpg
shoe_01496,MotionX Trainer Navy 01496,footwear,navy,trainer,images/shoe_01496.jpg
shoe_01497,StreetFlex Basketball White 01497,footwear,white,basketball,images/shoe_01497.jpg
shoe_01498,ApexRun High-Top Pink 01498,footwear,pink,high-top,images/shoe_01498.jpg
shoe_01499,PeakWalk Basketball White 01499,footwear,white,basketball,images/shoe_01499.jpg
shoe_01500,NovaFit Trail Orange 01500,footwear,orange,trail,images/shoe_01500.jpg
shoe_01501,UrbanStep Trail Green 01501,footwear,green,trail,images/shoe_01501.jpg
shoe_01502,StrideLab Low-Top Navy 01502,footwear,navy,low-top,images/shoe_01502.jpg
shoe_01503,StreetFlex Runner Red 01503,footwear,red,runner,images/shoe_01503.jpg
shoe_01504,NovaFit Trail Brown 01504,footwear,brown,trail,images/shoe_01504.jpg
shoe_01505,UrbanStep Trail Yellow 01505,footwear,yellow,trail,images/shoe_01505.jpg
shoe_01506,StrideLab Slip-On Gray 01506,footwear,gray,slip-on,images/shoe_01506.jpg
shoe_01507,PeakWalk Slip-On Blue 01507,footwear,blue,slip-on,images/shoe_01507.jpg
shoe_01508,NovaFit Runner Yellow 01508,footwear,yellow,runner,images/shoe_01508.jpg
shoe_01509,NovaFit Basketball Green 01509,footwear,green,basketball,images/shoe_01509.jpg
shoe_01510,UrbanStep Low-Top Yellow 01510,footwear,yellow,low-top,images/shoe_01510.jpg
shoe_01511,NovaFit Trainer Black 01511,footwear,black,trainer,images/shoe_01511.jpg
shoe_01512,StreetFlex Slip-On Gray 01512,footwear,gray,slip-on,images/shoe_01512.jpg
shoe_01513,MotionX Basketball White 01513,footwear,white,basketball,images/shoe_01513.jpg
shoe_01514,MotionX High-Top Red 01514,footwear,red,high-top,images/shoe_01514.jpg
shoe_01515,PeakWalk Trail Green 01515,footwear,green,trail,images/shoe_01515.jpg
shoe_01516,MotionX Low-Top Blue 01516,footwear,blue,low-top,images/shoe_01516.jpg
shoe_01517,TrailCore High-Top Green 01517,footwear,green,high-top,images/shoe_01517.jpg
shoe_01518,UrbanStep Slip-On Brown 01518,footwear,brown,slip-on,images/shoe_01518.jpg
shoe_01519,UrbanStep Trainer White 01519,footwear,white,trainer,images/shoe_01519.jpg
shoe_01520,TrailCore Runner Black 01520,footwear,black,runner,images/shoe_01520.jpg
shoe_01521,ApexRun Trail Black 01521,footwear,black,trail,images/shoe_01521.jpg
shoe_01522,MotionX Trainer Yellow 01522,footwear,yellow,trainer,images/shoe_01522.jpg
shoe_01523,PeakWalk Casual Pink 01523,footwear,pink,casual,images/shoe_01523.jpg
shoe_01524,PeakWalk Low-Top Gray 01524,footwear,gray,low-top,images/shoe_01524.jpg
shoe_01525,StrideLab High-Top Green 01525,footwear,green,high-top,images/shoe_01525.jpg
shoe_01526,PeakWalk Casual Purple 01526,footwear,purple,casual,images/shoe_01526.jpg
shoe_01527,UrbanStep High-Top Green 01527,footwear,green,high-top,images/shoe_01527.jpg
shoe_01528,StreetFlex High-Top Green 01528,footwear,green,high-top,images/shoe_01528.jpg
shoe_01529,StrideLab Trainer White 01529,footwear,white,trainer,images/shoe_01529.jpg
shoe_01530,StreetFlex Low-Top Yellow 01530,footwear,yellow,low-top,images/shoe_01530.jpg
shoe_01531,StrideLab Trail Green 01531,footwear,green,trail,images/shoe_01531.jpg
shoe_01532,ApexRun Basketball Navy 01532,footwear,navy,basketball,images/shoe_01532.jpg
shoe_01533,StreetFlex High-Top Orange 01533,footwear,orange,high-top,images/shoe_01533.jpg
shoe_01534,ApexRun Runner Blue 01534,footwear,blue,runner,images/shoe_01534.jpg
shoe_01535,NovaFit Low-Top Blue 01535,footwear,blue,low-top,images/shoe_01535.jpg
shoe_01536,MotionX Trainer Blue 01536,footwear,blue,trainer,images/shoe_01536.jpg
shoe_01537,PeakWalk Low-Top Purple 01537,footwear,purple,low-top,images/shoe_01537.jpg
shoe_01538,MotionX Trail Red 01538,footwear,red,trail,images/shoe_01538.jpg
shoe_01539,StrideLab Trainer Red 01539,footwear,red,trainer,images/shoe_01539.jpg
shoe_01540,ApexRun Trainer Gray 01540,footwear,gray,trainer,images/shoe_01540.jpg
shoe_01541,PeakWalk High-Top Orange 01541,footwear,orange,high-top,images/shoe_01541.jpg
shoe_01542,UrbanStep Trainer Gray 01542,footwear,gray,trainer,images/shoe_01542.jpg
shoe_01543,MotionX Casual Black 01543,footwear,black,casual,images/shoe_01543.jpg
shoe_01544,TrailCore Casual Pink 01544,footwear,pink,casual,images/shoe_01544.jpg
shoe_01545,PeakWalk Basketball Brown 01545,footwear,brown,basketball,images/shoe_01545.jpg
shoe_01546,MotionX Low-Top Gray 01546,footwear,gray,low-top,images/shoe_01546.jpg
shoe_01547,PeakWalk Slip-On Blue 01547,footwear,blue,slip-on,images/shoe_01547.jpg
shoe_01548,StreetFlex Casual Purple 01548,footwear,purple,casual,images/shoe_01548.jpg
shoe_01549,MotionX Trail Gray 01549,footwear,gray,trail,images/shoe_01549.jpg
shoe_01550,StrideLab Trainer White 01550,footwear,white,trainer,images/shoe_01550.jpg
shoe_01551,PeakWalk Casual Green 01551,footwear,green,casual,images/shoe_01551.jpg
shoe_01552,NovaFit Trainer Yellow 01552,footwear,yellow,trainer,images/shoe_01552.jpg
shoe_01553,PeakWalk Low-Top White 01553,footwear,white,low-top,images/shoe_01553.jpg
shoe_01554,StreetFlex High-Top Yellow 01554,footwear,yellow,high-top,images/shoe_01554.jpg
shoe_01555,UrbanStep Casual Navy 01555,footwear,navy,casual,images/shoe_01555.jpg
shoe_01556,NovaFit Trail Purple 01556,footwear,purple,trail,images/shoe_01556.jpg
shoe_01557,ApexRun Trainer Brown 01557,footwear,brown,trainer,images/shoe_01557.jpg
shoe_01558,TrailCore Slip-On Green 01558,footwear,green,slip-on,images/shoe_01558.jpg
shoe_01559,StreetFlex Runner Orange 01559,footwear,orange,runner,images/shoe_01559.jpg
shoe_01560,NovaFit Basketball Green 01560,footwear,green,basketball,images/shoe_01560.jpg
shoe_01561,NovaFit Trail Orange 01561,footwear,orange,trail,images/shoe_01561.jpg
shoe_01562,ApexRun Slip-On Orange 01562,footwear,orange,slip-on,images/shoe_01562.jpg
shoe_01563,TrailCore Trail Green 01563,footwear,green,trail,images/shoe_01563.jpg
shoe_01564,MotionX Runner Yellow 01564,footwear,yellow,runner,images/shoe_01564.jpg
shoe_01565,TrailCore Casual Purple 01565,footwear,purple,casual,images/shoe_01565.jpg
shoe_01566,TrailCore Low-Top Pink 01566,footwear,pink,low-top,images/shoe_01566.jpg
shoe_01567,StreetFlex High-Top Brown 01567,footwear,brown,high-top,images/shoe_01567.jpg
shoe_01568,ApexRun Runner Red 01568,footwear,red,runner,images/shoe_01568.jpg
shoe_01569,StreetFlex High-Top Orange 01569,footwear,orange,high-top,images/shoe_01569.jpg
shoe_01570,ApexRun High-Top Yellow 01570,footwear,yellow,high-top,images/shoe_01570.jpg
shoe_01571,StreetFlex Trainer Gray 01571,footwear,gray,trainer,images/shoe_01571.jpg
shoe_01572,UrbanStep Trainer Gray 01572,footwear,gray,trainer,images/shoe_01572.jpg
shoe_01573,TrailCore Casual Gray 01573,footwear,gray,casual,images/shoe_01573.jpg
shoe_01574,StreetFlex Low-Top Green 01574,footwear,green,low-top,images/shoe_01574.jpg
shoe_01575,TrailCore Casual Yellow 01575,footwear,yellow,casual,images/shoe_01575.jpg
shoe_01576,ApexRun Trainer Gray 01576,footwear,gray,trainer,images/shoe_01576.jpg
shoe_01577,StrideLab Runner Black 01577,footwear,black,runner,images/shoe_01577.jpg
shoe_01578,PeakWalk Casual Gray 01578,footwear,gray,casual,images/shoe_01578.jpg
shoe_01579,MotionX Low-Top Black 01579,footwear,black,low-top,images/shoe_01579.jpg
shoe_01580,TrailCore Runner Green 01580,footwear,green,runner,images/shoe_01580.jpg
shoe_01581,ApexRun Trainer Brown 01581,footwear,brown,trainer,images/shoe_01581.jpg
shoe_01582,NovaFit High-Top Green 01582,footwear,green,high-top,images/shoe_01582.jpg
shoe_01583,UrbanStep Casual Brown 01583,footwear,brown,casual,images/shoe_01583.jpg
shoe_01584,StrideLab Slip-On Navy 01584,footwear,navy,slip-on,images/shoe_01584.jpg
shoe_01585,NovaFit High-Top White 01585,footwear,white,high-top,images/shoe_01585.jpg
shoe_01586,UrbanStep Runner Black 01586,footwear,black,runner,images/shoe_01586.jpg
shoe_01587,TrailCore Casual White 01587,footwear,white,casual,images/shoe_01587.jpg
shoe_01588,StreetFlex Slip-On Pink 01588,footwear,pink,slip-on,images/shoe_01588.jpg
shoe_01589,MotionX Runner Orange 01589,footwear,orange,runner,images/shoe_01589.jpg
shoe_01590,TrailCore Trail Green 01590,footwear,green,trail,images/shoe_01590.jpg
shoe_01591,PeakWalk Slip-On White 01591,footwear,white,slip-on,images/shoe_01591.jpg
shoe_01592,NovaFit Slip-On Orange 01592,footwear,orange,slip-on,images/shoe_01592.jpg
shoe_01593,NovaFit Trainer White 01593,footwear,white,trainer,images/shoe_01593.jpg
shoe_01594,PeakWalk Slip-On Gray 01594,footwear,gray,slip-on,images/shoe_01594.jpg
shoe_01595,NovaFit Trainer Green 01595,footwear,green,trainer,images/shoe_01595.jpg
shoe_01596,NovaFit Trail Black 01596,footwear,black,trail,images/shoe_01596.jpg
shoe_01597,PeakWalk High-Top Yellow 01597,footwear,yellow,high-top,images/shoe_01597.jpg
shoe_01598,NovaFit Runner Blue 01598,footwear,blue,runner,images/shoe_01598.jpg
shoe_01599,StreetFlex Trail Blue 01599,footwear,blue,trail,images/shoe_01599.jpg
shoe_01600,MotionX High-Top Purple 01600,footwear,purple,high-top,images/shoe_01600.jpg
shoe_01601,StrideLab Low-Top Yellow 01601,footwear,yellow,low-top,images/shoe_01601.jpg
shoe_01602,TrailCore Low-Top White 01602,footwear,white,low-top,images/shoe_01602.jpg
shoe_01603,StrideLab Trainer Purple 01603,footwear,purple,trainer,images/shoe_01603.jpg
shoe_01604,PeakWalk Casual Red 01604,footwear,red,casual,images/shoe_01604.jpg
shoe_01605,ApexRun Trainer Gray 01605,footwear,gray,trainer,images/shoe_01605.jpg
shoe_01606,NovaFit Slip-On Purple 01606,footwear,purple,slip-on,images/shoe_01606.jpg
shoe_01607,UrbanStep Basketball Green 01607,footwear,green,basketball,images/shoe_01607.jpg
shoe_01608,NovaFit Basketball Black 01608,footwear,black,basketball,images/shoe_01608.jpg
shoe_01609,TrailCore Slip-On Black 01609,footwear,black,slip-on,images/shoe_01609.jpg
shoe_01610,PeakWalk Trail Gray 01610,footwear,gray,trail,images/shoe_01610.jpg
shoe_01611,StreetFlex Trainer Yellow 01611,footwear,yellow,trainer,images/shoe_01611.jpg
shoe_01612,StrideLab Trail Purple 01612,footwear,purple,trail,images/shoe_01612.jpg
shoe_01613,StrideLab Casual White 01613,footwear,white,casual,images/shoe_01613.jpg
shoe_01614,ApexRun Low-Top Orange 01614,footwear,orange,low-top,images/shoe_01614.jpg
shoe_01615,UrbanStep High-Top Red 01615,footwear,red,high-top,images/shoe_01615.jpg
shoe_01616,StrideLab Trail Blue 01616,footwear,blue,trail,images/shoe_01616.jpg
shoe_01617,PeakWalk Casual Black 01617,footwear,black,casual,images/shoe_01617.jpg
shoe_01618,UrbanStep Trail Red 01618,footwear,red,trail,images/shoe_01618.jpg
shoe_01619,NovaFit Casual Navy 01619,footwear,navy,casual,images/shoe_01619.jpg
shoe_01620,StrideLab Slip-On Black 01620,footwear,black,slip-on,images/shoe_01620.jpg
shoe_01621,MotionX Slip-On Orange 01621,footwear,orange,slip-on,images/shoe_01621.jpg
shoe_01622,StreetFlex Basketball Gray 01622,footwear,gray,basketball,images/shoe_01622.jpg
shoe_01623,UrbanStep Low-Top Pink 01623,footwear,pink,low-top,images/shoe_01623.jpg
shoe_01624,StreetFlex Trainer Green 01624,footwear,green,trainer,images/shoe_01624.jpg
shoe_01625,PeakWalk Slip-On Gray 01625,footwear,gray,slip-on,images/shoe_01625.jpg
shoe_01626,StreetFlex Trainer Purple 01626,footwear,purple,trainer,images/shoe_01626.jpg
shoe_01627,UrbanStep Low-Top Navy 01627,footwear,navy,low-top,images/shoe_01627.jpg
shoe_01628,ApexRun Trail Gray 01628,footwear,gray,trail,images/shoe_01628.jpg
shoe_01629,UrbanStep Casual Yellow 01629,footwear,yellow,casual,images/shoe_01629.jpg
shoe_01630,StrideLab Trail Red 01630,footwear,red,trail,images/shoe_01630.jpg
shoe_01631,TrailCore Slip-On Black 01631,footwear,black,slip-on,images/shoe_01631.jpg
shoe_01632,PeakWalk High-Top Blue 01632,footwear,blue,high-top,images/shoe_01632.jpg
shoe_01633,ApexRun High-Top Yellow 01633,footwear,yellow,high-top,images/shoe_01633.jpg
shoe_01634,UrbanStep Trail Pink 01634,footwear,pink,trail,images/shoe_01634.jpg
shoe_01635,TrailCore Basketball White 01635,footwear,white,basketball,images/shoe_01635.jpg
shoe_01636,TrailCore Runner Yellow 01636,footwear,yellow,runner,images/shoe_01636.jpg
shoe_01637,NovaFit Slip-On Green 01637,footwear,green,slip-on,images/shoe_01637.jpg
shoe_01638,StreetFlex Slip-On Pink 01638,footwear,pink,slip-on,images/shoe_01638.jpg
shoe_01639,MotionX Casual Pink 01639,footwear,pink,casual,images/shoe_01639.jpg
shoe_01640,StrideLab Trainer Gray 01640,footwear,gray,trainer,images/shoe_01640.jpg
shoe_01641,StrideLab Low-Top Pink 01641,footwear,pink,low-top,images/shoe_01641.jpg
shoe_01642,MotionX Trainer Navy 01642,footwear,navy,trainer,images/shoe_01642.jpg
shoe_01643,StrideLab Slip-On Red 01643,footwear,red,slip-on,images/shoe_01643.jpg
shoe_01644,StreetFlex Casual Red 01644,footwear,red,casual,images/shoe_01644.jpg
shoe_01645,PeakWalk Slip-On Pink 01645,footwear,pink,slip-on,images/shoe_01645.jpg
shoe_01646,ApexRun Low-Top Blue 01646,footwear,blue,low-top,images/shoe_01646.jpg
shoe_01647,StrideLab Trainer Blue 01647,footwear,blue,trainer,images/shoe_01647.jpg
shoe_01648,UrbanStep Low-Top Pink 01648,footwear,pink,low-top,images/shoe_01648.jpg
shoe_01649,ApexRun Trail Red 01649,footwear,red,trail,images/shoe_01649.jpg
shoe_01650,ApexRun High-Top Yellow 01650,footwear,yellow,high-top,images/shoe_01650.jpg
shoe_01651,NovaFit Trail Red 01651,footwear,red,trail,images/shoe_01651.jpg
shoe_01652,StreetFlex Trail Brown 01652,footwear,brown,trail,images/shoe_01652.jpg
shoe_01653,TrailCore High-Top Green 01653,footwear,green,high-top,images/shoe_01653.jpg
shoe_01654,NovaFit Casual Gray 01654,footwear,gray,casual,images/shoe_01654.jpg
shoe_01655,StreetFlex Trail Orange 01655,footwear,orange,trail,images/shoe_01655.jpg
shoe_01656,StrideLab Basketball Green 01656,footwear,green,basketball,images/shoe_01656.jpg
shoe_01657,UrbanStep Trainer Pink 01657,footwear,pink,trainer,images/shoe_01657.jpg
shoe_01658,UrbanStep Slip-On Brown 01658,footwear,brown,slip-on,images/shoe_01658.jpg
shoe_01659,PeakWalk Trail Orange 01659,footwear,orange,trail,images/shoe_01659.jpg
shoe_01660,StrideLab Slip-On Navy 01660,footwear,navy,slip-on,images/shoe_01660.jpg
shoe_01661,StreetFlex Casual Gray 01661,footwear,gray,casual,images/shoe_01661.jpg
shoe_01662,StreetFlex Runner Red 01662,footwear,red,runner,images/shoe_01662.jpg
shoe_01663,NovaFit Basketball Purple 01663,footwear,purple,basketball,images/shoe_01663.jpg
shoe_01664,NovaFit Trainer Blue 01664,footwear,blue,trainer,images/shoe_01664.jpg
shoe_01665,ApexRun Low-Top Yellow 01665,footwear,yellow,low-top,images/shoe_01665.jpg
shoe_01666,StreetFlex Trail Blue 01666,footwear,blue,trail,images/shoe_01666.jpg
shoe_01667,ApexRun Trainer Gray 01667,footwear,gray,trainer,images/shoe_01667.jpg
shoe_01668,StreetFlex Slip-On Pink 01668,footwear,pink,slip-on,images/shoe_01668.jpg
shoe_01669,MotionX Basketball White 01669,footwear,white,basketball,images/shoe_01669.jpg
shoe_01670,MotionX Runner Gray 01670,footwear,gray,runner,images/shoe_01670.jpg
shoe_01671,PeakWalk Slip-On Black 01671,footwear,black,slip-on,images/shoe_01671.jpg
shoe_01672,MotionX Runner Orange 01672,footwear,orange,runner,images/shoe_01672.jpg
shoe_01673,ApexRun Runner Green 01673,footwear,green,runner,images/shoe_01673.jpg
shoe_01674,PeakWalk Trail Navy 01674,footwear,navy,trail,images/shoe_01674.jpg
shoe_01675,PeakWalk Low-Top Purple 01675,footwear,purple,low-top,images/shoe_01675.jpg
shoe_01676,ApexRun High-Top Navy 01676,footwear,navy,high-top,images/shoe_01676.jpg
shoe_01677,UrbanStep Runner Yellow 01677,footwear,yellow,runner,images/shoe_01677.jpg
shoe_01678,UrbanStep Low-Top Navy 01678,footwear,navy,low-top,images/shoe_01678.jpg
shoe_01679,StrideLab Casual White 01679,footwear,white,casual,images/shoe_01679.jpg
shoe_01680,ApexRun Trail Black 01680,footwear,black,trail,images/shoe_01680.jpg
shoe_01681,MotionX High-Top Yellow 01681,footwear,yellow,high-top,images/shoe_01681.jpg
shoe_01682,StreetFlex Runner Blue 01682,footwear,blue,runner,images/shoe_01682.jpg
shoe_01683,UrbanStep Basketball Brown 01683,footwear,brown,basketball,images/shoe_01683.jpg
shoe_01684,ApexRun Basketball Pink 01684,footwear,pink,basketball,images/shoe_01684.jpg
shoe_01685,NovaFit Casual Brown 01685,footwear,brown,casual,images/shoe_01685.jpg
shoe_01686,StrideLab Runner Brown 01686,footwear,brown,runner,images/shoe_01686.jpg
shoe_01687,MotionX Low-Top Blue 01687,footwear,blue,low-top,images/shoe_01687.jpg
shoe_01688,PeakWalk Low-Top White 01688,footwear,white,low-top,images/shoe_01688.jpg
shoe_01689,TrailCore Slip-On Black 01689,footwear,black,slip-on,images/shoe_01689.jpg
shoe_01690,UrbanStep Casual Navy 01690,footwear,navy,casual,images/shoe_01690.jpg
shoe_01691,MotionX Runner Brown 01691,footwear,brown,runner,images/shoe_01691.jpg
shoe_01692,StrideLab Basketball Green 01692,footwear,green,basketball,images/shoe_01692.jpg
shoe_01693,StrideLab Trail Yellow 01693,footwear,yellow,trail,images/shoe_01693.jpg
shoe_01694,StrideLab Trail Pink 01694,footwear,pink,trail,images/shoe_01694.jpg
shoe_01695,UrbanStep High-Top White 01695,footwear,white,high-top,images/shoe_01695.jpg
shoe_01696,UrbanStep High-Top Navy 01696,footwear,navy,high-top,images/shoe_01696.jpg
shoe_01697,UrbanStep Runner Yellow 01697,footwear,yellow,runner,images/shoe_01697.jpg
shoe_01698,StreetFlex Trainer Black 01698,footwear,black,trainer,images/shoe_01698.jpg
shoe_01699,TrailCore High-Top Purple 01699,footwear,purple,high-top,images/shoe_01699.jpg
shoe_01700,UrbanStep Trainer Green 01700,footwear,green,trainer,images/shoe_01700.jpg
shoe_01701,NovaFit Runner Green 01701,footwear,green,runner,images/shoe_01701.jpg
shoe_01702,UrbanStep Slip-On Navy 01702,footwear,navy,slip-on,images/shoe_01702.jpg
shoe_01703,StreetFlex Low-Top Green 01703,footwear,green,low-top,images/shoe_01703.jpg
shoe_01704,TrailCore Trainer Orange 01704,footwear,orange,trainer,images/shoe_01704.jpg
shoe_01705,UrbanStep Trainer Green 01705,footwear,green,trainer,images/shoe_01705.jpg
shoe_01706,PeakWalk Slip-On Green 01706,footwear,green,slip-on,images/shoe_01706.jpg
shoe_01707,PeakWalk High-Top Green 01707,footwear,green,high-top,images/shoe_01707.jpg
shoe_01708,StreetFlex Basketball Yellow 01708,footwear,yellow,basketball,images/shoe_01708.jpg
shoe_01709,UrbanStep Trail Brown 01709,footwear,brown,trail,images/shoe_01709.jpg
shoe_01710,UrbanStep Casual Black 01710,footwear,black,casual,images/shoe_01710.jpg
shoe_01711,NovaFit Trainer Gray 01711,footwear,gray,trainer,images/shoe_01711.jpg
shoe_01712,TrailCore Slip-On Yellow 01712,footwear,yellow,slip-on,images/shoe_01712.jpg
shoe_01713,StrideLab Slip-On Yellow 01713,footwear,yellow,slip-on,images/shoe_01713.jpg
shoe_01714,MotionX Trainer Gray 01714,footwear,gray,trainer,images/shoe_01714.jpg
shoe_01715,MotionX Trail Blue 01715,footwear,blue,trail,images/shoe_01715.jpg
shoe_01716,UrbanStep High-Top Black 01716,footwear,black,high-top,images/shoe_01716.jpg
shoe_01717,PeakWalk Low-Top Purple 01717,footwear,purple,low-top,images/shoe_01717.jpg
shoe_01718,StreetFlex Basketball Pink 01718,footwear,pink,basketball,images/shoe_01718.jpg
shoe_01719,ApexRun Casual Pink 01719,footwear,pink,casual,images/shoe_01719.jpg
shoe_01720,StreetFlex High-Top Yellow 01720,footwear,yellow,high-top,images/shoe_01720.jpg
shoe_01721,NovaFit Low-Top Black 01721,footwear,black,low-top,images/shoe_01721.jpg
shoe_01722,StreetFlex Basketball Purple 01722,footwear,purple,basketball,images/shoe_01722.jpg
shoe_01723,UrbanStep High-Top Brown 01723,footwear,brown,high-top,images/shoe_01723.jpg
shoe_01724,UrbanStep Slip-On Yellow 01724,footwear,yellow,slip-on,images/shoe_01724.jpg
shoe_01725,ApexRun Low-Top Purple 01725,footwear,purple,low-top,images/shoe_01725.jpg
shoe_01726,NovaFit Trail Purple 01726,footwear,purple,trail,images/shoe_01726.jpg
shoe_01727,PeakWalk Casual Navy 01727,footwear,navy,casual,images/shoe_01727.jpg
shoe_01728,StreetFlex Slip-On Blue 01728,footwear,blue,slip-on,images/shoe_01728.jpg
shoe_01729,PeakWalk Basketball Pink 01729,footwear,pink,basketball,images/shoe_01729.jpg
shoe_01730,MotionX Casual Brown 01730,footwear,brown,casual,images/shoe_01730.jpg
shoe_01731,StrideLab Trainer Black 01731,footwear,black,trainer,images/shoe_01731.jpg
shoe_01732,MotionX Casual Orange 01732,footwear,orange,casual,images/shoe_01732.jpg
shoe_01733,ApexRun Casual Pink 01733,footwear,pink,casual,images/shoe_01733.jpg
shoe_01734,MotionX Low-Top Red 01734,footwear,red,low-top,images/shoe_01734.jpg
shoe_01735,UrbanStep Trainer Pink 01735,footwear,pink,trainer,images/shoe_01735.jpg
shoe_01736,ApexRun Basketball Red 01736,footwear,red,basketball,images/shoe_01736.jpg
shoe_01737,UrbanStep Slip-On White 01737,footwear,white,slip-on,images/shoe_01737.jpg
shoe_01738,NovaFit Trail Yellow 01738,footwear,yellow,trail,images/shoe_01738.jpg
shoe_01739,ApexRun Trail Red 01739,footwear,red,trail,images/shoe_01739.jpg
shoe_01740,TrailCore Low-Top Brown 01740,footwear,brown,low-top,images/shoe_01740.jpg
shoe_01741,MotionX Slip-On Red 01741,footwear,red,slip-on,images/shoe_01741.jpg
shoe_01742,TrailCore Low-Top White 01742,footwear,white,low-top,images/shoe_01742.jpg
shoe_01743,StrideLab Casual Blue 01743,footwear,blue,casual,images/shoe_01743.jpg
shoe_01744,UrbanStep Trainer Navy 01744,footwear,navy,trainer,images/shoe_01744.jpg
shoe_01745,ApexRun Basketball Brown 01745,footwear,brown,basketball,images/shoe_01745.jpg
shoe_01746,StreetFlex Low-Top Purple 01746,footwear,purple,low-top,images/shoe_01746.jpg
shoe_01747,NovaFit Trail White 01747,footwear,white,trail,images/shoe_01747.jpg
shoe_01748,PeakWalk Trainer Navy 01748,footwear,navy,trainer,images/shoe_01748.jpg
shoe_01749,PeakWalk Casual Brown 01749,footwear,brown,casual,images/shoe_01749.jpg
shoe_01750,StrideLab Trainer Navy 01750,footwear,navy,trainer,images/shoe_01750.jpg
shoe_01751,StreetFlex Low-Top Orange 01751,footwear,orange,low-top,images/shoe_01751.jpg
shoe_01752,StreetFlex Casual Red 01752,footwear,red,casual,images/shoe_01752.jpg
shoe_01753,NovaFit Casual Green 01753,footwear,green,casual,images/shoe_01753.jpg
shoe_01754,StreetFlex High-Top Gray 01754,footwear,gray,high-top,images/shoe_01754.jpg
shoe_01755,TrailCore Runner Purple 01755,footwear,purple,runner,images/shoe_01755.jpg
shoe_01756,TrailCore Low-Top Pink 01756,footwear,pink,low-top,images/shoe_01756.jpg
shoe_01757,StreetFlex Basketball Yellow 01757,footwear,yellow,basketball,images/shoe_01757.jpg
shoe_01758,NovaFit Runner Gray 01758,footwear,gray,runner,images/shoe_01758.jpg
shoe_01759,UrbanStep Trainer White 01759,footwear,white,trainer,images/shoe_01759.jpg
shoe_01760,ApexRun Trainer Purple 01760,footwear,purple,trainer,images/shoe_01760.jpg
shoe_01761,NovaFit Slip-On Blue 01761,footwear,blue,slip-on,images/shoe_01761.jpg
shoe_01762,NovaFit Basketball White 01762,footwear,white,basketball,images/shoe_01762.jpg
shoe_01763,NovaFit Low-Top Brown 01763,footwear,brown,low-top,images/shoe_01763.jpg
shoe_01764,MotionX Slip-On Red 01764,footwear,red,slip-on,images/shoe_01764.jpg
shoe_01765,ApexRun Trail Orange 01765,footwear,orange,trail,images/shoe_01765.jpg
shoe_01766,UrbanStep Casual Green 01766,footwear,green,casual,images/shoe_01766.jpg
shoe_01767,StrideLab Casual Red 01767,footwear,red,casual,images/shoe_01767.jpg
shoe_01768,StreetFlex High-Top Purple 01768,footwear,purple,high-top,images/shoe_01768.jpg
shoe_01769,NovaFit High-Top Brown 01769,footwear,brown,high-top,images/shoe_01769.jpg
shoe_01770,StreetFlex Low-Top Black 01770,footwear,black,low-top,images/shoe_01770.jpg
shoe_01771,PeakWalk Casual Red 01771,footwear,red,casual,images/shoe_01771.jpg
shoe_01772,NovaFit Trail Black 01772,footwear,black,trail,images/shoe_01772.jpg
shoe_01773,MotionX Runner Orange 01773,footwear,orange,runner,images/shoe_01773.jpg
shoe_01774,StrideLab Slip-On Orange 01774,footwear,orange,slip-on,images/shoe_01774.jpg
shoe_01775,StreetFlex Trail Pink 01775,footwear,pink,trail,images/shoe_01775.jpg
shoe_01776,StreetFlex Basketball Purple 01776,footwear,purple,basketball,images/shoe_01776.jpg
shoe_01777,NovaFit Low-Top White 01777,footwear,white,low-top,images/shoe_01777.jpg
shoe_01778,StrideLab Casual Gray 01778,footwear,gray,casual,images/shoe_01778.jpg
shoe_01779,StreetFlex Runner Red 01779,footwear,red,runner,images/shoe_01779.jpg
shoe_01780,TrailCore Slip-On Navy 01780,footwear,navy,slip-on,images/shoe_01780.jpg
shoe_01781,NovaFit Trail Gray 01781,footwear,gray,trail,images/shoe_01781.jpg
shoe_01782,MotionX Trail Black 01782,footwear,black,trail,images/shoe_01782.jpg
shoe_01783,PeakWalk High-Top Black 01783,footwear,black,high-top,images/shoe_01783.jpg
shoe_01784,ApexRun Basketball Purple 01784,footwear,purple,basketball,images/shoe_01784.jpg
shoe_01785,MotionX Basketball Pink 01785,footwear,pink,basketball,images/shoe_01785.jpg
shoe_01786,MotionX Basketball Orange 01786,footwear,orange,basketball,images/shoe_01786.jpg
shoe_01787,UrbanStep Slip-On Black 01787,footwear,black,slip-on,images/shoe_01787.jpg
shoe_01788,NovaFit Basketball Green 01788,footwear,green,basketball,images/shoe_01788.jpg
shoe_01789,StreetFlex Trail Black 01789,footwear,black,trail,images/shoe_01789.jpg
shoe_01790,StrideLab Runner Green 01790,footwear,green,runner,images/shoe_01790.jpg
shoe_01791,NovaFit Runner Yellow 01791,footwear,yellow,runner,images/shoe_01791.jpg
shoe_01792,StrideLab Low-Top Blue 01792,footwear,blue,low-top,images/shoe_01792.jpg
shoe_01793,UrbanStep High-Top Gray 01793,footwear,gray,high-top,images/shoe_01793.jpg
shoe_01794,PeakWalk Low-Top Navy 01794,footwear,navy,low-top,images/shoe_01794.jpg
shoe_01795,StreetFlex Slip-On Orange 01795,footwear,orange,slip-on,images/shoe_01795.jpg
shoe_01796,PeakWalk Trainer Purple 01796,footwear,purple,trainer,images/shoe_01796.jpg
shoe_01797,StreetFlex High-Top Black 01797,footwear,black,high-top,images/shoe_01797.jpg
shoe_01798,UrbanStep Runner Yellow 01798,footwear,yellow,runner,images/shoe_01798.jpg
shoe_01799,NovaFit High-Top Pink 01799,footwear,pink,high-top,images/shoe_01799.jpg
shoe_01800,StreetFlex High-Top Gray 01800,footwear,gray,high-top,images/shoe_01800.jpg
shoe_01801,NovaFit Slip-On Brown 01801,footwear,brown,slip-on,images/shoe_01801.jpg
shoe_01802,UrbanStep Runner Orange 01802,footwear,orange,runner,images/shoe_01802.jpg
shoe_01803,StrideLab Slip-On Navy 01803,footwear,navy,slip-on,images/shoe_01803.jpg
shoe_01804,TrailCore High-Top Orange 01804,footwear,orange,high-top,images/shoe_01804.jpg
shoe_01805,MotionX Slip-On Pink 01805,footwear,pink,slip-on,images/shoe_01805.jpg
shoe_01806,ApexRun Trainer Pink 01806,footwear,pink,trainer,images/shoe_01806.jpg
shoe_01807,TrailCore Trail Yellow 01807,footwear,yellow,trail,images/shoe_01807.jpg
shoe_01808,UrbanStep Slip-On Orange 01808,footwear,orange,slip-on,images/shoe_01808.jpg
shoe_01809,NovaFit Runner Green 01809,footwear,green,runner,images/shoe_01809.jpg
shoe_01810,MotionX Slip-On Red 01810,footwear,red,slip-on,images/shoe_01810.jpg
shoe_01811,TrailCore Casual Black 01811,footwear,black,casual,images/shoe_01811.jpg
shoe_01812,UrbanStep Casual Black 01812,footwear,black,casual,images/shoe_01812.jpg
shoe_01813,PeakWalk Slip-On Green 01813,footwear,green,slip-on,images/shoe_01813.jpg
shoe_01814,StrideLab Basketball Pink 01814,footwear,pink,basketball,images/shoe_01814.jpg
shoe_01815,ApexRun Trainer Blue 01815,footwear,blue,trainer,images/shoe_01815.jpg
shoe_01816,TrailCore Basketball Navy 01816,footwear,navy,basketball,images/shoe_01816.jpg
shoe_01817,PeakWalk Slip-On White 01817,footwear,white,slip-on,images/shoe_01817.jpg
shoe_01818,StreetFlex Casual Pink 01818,footwear,pink,casual,images/shoe_01818.jpg
shoe_01819,PeakWalk Casual Gray 01819,footwear,gray,casual,images/shoe_01819.jpg
shoe_01820,StreetFlex Runner Gray 01820,footwear,gray,runner,images/shoe_01820.jpg
shoe_01821,StreetFlex Basketball Yellow 01821,footwear,yellow,basketball,images/shoe_01821.jpg
shoe_01822,PeakWalk Low-Top Purple 01822,footwear,purple,low-top,images/shoe_01822.jpg
shoe_01823,TrailCore Trail Navy 01823,footwear,navy,trail,images/shoe_01823.jpg
shoe_01824,NovaFit Low-Top Gray 01824,footwear,gray,low-top,images/shoe_01824.jpg
shoe_01825,ApexRun Casual Green 01825,footwear,green,casual,images/shoe_01825.jpg
shoe_01826,PeakWalk High-Top Brown 01826,footwear,brown,high-top,images/shoe_01826.jpg
shoe_01827,StrideLab Basketball Gray 01827,footwear,gray,basketball,images/shoe_01827.jpg
shoe_01828,MotionX Basketball Blue 01828,footwear,blue,basketball,images/shoe_01828.jpg
shoe_01829,PeakWalk Basketball Green 01829,footwear,green,basketball,images/shoe_01829.jpg
shoe_01830,ApexRun Trail Brown 01830,footwear,brown,trail,images/shoe_01830.jpg
shoe_01831,StreetFlex Low-Top Red 01831,footwear,red,low-top,images/shoe_01831.jpg
shoe_01832,NovaFit Casual Pink 01832,footwear,pink,casual,images/shoe_01832.jpg
shoe_01833,PeakWalk Slip-On Black 01833,footwear,black,slip-on,images/shoe_01833.jpg
shoe_01834,UrbanStep Casual Blue 01834,footwear,blue,casual,images/shoe_01834.jpg
shoe_01835,StrideLab High-Top Orange 01835,footwear,orange,high-top,images/shoe_01835.jpg
shoe_01836,TrailCore Trainer Orange 01836,footwear,orange,trainer,images/shoe_01836.jpg
shoe_01837,UrbanStep Slip-On White 01837,footwear,white,slip-on,images/shoe_01837.jpg
shoe_01838,NovaFit Casual Red 01838,footwear,red,casual,images/shoe_01838.jpg
shoe_01839,NovaFit Trainer Yellow 01839,footwear,yellow,trainer,images/shoe_01839.jpg
shoe_01840,StreetFlex Slip-On Pink 01840,footwear,pink,slip-on,images/shoe_01840.jpg
shoe_01841,StreetFlex High-Top Yellow 01841,footwear,yellow,high-top,images/shoe_01841.jpg
shoe_01842,TrailCore Casual Gray 01842,footwear,gray,casual,images/shoe_01842.jpg
shoe_01843,PeakWalk Trail Orange 01843,footwear,orange,trail,images/shoe_01843.jpg
shoe_01844,UrbanStep Trail Green 01844,footwear,green,trail,images/shoe_01844.jpg
shoe_01845,MotionX Casual Red 01845,footwear,red,casual,images/shoe_01845.jpg
shoe_01846,PeakWalk Basketball Black 01846,footwear,black,basketball,images/shoe_01846.jpg
shoe_01847,StrideLab Low-Top Brown 01847,footwear,brown,low-top,images/shoe_01847.jpg
shoe_01848,NovaFit Casual Orange 01848,footwear,orange,casual,images/shoe_01848.jpg
shoe_01849,ApexRun Trainer Orange 01849,footwear,orange,trainer,images/shoe_01849.jpg
shoe_01850,UrbanStep Trainer Pink 01850,footwear,pink,trainer,images/shoe_01850.jpg
shoe_01851,NovaFit High-Top Pink 01851,footwear,pink,high-top,images/shoe_01851.jpg
shoe_01852,TrailCore Basketball Black 01852,footwear,black,basketball,images/shoe_01852.jpg
shoe_01853,StrideLab Trail Red 01853,footwear,red,trail,images/shoe_01853.jpg
shoe_01854,NovaFit Runner Yellow 01854,footwear,yellow,runner,images/shoe_01854.jpg
shoe_01855,UrbanStep Trainer Gray 01855,footwear,gray,trainer,images/shoe_01855.jpg
shoe_01856,TrailCore Basketball Purple 01856,footwear,purple,basketball,images/shoe_01856.jpg
shoe_01857,TrailCore Trail Red 01857,footwear,red,trail,images/shoe_01857.jpg
shoe_01858,MotionX Low-Top Yellow 01858,footwear,yellow,low-top,images/shoe_01858.jpg
shoe_01859,TrailCore Runner White 01859,footwear,white,runner,images/shoe_01859.jpg
shoe_01860,PeakWalk Trail Pink 01860,footwear,pink,trail,images/shoe_01860.jpg
shoe_01861,TrailCore Trail Blue 01861,footwear,blue,trail,images/shoe_01861.jpg
shoe_01862,StrideLab Trail Red 01862,footwear,red,trail,images/shoe_01862.jpg
shoe_01863,UrbanStep Basketball Pink 01863,footwear,pink,basketball,images/shoe_01863.jpg
shoe_01864,StrideLab Trail Blue 01864,footwear,blue,trail,images/shoe_01864.jpg
shoe_01865,NovaFit Runner Black 01865,footwear,black,runner,images/shoe_01865.jpg
shoe_01866,NovaFit Trail Gray 01866,footwear,gray,trail,images/shoe_01866.jpg
shoe_01867,MotionX Casual White 01867,footwear,white,casual,images/shoe_01867.jpg
shoe_01868,ApexRun High-Top Navy 01868,footwear,navy,high-top,images/shoe_01868.jpg
shoe_01869,ApexRun Trail Purple 01869,footwear,purple,trail,images/shoe_01869.jpg
shoe_01870,ApexRun Casual Green 01870,footwear,green,casual,images/shoe_01870.jpg
shoe_01871,PeakWalk Casual Yellow 01871,footwear,yellow,casual,images/shoe_01871.jpg
shoe_01872,StrideLab High-Top Orange 01872,footwear,orange,high-top,images/shoe_01872.jpg
shoe_01873,StrideLab Slip-On Red 01873,footwear,red,slip-on,images/shoe_01873.jpg
shoe_01874,StreetFlex Low-Top Navy 01874,footwear,navy,low-top,images/shoe_01874.jpg
shoe_01875,UrbanStep Basketball Orange 01875,footwear,orange,basketball,images/shoe_01875.jpg
shoe_01876,TrailCore Trail Blue 01876,footwear,blue,trail,images/shoe_01876.jpg
shoe_01877,StreetFlex High-Top Green 01877,footwear,green,high-top,images/shoe_01877.jpg
shoe_01878,PeakWalk High-Top Brown 01878,footwear,brown,high-top,images/shoe_01878.jpg
shoe_01879,TrailCore Trail Navy 01879,footwear,navy,trail,images/shoe_01879.jpg
shoe_01880,MotionX Basketball Green 01880,footwear,green,basketball,images/shoe_01880.jpg
shoe_01881,StreetFlex Trail Navy 01881,footwear,navy,trail,images/shoe_01881.jpg
shoe_01882,MotionX Slip-On Purple 01882,footwear,purple,slip-on,images/shoe_01882.jpg
shoe_01883,UrbanStep Runner Pink 01883,footwear,pink,runner,images/shoe_01883.jpg
shoe_01884,ApexRun Slip-On Red 01884,footwear,red,slip-on,images/shoe_01884.jpg
shoe_01885,StreetFlex Basketball Blue 01885,footwear,blue,basketball,images/shoe_01885.jpg
shoe_01886,MotionX Slip-On Navy 01886,footwear,navy,slip-on,images/shoe_01886.jpg
shoe_01887,MotionX Low-Top Navy 01887,footwear,navy,low-top,images/shoe_01887.jpg
shoe_01888,MotionX Trail Purple 01888,footwear,purple,trail,images/shoe_01888.jpg
shoe_01889,UrbanStep Low-Top Red 01889,footwear,red,low-top,images/shoe_01889.jpg
shoe_01890,NovaFit Slip-On Pink 01890,footwear,pink,slip-on,images/shoe_01890.jpg
shoe_01891,ApexRun Trainer Green 01891,footwear,green,trainer,images/shoe_01891.jpg
shoe_01892,UrbanStep Slip-On Blue 01892,footwear,blue,slip-on,images/shoe_01892.jpg
shoe_01893,MotionX Runner Pink 01893,footwear,pink,runner,images/shoe_01893.jpg
shoe_01894,PeakWalk Casual Yellow 01894,footwear,yellow,casual,images/shoe_01894.jpg
shoe_01895,StreetFlex Low-Top Pink 01895,footwear,pink,low-top,images/shoe_01895.jpg
shoe_01896,StreetFlex Low-Top Brown 01896,footwear,brown,low-top,images/shoe_01896.jpg
shoe_01897,NovaFit Basketball Gray 01897,footwear,gray,basketball,images/shoe_01897.jpg
shoe_01898,PeakWalk Low-Top Purple 01898,footwear,purple,low-top,images/shoe_01898.jpg
shoe_01899,NovaFit Trail Red 01899,footwear,red,trail,images/shoe_01899.jpg
shoe_01900,StreetFlex High-Top Black 01900,footwear,black,high-top,images/shoe_01900.jpg
shoe_01901,TrailCore Slip-On Blue 01901,footwear,blue,slip-on,images/shoe_01901.jpg
shoe_01902,MotionX Low-Top Blue 01902,footwear,blue,low-top,images/shoe_01902.jpg
shoe_01903,TrailCore High-Top Pink 01903,footwear,pink,high-top,images/shoe_01903.jpg
shoe_01904,PeakWalk Trail Yellow 01904,footwear,yellow,trail,images/shoe_01904.jpg
shoe_01905,TrailCore Runner Pink 01905,footwear,pink,runner,images/shoe_01905.jpg
shoe_01906,StreetFlex Trainer Navy 01906,footwear,navy,trainer,images/shoe_01906.jpg
shoe_01907,NovaFit Runner Brown 01907,footwear,brown,runner,images/shoe_01907.jpg
shoe_01908,StreetFlex High-Top Brown 01908,footwear,brown,high-top,images/shoe_01908.jpg
shoe_01909,MotionX High-Top Gray 01909,footwear,gray,high-top,images/shoe_01909.jpg
shoe_01910,ApexRun High-Top Gray 01910,footwear,gray,high-top,images/shoe_01910.jpg
shoe_01911,TrailCore Trainer Purple 01911,footwear,purple,trainer,images/shoe_01911.jpg
shoe_01912,TrailCore Low-Top Green 01912,footwear,green,low-top,images/shoe_01912.jpg
shoe_01913,UrbanStep Trail Blue 01913,footwear,blue,trail,images/shoe_01913.jpg
shoe_01914,MotionX Slip-On Black 01914,footwear,black,slip-on,images/shoe_01914.jpg
shoe_01915,StrideLab Trainer White 01915,footwear,white,trainer,images/shoe_01915.jpg
shoe_01916,ApexRun Slip-On Red 01916,footwear,red,slip-on,images/shoe_01916.jpg
shoe_01917,TrailCore Trainer Blue 01917,footwear,blue,trainer,images/shoe_01917.jpg
shoe_01918,PeakWalk Trail Pink 01918,footwear,pink,trail,images/shoe_01918.jpg
shoe_01919,StreetFlex Runner White 01919,footwear,white,runner,images/shoe_01919.jpg
shoe_01920,TrailCore High-Top Brown 01920,footwear,brown,high-top,images/shoe_01920.jpg
shoe_01921,PeakWalk High-Top Purple 01921,footwear,purple,high-top,images/shoe_01921.jpg
shoe_01922,TrailCore Trail White 01922,footwear,white,trail,images/shoe_01922.jpg
shoe_01923,PeakWalk Trainer White 01923,footwear,white,trainer,images/shoe_01923.jpg
shoe_01924,NovaFit Runner Green 01924,footwear,green,runner,images/shoe_01924.jpg
shoe_01925,TrailCore Trail White 01925,footwear,white,trail,images/shoe_01925.jpg
shoe_01926,ApexRun Trail Pink 01926,footwear,pink,trail,images/shoe_01926.jpg
shoe_01927,MotionX Casual Green 01927,footwear,green,casual,images/shoe_01927.jpg
shoe_01928,StreetFlex Low-Top Purple 01928,footwear,purple,low-top,images/shoe_01928.jpg
shoe_01929,MotionX Trail Gray 01929,footwear,gray,trail,images/shoe_01929.jpg
shoe_01930,MotionX Slip-On Brown 01930,footwear,brown,slip-on,images/shoe_01930.jpg
shoe_01931,StreetFlex Trainer Gray 01931,footwear,gray,trainer,images/shoe_01931.jpg
shoe_01932,PeakWalk Slip-On Green 01932,footwear,green,slip-on,images/shoe_01932.jpg
shoe_01933,PeakWalk Low-Top White 01933,footwear,white,low-top,images/shoe_01933.jpg
shoe_01934,PeakWalk Basketball Black 01934,footwear,black,basketball,images/shoe_01934.jpg
shoe_01935,UrbanStep Low-Top Purple 01935,footwear,purple,low-top,images/shoe_01935.jpg
shoe_01936,MotionX Casual White 01936,footwear,white,casual,images/shoe_01936.jpg
shoe_01937,StreetFlex Trail White 01937,footwear,white,trail,images/shoe_01937.jpg
shoe_01938,TrailCore Low-Top Brown 01938,footwear,brown,low-top,images/shoe_01938.jpg
shoe_01939,TrailCore Trainer White 01939,footwear,white,trainer,images/shoe_01939.jpg
shoe_01940,StreetFlex Slip-On Green 01940,footwear,green,slip-on,images/shoe_01940.jpg
shoe_01941,StrideLab Trail Gray 01941,footwear,gray,trail,images/shoe_01941.jpg
shoe_01942,TrailCore Slip-On Brown 01942,footwear,brown,slip-on,images/shoe_01942.jpg
shoe_01943,StreetFlex Low-Top Pink 01943,footwear,pink,low-top,images/shoe_01943.jpg
shoe_01944,NovaFit Trainer Red 01944,footwear,red,trainer,images/shoe_01944.jpg
shoe_01945,UrbanStep Low-Top Red 01945,footwear,red,low-top,images/shoe_01945.jpg
shoe_01946,NovaFit Trail Yellow 01946,footwear,yellow,trail,images/shoe_01946.jpg
shoe_01947,TrailCore Slip-On Navy 01947,footwear,navy,slip-on,images/shoe_01947.jpg
shoe_01948,MotionX Trail Green 01948,footwear,green,trail,images/shoe_01948.jpg
shoe_01949,MotionX Low-Top Yellow 01949,footwear,yellow,low-top,images/shoe_01949.jpg
shoe_01950,StreetFlex Basketball Yellow 01950,footwear,yellow,basketball,images/shoe_01950.jpg
shoe_01951,NovaFit Slip-On Purple 01951,footwear,purple,slip-on,images/shoe_01951.jpg
shoe_01952,NovaFit Casual Pink 01952,footwear,pink,casual,images/shoe_01952.jpg
shoe_01953,ApexRun Casual Black 01953,footwear,black,casual,images/shoe_01953.jpg
shoe_01954,UrbanStep Basketball Orange 01954,footwear,orange,basketball,images/shoe_01954.jpg
shoe_01955,ApexRun Slip-On Purple 01955,footwear,purple,slip-on,images/shoe_01955.jpg
shoe_01956,TrailCore Trainer Navy 01956,footwear,navy,trainer,images/shoe_01956.jpg
shoe_01957,MotionX Slip-On Brown 01957,footwear,brown,slip-on,images/shoe_01957.jpg
shoe_01958,StreetFlex Runner Yellow 01958,footwear,yellow,runner,images/shoe_01958.jpg
shoe_01959,StreetFlex Casual Orange 01959,footwear,orange,casual,images/shoe_01959.jpg
shoe_01960,TrailCore Trainer Gray 01960,footwear,gray,trainer,images/shoe_01960.jpg
shoe_01961,MotionX Trail Pink 01961,footwear,pink,trail,images/shoe_01961.jpg
shoe_01962,TrailCore High-Top White 01962,footwear,white,high-top,images/shoe_01962.jpg
shoe_01963,PeakWalk Basketball Red 01963,footwear,red,basketball,images/shoe_01963.jpg
shoe_01964,ApexRun Trail Navy 01964,footwear,navy,trail,images/shoe_01964.jpg
shoe_01965,PeakWalk Casual Brown 01965,footwear,brown,casual,images/shoe_01965.jpg
shoe_01966,NovaFit Slip-On Blue 01966,footwear,blue,slip-on,images/shoe_01966.jpg
shoe_01967,ApexRun High-Top Black 01967,footwear,black,high-top,images/shoe_01967.jpg
shoe_01968,MotionX Basketball Brown 01968,footwear,brown,basketball,images/shoe_01968.jpg
shoe_01969,PeakWalk Basketball Gray 01969,footwear,gray,basketball,images/shoe_01969.jpg
shoe_01970,PeakWalk High-Top Green 01970,footwear,green,high-top,images/shoe_01970.jpg
shoe_01971,StreetFlex High-Top Red 01971,footwear,red,high-top,images/shoe_01971.jpg
shoe_01972,UrbanStep Casual Navy 01972,footwear,navy,casual,images/shoe_01972.jpg
shoe_01973,TrailCore Slip-On Red 01973,footwear,red,slip-on,images/shoe_01973.jpg
shoe_01974,PeakWalk High-Top Gray 01974,footwear,gray,high-top,images/shoe_01974.jpg
shoe_01975,MotionX Basketball Blue 01975,footwear,blue,basketball,images/shoe_01975.jpg
shoe_01976,ApexRun Slip-On Gray 01976,footwear,gray,slip-on,images/shoe_01976.jpg
shoe_01977,StreetFlex High-Top Red 01977,footwear,red,high-top,images/shoe_01977.jpg
shoe_01978,TrailCore Trail Yellow 01978,footwear,yellow,trail,images/shoe_01978.jpg
shoe_01979,PeakWalk Basketball Red 01979,footwear,red,basketball,images/shoe_01979.jpg
shoe_01980,StreetFlex Trail Blue 01980,footwear,blue,trail,images/shoe_01980.jpg
shoe_01981,MotionX Trainer Yellow 01981,footwear,yellow,trainer,images/shoe_01981.jpg
shoe_01982,UrbanStep Runner Green 01982,footwear,green,runner,images/shoe_01982.jpg
shoe_01983,NovaFit Casual White 01983,footwear,white,casual,images/shoe_01983.jpg
shoe_01984,ApexRun Trail Orange 01984,footwear,orange,trail,images/shoe_01984.jpg
shoe_01985,StreetFlex Runner Gray 01985,footwear,gray,runner,images/shoe_01985.jpg
shoe_01986,ApexRun Casual Black 01986,footwear,black,casual,images/shoe_01986.jpg
shoe_01987,PeakWalk Basketball Gray 01987,footwear,gray,basketball,images/shoe_01987.jpg
shoe_01988,StrideLab Basketball Green 01988,footwear,green,basketball,images/shoe_01988.jpg
shoe_01989,StrideLab High-Top Navy 01989,footwear,navy,high-top,images/shoe_01989.jpg
shoe_01990,UrbanStep High-Top Gray 01990,footwear,gray,high-top,images/shoe_01990.jpg
shoe_01991,PeakWalk High-Top Gray 01991,footwear,gray,high-top,images/shoe_01991.jpg
shoe_01992,StrideLab Trainer Pink 01992,footwear,pink,trainer,images/shoe_01992.jpg
shoe_01993,MotionX Casual Brown 01993,footwear,brown,casual,images/shoe_01993.jpg
shoe_01994,UrbanStep Trail Purple 01994,footwear,purple,trail,images/shoe_01994.jpg
shoe_01995,StrideLab Basketball Brown 01995,footwear,brown,basketball,images/shoe_01995.jpg
shoe_01996,PeakWalk Basketball Red 01996,footwear,red,basketball,images/shoe_01996.jpg
shoe_01997,ApexRun Casual Gray 01997,footwear,gray,casual,images/shoe_01997.jpg
shoe_01998,ApexRun Slip-On Orange 01998,footwear,orange,slip-on,images/shoe_01998.jpg
shoe_01999,ApexRun Casual Pink 01999,footwear,pink,casual,images/shoe_01999.jpg
shoe_02000,StreetFlex Trainer Black 02000,footwear,black,trainer,images/shoe_02000.jpg
shoe_02001,MotionX Low-Top Orange 02001,footwear,orange,low-top,images/shoe_02001.jpg
shoe_02002,PeakWalk Basketball Blue 02002,footwear,blue,basketball,images/shoe_02002.jpg
shoe_02003,StreetFlex Trainer Brown 02003,footwear,brown,trainer,images/shoe_02003.jpg
shoe_02004,TrailCore Low-Top Navy 02004,footwear,navy,low-top,images/shoe_02004.jpg
shoe_02005,MotionX Trainer Red 02005,footwear,red,trainer,images/shoe_02005.jpg
shoe_02006,ApexRun High-Top Red 02006,footwear,red,high-top,images/shoe_02006.jpg
shoe_02007,UrbanStep Runner Gray 02007,footwear,gray,runner,images/shoe_02007.jpg
shoe_02008,StrideLab Basketball Gray 02008,footwear,gray,basketball,images/shoe_02008.jpg
shoe_02009,TrailCore Basketball Yellow 02009,footwear,yellow,basketball,images/shoe_02009.jpg
shoe_02010,TrailCore Trainer Brown 02010,footwear,brown,trainer,images/shoe_02010.jpg
shoe_02011,NovaFit Low-Top Green 02011,footwear,green,low-top,images/shoe_02011.jpg
shoe_02012,TrailCore Trainer Green 02012,footwear,green,trainer,images/shoe_02012.jpg
shoe_02013,UrbanStep Runner Yellow 02013,footwear,yellow,runner,images/shoe_02013.jpg
shoe_02014,NovaFit High-Top Purple 02014,footwear,purple,high-top,images/shoe_02014.jpg
shoe_02015,TrailCore Trail Black 02015,footwear,black,trail,images/shoe_02015.jpg
shoe_02016,PeakWalk Runner Orange 02016,footwear,orange,runner,images/shoe_02016.jpg
shoe_02017,TrailCore Casual Purple 02017,footwear,purple,casual,images/shoe_02017.jpg
shoe_02018,StrideLab Casual Blue 02018,footwear,blue,casual,images/shoe_02018.jpg
shoe_02019,StrideLab Low-Top White 02019,footwear,white,low-top,images/shoe_02019.jpg
shoe_02020,StrideLab Trainer Red 02020,footwear,red,trainer,images/shoe_02020.jpg
shoe_02021,StreetFlex Basketball Purple 02021,footwear,purple,basketball,images/shoe_02021.jpg
shoe_02022,TrailCore Trainer Orange 02022,footwear,orange,trainer,images/shoe_02022.jpg
shoe_02023,PeakWalk Basketball White 02023,footwear,white,basketball,images/shoe_02023.jpg
shoe_02024,PeakWalk High-Top Green 02024,footwear,green,high-top,images/shoe_02024.jpg
shoe_02025,NovaFit Runner Black 02025,footwear,black,runner,images/shoe_02025.jpg
shoe_02026,StrideLab Casual Orange 02026,footwear,orange,casual,images/shoe_02026.jpg
shoe_02027,MotionX Basketball Yellow 02027,footwear,yellow,basketball,images/shoe_02027.jpg
shoe_02028,MotionX Casual White 02028,footwear,white,casual,images/shoe_02028.jpg
shoe_02029,NovaFit High-Top Blue 02029,footwear,blue,high-top,images/shoe_02029.jpg
shoe_02030,MotionX Runner Purple 02030,footwear,purple,runner,images/shoe_02030.jpg
shoe_02031,ApexRun Basketball Navy 02031,footwear,navy,basketball,images/shoe_02031.jpg
shoe_02032,UrbanStep Trainer Red 02032,footwear,red,trainer,images/shoe_02032.jpg
shoe_02033,UrbanStep Runner Pink 02033,footwear,pink,runner,images/shoe_02033.jpg
shoe_02034,UrbanStep Low-Top Gray 02034,footwear,gray,low-top,images/shoe_02034.jpg
shoe_02035,ApexRun Trail Navy 02035,footwear,navy,trail,images/shoe_02035.jpg
shoe_02036,MotionX Trainer Black 02036,footwear,black,trainer,images/shoe_02036.jpg
shoe_02037,UrbanStep Casual Yellow 02037,footwear,yellow,casual,images/shoe_02037.jpg
shoe_02038,UrbanStep Low-Top Orange 02038,footwear,orange,low-top,images/shoe_02038.jpg
shoe_02039,UrbanStep Low-Top Gray 02039,footwear,gray,low-top,images/shoe_02039.jpg
shoe_02040,UrbanStep High-Top Yellow 02040,footwear,yellow,high-top,images/shoe_02040.jpg
shoe_02041,TrailCore Trail Black 02041,footwear,black,trail,images/shoe_02041.jpg
shoe_02042,StreetFlex Casual Green 02042,footwear,green,casual,images/shoe_02042.jpg
shoe_02043,ApexRun Basketball Green 02043,footwear,green,basketball,images/shoe_02043.jpg
shoe_02044,ApexRun Basketball Black 02044,footwear,black,basketball,images/shoe_02044.jpg
shoe_02045,UrbanStep Runner Purple 02045,footwear,purple,runner,images/shoe_02045.jpg
shoe_02046,NovaFit Runner Orange 02046,footwear,orange,runner,images/shoe_02046.jpg
shoe_02047,UrbanStep Low-Top Pink 02047,footwear,pink,low-top,images/shoe_02047.jpg
shoe_02048,StreetFlex Runner White 02048,footwear,white,runner,images/shoe_02048.jpg
shoe_02049,NovaFit High-Top Blue 02049,footwear,blue,high-top,images/shoe_02049.jpg
shoe_02050,PeakWalk High-Top White 02050,footwear,white,high-top,images/shoe_02050.jpg
shoe_02051,PeakWalk Casual Purple 02051,footwear,purple,casual,images/shoe_02051.jpg
shoe_02052,MotionX Runner Red 02052,footwear,red,runner,images/shoe_02052.jpg
shoe_02053,MotionX Trail Purple 02053,footwear,purple,trail,images/shoe_02053.jpg
shoe_02054,StreetFlex Basketball Red 02054,footwear,red,basketball,images/shoe_02054.jpg
shoe_02055,PeakWalk High-Top Pink 02055,footwear,pink,high-top,images/shoe_02055.jpg
shoe_02056,UrbanStep Trainer Purple 02056,footwear,purple,trainer,images/shoe_02056.jpg
shoe_02057,UrbanStep Low-Top Blue 02057,footwear,blue,low-top,images/shoe_02057.jpg
shoe_02058,StrideLab High-Top Blue 02058,footwear,blue,high-top,images/shoe_02058.jpg
shoe_02059,MotionX Casual Navy 02059,footwear,navy,casual,images/shoe_02059.jpg
shoe_02060,TrailCore High-Top Pink 02060,footwear,pink,high-top,images/shoe_02060.jpg
shoe_02061,UrbanStep Slip-On Blue 02061,footwear,blue,slip-on,images/shoe_02061.jpg
shoe_02062,StreetFlex Slip-On Navy 02062,footwear,navy,slip-on,images/shoe_02062.jpg
shoe_02063,MotionX Trail Navy 02063,footwear,navy,trail,images/shoe_02063.jpg
shoe_02064,NovaFit Basketball Red 02064,footwear,red,basketball,images/shoe_02064.jpg
shoe_02065,ApexRun Low-Top Yellow 02065,footwear,yellow,low-top,images/shoe_02065.jpg
shoe_02066,ApexRun Casual Navy 02066,footwear,navy,casual,images/shoe_02066.jpg
shoe_02067,ApexRun Low-Top Blue 02067,footwear,blue,low-top,images/shoe_02067.jpg
shoe_02068,TrailCore Runner Red 02068,footwear,red,runner,images/shoe_02068.jpg
shoe_02069,StreetFlex Casual Red 02069,footwear,red,casual,images/shoe_02069.jpg
shoe_02070,PeakWalk Trail Black 02070,footwear,black,trail,images/shoe_02070.jpg
shoe_02071,NovaFit Trainer Yellow 02071,footwear,yellow,trainer,images/shoe_02071.jpg
shoe_02072,PeakWalk Trainer Purple 02072,footwear,purple,trainer,images/shoe_02072.jpg
shoe_02073,PeakWalk Slip-On Pink 02073,footwear,pink,slip-on,images/shoe_02073.jpg
shoe_02074,StreetFlex Slip-On White 02074,footwear,white,slip-on,images/shoe_02074.jpg
shoe_02075,MotionX Low-Top Yellow 02075,footwear,yellow,low-top,images/shoe_02075.jpg
shoe_02076,PeakWalk Trail Yellow 02076,footwear,yellow,trail,images/shoe_02076.jpg
shoe_02077,StreetFlex High-Top Brown 02077,footwear,brown,high-top,images/shoe_02077.jpg
shoe_02078,StrideLab Slip-On Gray 02078,footwear,gray,slip-on,images/shoe_02078.jpg
shoe_02079,ApexRun Casual Yellow 02079,footwear,yellow,casual,images/shoe_02079.jpg
shoe_02080,StrideLab Low-Top Gray 02080,footwear,gray,low-top,images/shoe_02080.jpg
shoe_02081,StrideLab Trail Blue 02081,footwear,blue,trail,images/shoe_02081.jpg
shoe_02082,UrbanStep Slip-On White 02082,footwear,white,slip-on,images/shoe_02082.jpg
shoe_02083,PeakWalk Slip-On Yellow 02083,footwear,yellow,slip-on,images/shoe_02083.jpg
shoe_02084,UrbanStep High-Top Orange 02084,footwear,orange,high-top,images/shoe_02084.jpg
shoe_02085,UrbanStep Trainer Orange 02085,footwear,orange,trainer,images/shoe_02085.jpg
shoe_02086,ApexRun Trainer Brown 02086,footwear,brown,trainer,images/shoe_02086.jpg
shoe_02087,UrbanStep Basketball Blue 02087,footwear,blue,basketball,images/shoe_02087.jpg
shoe_02088,StreetFlex Runner Pink 02088,footwear,pink,runner,images/shoe_02088.jpg
shoe_02089,UrbanStep Trainer Gray 02089,footwear,gray,trainer,images/shoe_02089.jpg
shoe_02090,StrideLab Low-Top Yellow 02090,footwear,yellow,low-top,images/shoe_02090.jpg
shoe_02091,TrailCore Low-Top Brown 02091,footwear,brown,low-top,images/shoe_02091.jpg
shoe_02092,NovaFit Low-Top Navy 02092,footwear,navy,low-top,images/shoe_02092.jpg
shoe_02093,ApexRun Slip-On Blue 02093,footwear,blue,slip-on,images/shoe_02093.jpg
shoe_02094,NovaFit Slip-On Orange 02094,footwear,orange,slip-on,images/shoe_02094.jpg
shoe_02095,PeakWalk Casual Gray 02095,footwear,gray,casual,images/shoe_02095.jpg
shoe_02096,UrbanStep Basketball Purple 02096,footwear,purple,basketball,images/shoe_02096.jpg
shoe_02097,ApexRun Slip-On Navy 02097,footwear,navy,slip-on,images/shoe_02097.jpg
shoe_02098,MotionX Slip-On White 02098,footwear,white,slip-on,images/shoe_02098.jpg
shoe_02099,ApexRun High-Top Blue 02099,footwear,blue,high-top,images/shoe_02099.jpg
shoe_02100,UrbanStep Low-Top Orange 02100,footwear,orange,low-top,images/shoe_02100.jpg
shoe_02101,TrailCore Low-Top Purple 02101,footwear,purple,low-top,images/shoe_02101.jpg
shoe_02102,NovaFit Low-Top Orange 02102,footwear,orange,low-top,images/shoe_02102.jpg
shoe_02103,TrailCore Trainer Orange 02103,footwear,orange,trainer,images/shoe_02103.jpg
shoe_02104,TrailCore High-Top Yellow 02104,footwear,yellow,high-top,images/shoe_02104.jpg
shoe_02105,NovaFit Low-Top Green 02105,footwear,green,low-top,images/shoe_02105.jpg
shoe_02106,TrailCore Low-Top White 02106,footwear,white,low-top,images/shoe_02106.jpg
shoe_02107,MotionX Low-Top Purple 02107,footwear,purple,low-top,images/shoe_02107.jpg
shoe_02108,StrideLab Runner Yellow 02108,footwear,yellow,runner,images/shoe_02108.jpg
shoe_02109,StrideLab Slip-On Gray 02109,footwear,gray,slip-on,images/shoe_02109.jpg
shoe_02110,TrailCore Trail Brown 02110,footwear,brown,trail,images/shoe_02110.jpg
shoe_02111,MotionX Trail Brown 02111,footwear,brown,trail,images/shoe_02111.jpg
shoe_02112,UrbanStep Trail White 02112,footwear,white,trail,images/shoe_02112.jpg
shoe_02113,MotionX Basketball White 02113,footwear,white,basketball,images/shoe_02113.jpg
shoe_02114,MotionX Casual Black 02114,footwear,black,casual,images/shoe_02114.jpg
shoe_02115,NovaFit Trail White 02115,footwear,white,trail,images/shoe_02115.jpg
shoe_02116,PeakWalk Low-Top Pink 02116,footwear,pink,low-top,images/shoe_02116.jpg
shoe_02117,StrideLab Trainer Green 02117,footwear,green,trainer,images/shoe_02117.jpg
shoe_02118,TrailCore Basketball White 02118,footwear,white,basketball,images/shoe_02118.jpg
shoe_02119,NovaFit Trail Brown 02119,footwear,brown,trail,images/shoe_02119.jpg
shoe_02120,StrideLab Runner Orange 02120,footwear,orange,runner,images/shoe_02120.jpg
shoe_02121,MotionX Slip-On Green 02121,footwear,green,slip-on,images/shoe_02121.jpg
shoe_02122,NovaFit Basketball Brown 02122,footwear,brown,basketball,images/shoe_02122.jpg
shoe_02123,StreetFlex Slip-On Brown 02123,footwear,brown,slip-on,images/shoe_02123.jpg
shoe_02124,StrideLab Runner White 02124,footwear,white,runner,images/shoe_02124.jpg
shoe_02125,TrailCore Trail Navy 02125,footwear,navy,trail,images/shoe_02125.jpg
shoe_02126,TrailCore Trail Pink 02126,footwear,pink,trail,images/shoe_02126.jpg
shoe_02127,MotionX Casual Pink 02127,footwear,pink,casual,images/shoe_02127.jpg
shoe_02128,NovaFit Trail White 02128,footwear,white,trail,images/shoe_02128.jpg
shoe_02129,ApexRun Casual Pink 02129,footwear,pink,casual,images/shoe_02129.jpg
shoe_02130,StrideLab High-Top Pink 02130,footwear,pink,high-top,images/shoe_02130.jpg
shoe_02131,StrideLab High-Top Pink 02131,footwear,pink,high-top,images/shoe_02131.jpg
shoe_02132,NovaFit Basketball Blue 02132,footwear,blue,basketball,images/shoe_02132.jpg
shoe_02133,StreetFlex Runner Orange 02133,footwear,orange,runner,images/shoe_02133.jpg
shoe_02134,PeakWalk Trail Brown 02134,footwear,brown,trail,images/shoe_02134.jpg
shoe_02135,NovaFit Runner Pink 02135,footwear,pink,runner,images/shoe_02135.jpg
shoe_02136,ApexRun Casual Brown 02136,footwear,brown,casual,images/shoe_02136.jpg
shoe_02137,ApexRun Low-Top Blue 02137,footwear,blue,low-top,images/shoe_02137.jpg
shoe_02138,StrideLab Basketball Brown 02138,footwear,brown,basketball,images/shoe_02138.jpg
shoe_02139,ApexRun Casual Green 02139,footwear,green,casual,images/shoe_02139.jpg
shoe_02140,MotionX Trail Navy 02140,footwear,navy,trail,images/shoe_02140.jpg
shoe_02141,StreetFlex Basketball Yellow 02141,footwear,yellow,basketball,images/shoe_02141.jpg
shoe_02142,PeakWalk Slip-On Blue 02142,footwear,blue,slip-on,images/shoe_02142.jpg
shoe_02143,PeakWalk Basketball Black 02143,footwear,black,basketball,images/shoe_02143.jpg
shoe_02144,UrbanStep Slip-On Navy 02144,footwear,navy,slip-on,images/shoe_02144.jpg
shoe_02145,NovaFit Basketball Blue 02145,footwear,blue,basketball,images/shoe_02145.jpg
shoe_02146,PeakWalk Low-Top Yellow 02146,footwear,yellow,low-top,images/shoe_02146.jpg
shoe_02147,StreetFlex Basketball White 02147,footwear,white,basketball,images/shoe_02147.jpg
shoe_02148,StreetFlex Trainer Pink 02148,footwear,pink,trainer,images/shoe_02148.jpg
shoe_02149,StrideLab High-Top Green 02149,footwear,green,high-top,images/shoe_02149.jpg
shoe_02150,StreetFlex Casual Brown 02150,footwear,brown,casual,images/shoe_02150.jpg
shoe_02151,UrbanStep Trail Pink 02151,footwear,pink,trail,images/shoe_02151.jpg
shoe_02152,MotionX Trainer Orange 02152,footwear,orange,trainer,images/shoe_02152.jpg
shoe_02153,StreetFlex Trail Navy 02153,footwear,navy,trail,images/shoe_02153.jpg
shoe_02154,StreetFlex Trail Yellow 02154,footwear,yellow,trail,images/shoe_02154.jpg
shoe_02155,StreetFlex Low-Top Red 02155,footwear,red,low-top,images/shoe_02155.jpg
shoe_02156,TrailCore High-Top Black 02156,footwear,black,high-top,images/shoe_02156.jpg
shoe_02157,MotionX Slip-On Pink 02157,footwear,pink,slip-on,images/shoe_02157.jpg
shoe_02158,NovaFit Low-Top Gray 02158,footwear,gray,low-top,images/shoe_02158.jpg
shoe_02159,TrailCore High-Top Pink 02159,footwear,pink,high-top,images/shoe_02159.jpg
shoe_02160,NovaFit High-Top White 02160,footwear,white,high-top,images/shoe_02160.jpg
shoe_02161,StreetFlex Low-Top Green 02161,footwear,green,low-top,images/shoe_02161.jpg
shoe_02162,NovaFit Basketball Gray 02162,footwear,gray,basketball,images/shoe_02162.jpg
shoe_02163,StrideLab Casual Red 02163,footwear,red,casual,images/shoe_02163.jpg
shoe_02164,StrideLab Slip-On Navy 02164,footwear,navy,slip-on,images/shoe_02164.jpg
shoe_02165,PeakWalk Trainer Yellow 02165,footwear,yellow,trainer,images/shoe_02165.jpg
shoe_02166,UrbanStep Trainer Black 02166,footwear,black,trainer,images/shoe_02166.jpg
shoe_02167,ApexRun Slip-On Brown 02167,footwear,brown,slip-on,images/shoe_02167.jpg
shoe_02168,TrailCore Trainer Purple 02168,footwear,purple,trainer,images/shoe_02168.jpg
shoe_02169,PeakWalk Trainer Blue 02169,footwear,blue,trainer,images/shoe_02169.jpg
shoe_02170,UrbanStep Trainer Brown 02170,footwear,brown,trainer,images/shoe_02170.jpg
shoe_02171,TrailCore Slip-On Black 02171,footwear,black,slip-on,images/shoe_02171.jpg
shoe_02172,PeakWalk Trail Black 02172,footwear,black,trail,images/shoe_02172.jpg
shoe_02173,NovaFit Trainer Orange 02173,footwear,orange,trainer,images/shoe_02173.jpg
shoe_02174,NovaFit Casual Red 02174,footwear,red,casual,images/shoe_02174.jpg
shoe_02175,StreetFlex Slip-On Navy 02175,footwear,navy,slip-on,images/shoe_02175.jpg
shoe_02176,StreetFlex Casual Green 02176,footwear,green,casual,images/shoe_02176.jpg
shoe_02177,StreetFlex Trainer Yellow 02177,footwear,yellow,trainer,images/shoe_02177.jpg
shoe_02178,StrideLab Basketball Gray 02178,footwear,gray,basketball,images/shoe_02178.jpg
shoe_02179,StreetFlex Low-Top Navy 02179,footwear,navy,low-top,images/shoe_02179.jpg
shoe_02180,UrbanStep Trainer Navy 02180,footwear,navy,trainer,images/shoe_02180.jpg
shoe_02181,StreetFlex Trail White 02181,footwear,white,trail,images/shoe_02181.jpg
shoe_02182,StreetFlex Trainer White 02182,footwear,white,trainer,images/shoe_02182.jpg
shoe_02183,PeakWalk Trainer Navy 02183,footwear,navy,trainer,images/shoe_02183.jpg
shoe_02184,PeakWalk Runner Green 02184,footwear,green,runner,images/shoe_02184.jpg
shoe_02185,PeakWalk Trail Pink 02185,footwear,pink,trail,images/shoe_02185.jpg
shoe_02186,StrideLab Casual Pink 02186,footwear,pink,casual,images/shoe_02186.jpg
shoe_02187,PeakWalk Runner Red 02187,footwear,red,runner,images/shoe_02187.jpg
shoe_02188,StreetFlex Runner Gray 02188,footwear,gray,runner,images/shoe_02188.jpg
shoe_02189,StrideLab Low-Top Purple 02189,footwear,purple,low-top,images/shoe_02189.jpg
shoe_02190,StrideLab Basketball Brown 02190,footwear,brown,basketball,images/shoe_02190.jpg
shoe_02191,MotionX Slip-On Navy 02191,footwear,navy,slip-on,images/shoe_02191.jpg
shoe_02192,PeakWalk Runner Navy 02192,footwear,navy,runner,images/shoe_02192.jpg
shoe_02193,NovaFit Low-Top Orange 02193,footwear,orange,low-top,images/shoe_02193.jpg
shoe_02194,MotionX Trail Blue 02194,footwear,blue,trail,images/shoe_02194.jpg
shoe_02195,StreetFlex Slip-On Gray 02195,footwear,gray,slip-on,images/shoe_02195.jpg
shoe_02196,UrbanStep Casual Blue 02196,footwear,blue,casual,images/shoe_02196.jpg
shoe_02197,ApexRun Basketball Gray 02197,footwear,gray,basketball,images/shoe_02197.jpg
shoe_02198,StreetFlex Runner Pink 02198,footwear,pink,runner,images/shoe_02198.jpg
shoe_02199,StrideLab High-Top Pink 02199,footwear,pink,high-top,images/shoe_02199.jpg
shoe_02200,NovaFit High-Top Pink 02200,footwear,pink,high-top,images/shoe_02200.jpg
shoe_02201,TrailCore Low-Top Navy 02201,footwear,navy,low-top,images/shoe_02201.jpg
shoe_02202,UrbanStep Low-Top Blue 02202,footwear,blue,low-top,images/shoe_02202.jpg
shoe_02203,StrideLab Trail Black 02203,footwear,black,trail,images/shoe_02203.jpg
shoe_02204,StrideLab High-Top Yellow 02204,footwear,yellow,high-top,images/shoe_02204.jpg
shoe_02205,NovaFit Casual Orange 02205,footwear,orange,casual,images/shoe_02205.jpg
shoe_02206,UrbanStep Trail Orange 02206,footwear,orange,trail,images/shoe_02206.jpg
shoe_02207,StrideLab Low-Top Yellow 02207,footwear,yellow,low-top,images/shoe_02207.jpg
shoe_02208,UrbanStep Basketball Green 02208,footwear,green,basketball,images/shoe_02208.jpg
shoe_02209,MotionX Casual Navy 02209,footwear,navy,casual,images/shoe_02209.jpg
shoe_02210,UrbanStep High-Top Purple 02210,footwear,purple,high-top,images/shoe_02210.jpg
shoe_02211,TrailCore Casual Green 02211,footwear,green,casual,images/shoe_02211.jpg
shoe_02212,StrideLab Basketball Blue 02212,footwear,blue,basketball,images/shoe_02212.jpg
shoe_02213,StrideLab Trail Yellow 02213,footwear,yellow,trail,images/shoe_02213.jpg
shoe_02214,ApexRun Slip-On Gray 02214,footwear,gray,slip-on,images/shoe_02214.jpg
shoe_02215,ApexRun Runner Pink 02215,footwear,pink,runner,images/shoe_02215.jpg
shoe_02216,StrideLab Basketball Brown 02216,footwear,brown,basketball,images/shoe_02216.jpg
shoe_02217,ApexRun Runner Red 02217,footwear,red,runner,images/shoe_02217.jpg
shoe_02218,NovaFit Basketball Black 02218,footwear,black,basketball,images/shoe_02218.jpg
shoe_02219,StreetFlex Runner Green 02219,footwear,green,runner,images/shoe_02219.jpg
shoe_02220,TrailCore Low-Top White 02220,footwear,white,low-top,images/shoe_02220.jpg
shoe_02221,UrbanStep Trail Brown 02221,footwear,brown,trail,images/shoe_02221.jpg
shoe_02222,StreetFlex Trainer Gray 02222,footwear,gray,trainer,images/shoe_02222.jpg
shoe_02223,StreetFlex Low-Top White 02223,footwear,white,low-top,images/shoe_02223.jpg
shoe_02224,PeakWalk Low-Top Pink 02224,footwear,pink,low-top,images/shoe_02224.jpg
shoe_02225,UrbanStep Low-Top Navy 02225,footwear,navy,low-top,images/shoe_02225.jpg
shoe_02226,ApexRun Runner Purple 02226,footwear,purple,runner,images/shoe_02226.jpg
shoe_02227,MotionX High-Top Gray 02227,footwear,gray,high-top,images/shoe_02227.jpg
shoe_02228,StreetFlex High-Top Green 02228,footwear,green,high-top,images/shoe_02228.jpg
shoe_02229,UrbanStep Low-Top Brown 02229,footwear,brown,low-top,images/shoe_02229.jpg
shoe_02230,TrailCore Trail White 02230,footwear,white,trail,images/shoe_02230.jpg
shoe_02231,StreetFlex Low-Top Pink 02231,footwear,pink,low-top,images/shoe_02231.jpg
shoe_02232,PeakWalk Casual Purple 02232,footwear,purple,casual,images/shoe_02232.jpg
shoe_02233,StreetFlex High-Top White 02233,footwear,white,high-top,images/shoe_02233.jpg
shoe_02234,UrbanStep Basketball Blue 02234,footwear,blue,basketball,images/shoe_02234.jpg
shoe_02235,TrailCore Trail Blue 02235,footwear,blue,trail,images/shoe_02235.jpg
shoe_02236,StreetFlex Runner Orange 02236,footwear,orange,runner,images/shoe_02236.jpg
shoe_02237,StrideLab Trail Black 02237,footwear,black,trail,images/shoe_02237.jpg
shoe_02238,StreetFlex High-Top Gray 02238,footwear,gray,high-top,images/shoe_02238.jpg
shoe_02239,TrailCore Casual Gray 02239,footwear,gray,casual,images/shoe_02239.jpg
shoe_02240,UrbanStep Basketball Green 02240,footwear,green,basketball,images/shoe_02240.jpg
shoe_02241,MotionX Trainer Purple 02241,footwear,purple,trainer,images/shoe_02241.jpg
shoe_02242,NovaFit Casual Brown 02242,footwear,brown,casual,images/shoe_02242.jpg
shoe_02243,StrideLab Casual Orange 02243,footwear,orange,casual,images/shoe_02243.jpg
shoe_02244,PeakWalk Runner Purple 02244,footwear,purple,runner,images/shoe_02244.jpg
shoe_02245,PeakWalk Basketball White 02245,footwear,white,basketball,images/shoe_02245.jpg
shoe_02246,MotionX Casual Pink 02246,footwear,pink,casual,images/shoe_02246.jpg
shoe_02247,ApexRun Slip-On Purple 02247,footwear,purple,slip-on,images/shoe_02247.jpg
shoe_02248,TrailCore Runner Gray 02248,footwear,gray,runner,images/shoe_02248.jpg
shoe_02249,UrbanStep Slip-On White 02249,footwear,white,slip-on,images/shoe_02249.jpg
shoe_02250,ApexRun Basketball Brown 02250,footwear,brown,basketball,images/shoe_02250.jpg
shoe_02251,ApexRun Runner Gray 02251,footwear,gray,runner,images/shoe_02251.jpg
shoe_02252,TrailCore Casual Green 02252,footwear,green,casual,images/shoe_02252.jpg
shoe_02253,NovaFit Runner Yellow 02253,footwear,yellow,runner,images/shoe_02253.jpg
shoe_02254,StreetFlex Low-Top Navy 02254,footwear,navy,low-top,images/shoe_02254.jpg
shoe_02255,TrailCore Runner Brown 02255,footwear,brown,runner,images/shoe_02255.jpg
shoe_02256,UrbanStep Trail White 02256,footwear,white,trail,images/shoe_02256.jpg
shoe_02257,StrideLab Basketball Blue 02257,footwear,blue,basketball,images/shoe_02257.jpg
shoe_02258,PeakWalk Trainer Navy 02258,footwear,navy,trainer,images/shoe_02258.jpg
shoe_02259,ApexRun Runner Blue 02259,footwear,blue,runner,images/shoe_02259.jpg
shoe_02260,StrideLab Trainer Orange 02260,footwear,orange,trainer,images/shoe_02260.jpg
shoe_02261,TrailCore Runner Green 02261,footwear,green,runner,images/shoe_02261.jpg
shoe_02262,UrbanStep Basketball Brown 02262,footwear,brown,basketball,images/shoe_02262.jpg
shoe_02263,StreetFlex Trainer Orange 02263,footwear,orange,trainer,images/shoe_02263.jpg
shoe_02264,UrbanStep Runner Orange 02264,footwear,orange,runner,images/shoe_02264.jpg
shoe_02265,MotionX Trainer Red 02265,footwear,red,trainer,images/shoe_02265.jpg
shoe_02266,TrailCore Slip-On Orange 02266,footwear,orange,slip-on,images/shoe_02266.jpg
shoe_02267,NovaFit Slip-On Brown 02267,footwear,brown,slip-on,images/shoe_02267.jpg
shoe_02268,NovaFit Runner Navy 02268,footwear,navy,runner,images/shoe_02268.jpg
shoe_02269,MotionX Casual Orange 02269,footwear,orange,casual,images/shoe_02269.jpg
shoe_02270,MotionX Trail Blue 02270,footwear,blue,trail,images/shoe_02270.jpg
shoe_02271,NovaFit Runner Pink 02271,footwear,pink,runner,images/shoe_02271.jpg
shoe_02272,UrbanStep Trail Black 02272,footwear,black,trail,images/shoe_02272.jpg
shoe_02273,StrideLab Trainer Brown 02273,footwear,brown,trainer,images/shoe_02273.jpg
shoe_02274,StrideLab High-Top Brown 02274,footwear,brown,high-top,images/shoe_02274.jpg
shoe_02275,StrideLab Trail Red 02275,footwear,red,trail,images/shoe_02275.jpg
shoe_02276,UrbanStep Basketball Red 02276,footwear,red,basketball,images/shoe_02276.jpg
shoe_02277,NovaFit Slip-On Navy 02277,footwear,navy,slip-on,images/shoe_02277.jpg
shoe_02278,MotionX Slip-On Green 02278,footwear,green,slip-on,images/shoe_02278.jpg
shoe_02279,StrideLab Slip-On Pink 02279,footwear,pink,slip-on,images/shoe_02279.jpg
shoe_02280,TrailCore Casual White 02280,footwear,white,casual,images/shoe_02280.jpg
shoe_02281,TrailCore Trail White 02281,footwear,white,trail,images/shoe_02281.jpg
shoe_02282,PeakWalk Runner Red 02282,footwear,red,runner,images/shoe_02282.jpg
shoe_02283,StrideLab High-Top Purple 02283,footwear,purple,high-top,images/shoe_02283.jpg
shoe_02284,NovaFit Runner Blue 02284,footwear,blue,runner,images/shoe_02284.jpg
shoe_02285,StrideLab High-Top Red 02285,footwear,red,high-top,images/shoe_02285.jpg
shoe_02286,StreetFlex Casual Blue 02286,footwear,blue,casual,images/shoe_02286.jpg
shoe_02287,PeakWalk Low-Top Purple 02287,footwear,purple,low-top,images/shoe_02287.jpg
shoe_02288,TrailCore Runner Pink 02288,footwear,pink,runner,images/shoe_02288.jpg
shoe_02289,ApexRun Basketball Blue 02289,footwear,blue,basketball,images/shoe_02289.jpg
shoe_02290,UrbanStep Runner Pink 02290,footwear,pink,runner,images/shoe_02290.jpg
shoe_02291,UrbanStep Slip-On Yellow 02291,footwear,yellow,slip-on,images/shoe_02291.jpg
shoe_02292,TrailCore Trail Yellow 02292,footwear,yellow,trail,images/shoe_02292.jpg
shoe_02293,NovaFit Runner Brown 02293,footwear,brown,runner,images/shoe_02293.jpg
shoe_02294,MotionX Low-Top Orange 02294,footwear,orange,low-top,images/shoe_02294.jpg
shoe_02295,TrailCore High-Top Gray 02295,footwear,gray,high-top,images/shoe_02295.jpg
shoe_02296,StreetFlex Trainer Red 02296,footwear,red,trainer,images/shoe_02296.jpg
shoe_02297,ApexRun Trail Brown 02297,footwear,brown,trail,images/shoe_02297.jpg
shoe_02298,TrailCore High-Top Purple 02298,footwear,purple,high-top,images/shoe_02298.jpg
shoe_02299,UrbanStep Slip-On Pink 02299,footwear,pink,slip-on,images/shoe_02299.jpg
shoe_02300,ApexRun Basketball Red 02300,footwear,red,basketball,images/shoe_02300.jpg
shoe_02301,NovaFit High-Top White 02301,footwear,white,high-top,images/shoe_02301.jpg
shoe_02302,UrbanStep Runner Gray 02302,footwear,gray,runner,images/shoe_02302.jpg
shoe_02303,StreetFlex Basketball Navy 02303,footwear,navy,basketball,images/shoe_02303.jpg
shoe_02304,StrideLab Low-Top Black 02304,footwear,black,low-top,images/shoe_02304.jpg
shoe_02305,ApexRun Trainer Brown 02305,footwear,brown,trainer,images/shoe_02305.jpg
shoe_02306,ApexRun Runner Orange 02306,footwear,orange,runner,images/shoe_02306.jpg
shoe_02307,TrailCore High-Top Orange 02307,footwear,orange,high-top,images/shoe_02307.jpg
shoe_02308,StrideLab Runner Brown 02308,footwear,brown,runner,images/shoe_02308.jpg
shoe_02309,NovaFit Trail Black 02309,footwear,black,trail,images/shoe_02309.jpg
shoe_02310,PeakWalk Casual Green 02310,footwear,green,casual,images/shoe_02310.jpg
shoe_02311,PeakWalk Trainer Navy 02311,footwear,navy,trainer,images/shoe_02311.jpg
shoe_02312,StreetFlex Slip-On Pink 02312,footwear,pink,slip-on,images/shoe_02312.jpg
shoe_02313,PeakWalk Trail Brown 02313,footwear,brown,trail,images/shoe_02313.jpg
shoe_02314,StreetFlex Trail Red 02314,footwear,red,trail,images/shoe_02314.jpg
shoe_02315,MotionX Low-Top Blue 02315,footwear,blue,low-top,images/shoe_02315.jpg
shoe_02316,NovaFit Low-Top Brown 02316,footwear,brown,low-top,images/shoe_02316.jpg
shoe_02317,StreetFlex Low-Top Green 02317,footwear,green,low-top,images/shoe_02317.jpg
shoe_02318,NovaFit Runner Navy 02318,footwear,navy,runner,images/shoe_02318.jpg
shoe_02319,ApexRun Low-Top Green 02319,footwear,green,low-top,images/shoe_02319.jpg
shoe_02320,TrailCore Casual Purple 02320,footwear,purple,casual,images/shoe_02320.jpg
shoe_02321,StreetFlex Low-Top Orange 02321,footwear,orange,low-top,images/shoe_02321.jpg
shoe_02322,NovaFit Casual Blue 02322,footwear,blue,casual,images/shoe_02322.jpg
shoe_02323,PeakWalk Trail Orange 02323,footwear,orange,trail,images/shoe_02323.jpg
shoe_02324,PeakWalk Casual Purple 02324,footwear,purple,casual,images/shoe_02324.jpg
shoe_02325,StreetFlex Basketball Yellow 02325,footwear,yellow,basketball,images/shoe_02325.jpg
shoe_02326,UrbanStep Casual Brown 02326,footwear,brown,casual,images/shoe_02326.jpg
shoe_02327,TrailCore Trainer Navy 02327,footwear,navy,trainer,images/shoe_02327.jpg
shoe_02328,TrailCore Trainer Blue 02328,footwear,blue,trainer,images/shoe_02328.jpg
shoe_02329,PeakWalk Basketball Navy 02329,footwear,navy,basketball,images/shoe_02329.jpg
shoe_02330,StreetFlex Casual Gray 02330,footwear,gray,casual,images/shoe_02330.jpg
shoe_02331,TrailCore Slip-On Brown 02331,footwear,brown,slip-on,images/shoe_02331.jpg
shoe_02332,PeakWalk Low-Top Orange 02332,footwear,orange,low-top,images/shoe_02332.jpg
shoe_02333,MotionX Trail White 02333,footwear,white,trail,images/shoe_02333.jpg
shoe_02334,ApexRun Casual Pink 02334,footwear,pink,casual,images/shoe_02334.jpg
shoe_02335,StreetFlex Trainer Blue 02335,footwear,blue,trainer,images/shoe_02335.jpg
shoe_02336,NovaFit Low-Top Gray 02336,footwear,gray,low-top,images/shoe_02336.jpg
shoe_02337,UrbanStep Casual Gray 02337,footwear,gray,casual,images/shoe_02337.jpg
shoe_02338,TrailCore Runner Purple 02338,footwear,purple,runner,images/shoe_02338.jpg
shoe_02339,MotionX Low-Top Orange 02339,footwear,orange,low-top,images/shoe_02339.jpg
shoe_02340,NovaFit Low-Top Navy 02340,footwear,navy,low-top,images/shoe_02340.jpg
shoe_02341,UrbanStep Trainer Pink 02341,footwear,pink,trainer,images/shoe_02341.jpg
shoe_02342,PeakWalk Basketball Orange 02342,footwear,orange,basketball,images/shoe_02342.jpg
shoe_02343,PeakWalk Low-Top Blue 02343,footwear,blue,low-top,images/shoe_02343.jpg
shoe_02344,StrideLab Runner Yellow 02344,footwear,yellow,runner,images/shoe_02344.jpg
shoe_02345,ApexRun High-Top White 02345,footwear,white,high-top,images/shoe_02345.jpg
shoe_02346,StreetFlex Runner Black 02346,footwear,black,runner,images/shoe_02346.jpg
shoe_02347,StreetFlex Basketball White 02347,footwear,white,basketball,images/shoe_02347.jpg
shoe_02348,TrailCore Low-Top Blue 02348,footwear,blue,low-top,images/shoe_02348.jpg
shoe_02349,StreetFlex High-Top Green 02349,footwear,green,high-top,images/shoe_02349.jpg
shoe_02350,PeakWalk Basketball Pink 02350,footwear,pink,basketball,images/shoe_02350.jpg
shoe_02351,UrbanStep Basketball Purple 02351,footwear,purple,basketball,images/shoe_02351.jpg
shoe_02352,StrideLab Slip-On Green 02352,footwear,green,slip-on,images/shoe_02352.jpg
shoe_02353,UrbanStep Low-Top Gray 02353,footwear,gray,low-top,images/shoe_02353.jpg
shoe_02354,StrideLab Casual Red 02354,footwear,red,casual,images/shoe_02354.jpg
shoe_02355,UrbanStep Casual Gray 02355,footwear,gray,casual,images/shoe_02355.jpg
shoe_02356,MotionX Trail Gray 02356,footwear,gray,trail,images/shoe_02356.jpg
shoe_02357,StrideLab Trainer Navy 02357,footwear,navy,trainer,images/shoe_02357.jpg
shoe_02358,PeakWalk Low-Top Brown 02358,footwear,brown,low-top,images/shoe_02358.jpg
shoe_02359,UrbanStep Runner White 02359,footwear,white,runner,images/shoe_02359.jpg
shoe_02360,NovaFit Trail Orange 02360,footwear,orange,trail,images/shoe_02360.jpg
shoe_02361,ApexRun Low-Top Purple 02361,footwear,purple,low-top,images/shoe_02361.jpg
shoe_02362,PeakWalk Basketball Pink 02362,footwear,pink,basketball,images/shoe_02362.jpg
shoe_02363,PeakWalk Low-Top Pink 02363,footwear,pink,low-top,images/shoe_02363.jpg
shoe_02364,StreetFlex Trail Black 02364,footwear,black,trail,images/shoe_02364.jpg
shoe_02365,StreetFlex High-Top Yellow 02365,footwear,yellow,high-top,images/shoe_02365.jpg
shoe_02366,UrbanStep Low-Top White 02366,footwear,white,low-top,images/shoe_02366.jpg
shoe_02367,NovaFit Slip-On Pink 02367,footwear,pink,slip-on,images/shoe_02367.jpg
shoe_02368,TrailCore High-Top Red 02368,footwear,red,high-top,images/shoe_02368.jpg
shoe_02369,MotionX Basketball Brown 02369,footwear,brown,basketball,images/shoe_02369.jpg
shoe_02370,StreetFlex High-Top Navy 02370,footwear,navy,high-top,images/shoe_02370.jpg
shoe_02371,ApexRun Trail Pink 02371,footwear,pink,trail,images/shoe_02371.jpg
shoe_02372,UrbanStep Casual Pink 02372,footwear,pink,casual,images/shoe_02372.jpg
shoe_02373,TrailCore Slip-On Yellow 02373,footwear,yellow,slip-on,images/shoe_02373.jpg
shoe_02374,ApexRun Slip-On Gray 02374,footwear,gray,slip-on,images/shoe_02374.jpg
shoe_02375,UrbanStep Basketball Purple 02375,footwear,purple,basketball,images/shoe_02375.jpg
shoe_02376,MotionX Trainer Black 02376,footwear,black,trainer,images/shoe_02376.jpg
shoe_02377,NovaFit Trail Green 02377,footwear,green,trail,images/shoe_02377.jpg
shoe_02378,MotionX Runner Yellow 02378,footwear,yellow,runner,images/shoe_02378.jpg
shoe_02379,StrideLab Trail Navy 02379,footwear,navy,trail,images/shoe_02379.jpg
shoe_02380,UrbanStep Runner Yellow 02380,footwear,yellow,runner,images/shoe_02380.jpg
shoe_02381,ApexRun Runner Pink 02381,footwear,pink,runner,images/shoe_02381.jpg
shoe_02382,TrailCore Casual Green 02382,footwear,green,casual,images/shoe_02382.jpg
shoe_02383,NovaFit Casual Purple 02383,footwear,purple,casual,images/shoe_02383.jpg
shoe_02384,NovaFit Slip-On Black 02384,footwear,black,slip-on,images/shoe_02384.jpg
shoe_02385,NovaFit Basketball Yellow 02385,footwear,yellow,basketball,images/shoe_02385.jpg
shoe_02386,UrbanStep Basketball Orange 02386,footwear,orange,basketball,images/shoe_02386.jpg
shoe_02387,TrailCore Slip-On Yellow 02387,footwear,yellow,slip-on,images/shoe_02387.jpg
shoe_02388,MotionX Slip-On Purple 02388,footwear,purple,slip-on,images/shoe_02388.jpg
shoe_02389,StrideLab Trail White 02389,footwear,white,trail,images/shoe_02389.jpg
shoe_02390,StrideLab Basketball Brown 02390,footwear,brown,basketball,images/shoe_02390.jpg
shoe_02391,StrideLab Low-Top Black 02391,footwear,black,low-top,images/shoe_02391.jpg
shoe_02392,UrbanStep High-Top Blue 02392,footwear,blue,high-top,images/shoe_02392.jpg
shoe_02393,UrbanStep High-Top Yellow 02393,footwear,yellow,high-top,images/shoe_02393.jpg
shoe_02394,StrideLab Trainer Pink 02394,footwear,pink,trainer,images/shoe_02394.jpg
shoe_02395,ApexRun Runner White 02395,footwear,white,runner,images/shoe_02395.jpg
shoe_02396,StrideLab Basketball Navy 02396,footwear,navy,basketball,images/shoe_02396.jpg
shoe_02397,StreetFlex Trail Red 02397,footwear,red,trail,images/shoe_02397.jpg
shoe_02398,StrideLab High-Top Brown 02398,footwear,brown,high-top,images/shoe_02398.jpg
shoe_02399,TrailCore Low-Top Black 02399,footwear,black,low-top,images/shoe_02399.jpg
shoe_02400,UrbanStep High-Top Navy 02400,footwear,navy,high-top,images/shoe_02400.jpg
shoe_02401,ApexRun High-Top White 02401,footwear,white,high-top,images/shoe_02401.jpg
shoe_02402,TrailCore Trainer Orange 02402,footwear,orange,trainer,images/shoe_02402.jpg
shoe_02403,NovaFit High-Top Black 02403,footwear,black,high-top,images/shoe_02403.jpg
shoe_02404,PeakWalk Trainer Yellow 02404,footwear,yellow,trainer,images/shoe_02404.jpg
shoe_02405,UrbanStep Trail Blue 02405,footwear,blue,trail,images/shoe_02405.jpg
shoe_02406,ApexRun Slip-On Purple 02406,footwear,purple,slip-on,images/shoe_02406.jpg
shoe_02407,ApexRun Low-Top Purple 02407,footwear,purple,low-top,images/shoe_02407.jpg
shoe_02408,TrailCore Low-Top White 02408,footwear,white,low-top,images/shoe_02408.jpg
shoe_02409,TrailCore Low-Top Green 02409,footwear,green,low-top,images/shoe_02409.jpg
shoe_02410,StrideLab High-Top Navy 02410,footwear,navy,high-top,images/shoe_02410.jpg
shoe_02411,StreetFlex Low-Top Blue 02411,footwear,blue,low-top,images/shoe_02411.jpg
shoe_02412,NovaFit Low-Top Blue 02412,footwear,blue,low-top,images/shoe_02412.jpg
shoe_02413,NovaFit Slip-On Brown 02413,footwear,brown,slip-on,images/shoe_02413.jpg
shoe_02414,TrailCore Slip-On Gray 02414,footwear,gray,slip-on,images/shoe_02414.jpg
shoe_02415,StreetFlex Slip-On Orange 02415,footwear,orange,slip-on,images/shoe_02415.jpg
shoe_02416,ApexRun Trainer Navy 02416,footwear,navy,trainer,images/shoe_02416.jpg
shoe_02417,MotionX Slip-On Brown 02417,footwear,brown,slip-on,images/shoe_02417.jpg
shoe_02418,ApexRun High-Top Red 02418,footwear,red,high-top,images/shoe_02418.jpg
shoe_02419,StreetFlex Trail White 02419,footwear,white,trail,images/shoe_02419.jpg
shoe_02420,NovaFit Runner Navy 02420,footwear,navy,runner,images/shoe_02420.jpg
shoe_02421,ApexRun Trail White 02421,footwear,white,trail,images/shoe_02421.jpg
shoe_02422,StreetFlex High-Top Navy 02422,footwear,navy,high-top,images/shoe_02422.jpg
shoe_02423,StrideLab Basketball Pink 02423,footwear,pink,basketball,images/shoe_02423.jpg
shoe_02424,StreetFlex Slip-On Pink 02424,footwear,pink,slip-on,images/shoe_02424.jpg
shoe_02425,PeakWalk Basketball Purple 02425,footwear,purple,basketball,images/shoe_02425.jpg
shoe_02426,MotionX Trail Yellow 02426,footwear,yellow,trail,images/shoe_02426.jpg
shoe_02427,TrailCore Basketball Purple 02427,footwear,purple,basketball,images/shoe_02427.jpg
shoe_02428,ApexRun Low-Top Blue 02428,footwear,blue,low-top,images/shoe_02428.jpg
shoe_02429,NovaFit Basketball Navy 02429,footwear,navy,basketball,images/shoe_02429.jpg
shoe_02430,StreetFlex Trail Purple 02430,footwear,purple,trail,images/shoe_02430.jpg
shoe_02431,PeakWalk Trail Orange 02431,footwear,orange,trail,images/shoe_02431.jpg
shoe_02432,UrbanStep Low-Top Purple 02432,footwear,purple,low-top,images/shoe_02432.jpg
shoe_02433,NovaFit Casual Navy 02433,footwear,navy,casual,images/shoe_02433.jpg
shoe_02434,StreetFlex Low-Top Black 02434,footwear,black,low-top,images/shoe_02434.jpg
shoe_02435,NovaFit Low-Top Orange 02435,footwear,orange,low-top,images/shoe_02435.jpg
shoe_02436,NovaFit Runner Yellow 02436,footwear,yellow,runner,images/shoe_02436.jpg
shoe_02437,UrbanStep Low-Top Brown 02437,footwear,brown,low-top,images/shoe_02437.jpg
shoe_02438,TrailCore Low-Top Pink 02438,footwear,pink,low-top,images/shoe_02438.jpg
shoe_02439,NovaFit Runner White 02439,footwear,white,runner,images/shoe_02439.jpg
shoe_02440,MotionX Low-Top Purple 02440,footwear,purple,low-top,images/shoe_02440.jpg
shoe_02441,ApexRun Trainer Yellow 02441,footwear,yellow,trainer,images/shoe_02441.jpg
shoe_02442,UrbanStep Casual Purple 02442,footwear,purple,casual,images/shoe_02442.jpg
shoe_02443,TrailCore Slip-On Green 02443,footwear,green,slip-on,images/shoe_02443.jpg
shoe_02444,PeakWalk Trail Blue 02444,footwear,blue,trail,images/shoe_02444.jpg
shoe_02445,UrbanStep Casual Orange 02445,footwear,orange,casual,images/shoe_02445.jpg
shoe_02446,StreetFlex Runner Purple 02446,footwear,purple,runner,images/shoe_02446.jpg
shoe_02447,StreetFlex High-Top White 02447,footwear,white,high-top,images/shoe_02447.jpg
shoe_02448,MotionX Trail Navy 02448,footwear,navy,trail,images/shoe_02448.jpg
shoe_02449,PeakWalk Trainer Red 02449,footwear,red,trainer,images/shoe_02449.jpg
shoe_02450,PeakWalk Casual Blue 02450,footwear,blue,casual,images/shoe_02450.jpg
shoe_02451,UrbanStep Slip-On Black 02451,footwear,black,slip-on,images/shoe_02451.jpg
shoe_02452,NovaFit Slip-On Yellow 02452,footwear,yellow,slip-on,images/shoe_02452.jpg
shoe_02453,UrbanStep High-Top Pink 02453,footwear,pink,high-top,images/shoe_02453.jpg
shoe_02454,StreetFlex Slip-On Gray 02454,footwear,gray,slip-on,images/shoe_02454.jpg
shoe_02455,UrbanStep Basketball Navy 02455,footwear,navy,basketball,images/shoe_02455.jpg
shoe_02456,StrideLab Trail Yellow 02456,footwear,yellow,trail,images/shoe_02456.jpg
shoe_02457,StreetFlex Trail Black 02457,footwear,black,trail,images/shoe_02457.jpg
shoe_02458,TrailCore Trainer Orange 02458,footwear,orange,trainer,images/shoe_02458.jpg
shoe_02459,StreetFlex Trainer Yellow 02459,footwear,yellow,trainer,images/shoe_02459.jpg
shoe_02460,MotionX Trail Brown 02460,footwear,brown,trail,images/shoe_02460.jpg
shoe_02461,StreetFlex Basketball Gray 02461,footwear,gray,basketball,images/shoe_02461.jpg
shoe_02462,UrbanStep Trainer Navy 02462,footwear,navy,trainer,images/shoe_02462.jpg
shoe_02463,TrailCore Trainer Yellow 02463,footwear,yellow,trainer,images/shoe_02463.jpg
shoe_02464,PeakWalk Trail Blue 02464,footwear,blue,trail,images/shoe_02464.jpg
shoe_02465,StrideLab Basketball Black 02465,footwear,black,basketball,images/shoe_02465.jpg
shoe_02466,StreetFlex Low-Top Orange 02466,footwear,orange,low-top,images/shoe_02466.jpg
shoe_02467,PeakWalk Trail White 02467,footwear,white,trail,images/shoe_02467.jpg
shoe_02468,StrideLab Slip-On Pink 02468,footwear,pink,slip-on,images/shoe_02468.jpg
shoe_02469,TrailCore Casual Purple 02469,footwear,purple,casual,images/shoe_02469.jpg
shoe_02470,StreetFlex Low-Top Green 02470,footwear,green,low-top,images/shoe_02470.jpg
shoe_02471,TrailCore Trail Black 02471,footwear,black,trail,images/shoe_02471.jpg
shoe_02472,StreetFlex Runner Blue 02472,footwear,blue,runner,images/shoe_02472.jpg
shoe_02473,UrbanStep Trail Yellow 02473,footwear,yellow,trail,images/shoe_02473.jpg
shoe_02474,PeakWalk Basketball Green 02474,footwear,green,basketball,images/shoe_02474.jpg
shoe_02475,TrailCore Trainer Yellow 02475,footwear,yellow,trainer,images/shoe_02475.jpg
shoe_02476,MotionX High-Top Pink 02476,footwear,pink,high-top,images/shoe_02476.jpg
shoe_02477,TrailCore Runner Navy 02477,footwear,navy,runner,images/shoe_02477.jpg
shoe_02478,TrailCore Slip-On Gray 02478,footwear,gray,slip-on,images/shoe_02478.jpg
shoe_02479,ApexRun Casual Orange 02479,footwear,orange,casual,images/shoe_02479.jpg
shoe_02480,TrailCore Slip-On Green 02480,footwear,green,slip-on,images/shoe_02480.jpg
shoe_02481,ApexRun Slip-On Red 02481,footwear,red,slip-on,images/shoe_02481.jpg
shoe_02482,StrideLab Casual Black 02482,footwear,black,casual,images/shoe_02482.jpg
shoe_02483,UrbanStep Trail Yellow 02483,footwear,yellow,trail,images/shoe_02483.jpg
shoe_02484,UrbanStep Casual Purple 02484,footwear,purple,casual,images/shoe_02484.jpg
shoe_02485,StreetFlex Trail Pink 02485,footwear,pink,trail,images/shoe_02485.jpg
shoe_02486,PeakWalk Slip-On White 02486,footwear,white,slip-on,images/shoe_02486.jpg
shoe_02487,PeakWalk Trainer Green 02487,footwear,green,trainer,images/shoe_02487.jpg
shoe_02488,UrbanStep Low-Top Green 02488,footwear,green,low-top,images/shoe_02488.jpg
shoe_02489,StrideLab Runner Yellow 02489,footwear,yellow,runner,images/shoe_02489.jpg
shoe_02490,PeakWalk Basketball Black 02490,footwear,black,basketball,images/shoe_02490.jpg
shoe_02491,StreetFlex Low-Top Yellow 02491,footwear,yellow,low-top,images/shoe_02491.jpg
shoe_02492,ApexRun Casual Navy 02492,footwear,navy,casual,images/shoe_02492.jpg
shoe_02493,StreetFlex Casual Brown 02493,footwear,brown,casual,images/shoe_02493.jpg
shoe_02494,StreetFlex Low-Top Orange 02494,footwear,orange,low-top,images/shoe_02494.jpg
shoe_02495,MotionX Runner Pink 02495,footwear,pink,runner,images/shoe_02495.jpg
shoe_02496,ApexRun Runner Yellow 02496,footwear,yellow,runner,images/shoe_02496.jpg
shoe_02497,PeakWalk Low-Top Navy 02497,footwear,navy,low-top,images/shoe_02497.jpg
shoe_02498,UrbanStep High-Top White 02498,footwear,white,high-top,images/shoe_02498.jpg
shoe_02499,UrbanStep High-Top Red 02499,footwear,red,high-top,images/shoe_02499.jpg
shoe_02500,StrideLab Trainer Navy 02500,footwear,navy,trainer,images/shoe_02500.jpg
shoe_02501,StreetFlex Basketball Yellow 02501,footwear,yellow,basketball,images/shoe_02501.jpg
shoe_02502,StreetFlex Casual White 02502,footwear,white,casual,images/shoe_02502.jpg
shoe_02503,NovaFit Trail White 02503,footwear,white,trail,images/shoe_02503.jpg
shoe_02504,NovaFit Runner Gray 02504,footwear,gray,runner,images/shoe_02504.jpg
shoe_02505,UrbanStep Casual Brown 02505,footwear,brown,casual,images/shoe_02505.jpg
shoe_02506,TrailCore High-Top Gray 02506,footwear,gray,high-top,images/shoe_02506.jpg
shoe_02507,StrideLab Low-Top Purple 02507,footwear,purple,low-top,images/shoe_02507.jpg
shoe_02508,TrailCore Trainer Green 02508,footwear,green,trainer,images/shoe_02508.jpg
shoe_02509,ApexRun Runner Black 02509,footwear,black,runner,images/shoe_02509.jpg
shoe_02510,PeakWalk Trainer Brown 02510,footwear,brown,trainer,images/shoe_02510.jpg
shoe_02511,TrailCore Runner Black 02511,footwear,black,runner,images/shoe_02511.jpg
shoe_02512,UrbanStep Low-Top Blue 02512,footwear,blue,low-top,images/shoe_02512.jpg
shoe_02513,StreetFlex Basketball Gray 02513,footwear,gray,basketball,images/shoe_02513.jpg
shoe_02514,ApexRun Casual Orange 02514,footwear,orange,casual,images/shoe_02514.jpg
shoe_02515,PeakWalk Slip-On Gray 02515,footwear,gray,slip-on,images/shoe_02515.jpg
shoe_02516,StrideLab Casual Black 02516,footwear,black,casual,images/shoe_02516.jpg
shoe_02517,ApexRun Trainer Black 02517,footwear,black,trainer,images/shoe_02517.jpg
shoe_02518,PeakWalk Trainer Blue 02518,footwear,blue,trainer,images/shoe_02518.jpg
shoe_02519,StrideLab Basketball Black 02519,footwear,black,basketball,images/shoe_02519.jpg
shoe_02520,UrbanStep Basketball Pink 02520,footwear,pink,basketball,images/shoe_02520.jpg
shoe_02521,UrbanStep Trainer Orange 02521,footwear,orange,trainer,images/shoe_02521.jpg
shoe_02522,MotionX Runner Gray 02522,footwear,gray,runner,images/shoe_02522.jpg
shoe_02523,NovaFit Basketball Green 02523,footwear,green,basketball,images/shoe_02523.jpg
shoe_02524,MotionX Trainer Red 02524,footwear,red,trainer,images/shoe_02524.jpg
shoe_02525,StreetFlex Trainer Yellow 02525,footwear,yellow,trainer,images/shoe_02525.jpg
shoe_02526,StrideLab Casual Green 02526,footwear,green,casual,images/shoe_02526.jpg
shoe_02527,PeakWalk Slip-On Brown 02527,footwear,brown,slip-on,images/shoe_02527.jpg
shoe_02528,NovaFit Trail Black 02528,footwear,black,trail,images/shoe_02528.jpg
shoe_02529,StrideLab Low-Top Blue 02529,footwear,blue,low-top,images/shoe_02529.jpg
shoe_02530,StrideLab Casual Black 02530,footwear,black,casual,images/shoe_02530.jpg
shoe_02531,TrailCore Trainer Navy 02531,footwear,navy,trainer,images/shoe_02531.jpg
shoe_02532,TrailCore Slip-On Pink 02532,footwear,pink,slip-on,images/shoe_02532.jpg
shoe_02533,StreetFlex Slip-On Pink 02533,footwear,pink,slip-on,images/shoe_02533.jpg
shoe_02534,TrailCore Runner Purple 02534,footwear,purple,runner,images/shoe_02534.jpg
shoe_02535,TrailCore Slip-On Pink 02535,footwear,pink,slip-on,images/shoe_02535.jpg
shoe_02536,MotionX Runner Gray 02536,footwear,gray,runner,images/shoe_02536.jpg
shoe_02537,UrbanStep Trainer Black 02537,footwear,black,trainer,images/shoe_02537.jpg
shoe_02538,PeakWalk Trainer Yellow 02538,footwear,yellow,trainer,images/shoe_02538.jpg
shoe_02539,StreetFlex Casual Navy 02539,footwear,navy,casual,images/shoe_02539.jpg
shoe_02540,UrbanStep Casual Purple 02540,footwear,purple,casual,images/shoe_02540.jpg
shoe_02541,MotionX Trail Purple 02541,footwear,purple,trail,images/shoe_02541.jpg
shoe_02542,StrideLab Trainer Brown 02542,footwear,brown,trainer,images/shoe_02542.jpg
shoe_02543,ApexRun High-Top Pink 02543,footwear,pink,high-top,images/shoe_02543.jpg
shoe_02544,ApexRun Runner Black 02544,footwear,black,runner,images/shoe_02544.jpg
shoe_02545,MotionX Runner Green 02545,footwear,green,runner,images/shoe_02545.jpg
shoe_02546,UrbanStep Casual Purple 02546,footwear,purple,casual,images/shoe_02546.jpg
shoe_02547,StreetFlex Runner White 02547,footwear,white,runner,images/shoe_02547.jpg
shoe_02548,NovaFit Trainer Blue 02548,footwear,blue,trainer,images/shoe_02548.jpg
shoe_02549,StrideLab Basketball Navy 02549,footwear,navy,basketball,images/shoe_02549.jpg
shoe_02550,ApexRun Casual Green 02550,footwear,green,casual,images/shoe_02550.jpg
shoe_02551,StrideLab Runner Green 02551,footwear,green,runner,images/shoe_02551.jpg
shoe_02552,MotionX Low-Top Green 02552,footwear,green,low-top,images/shoe_02552.jpg
shoe_02553,StrideLab Trainer Purple 02553,footwear,purple,trainer,images/shoe_02553.jpg
shoe_02554,PeakWalk Runner Brown 02554,footwear,brown,runner,images/shoe_02554.jpg
shoe_02555,StrideLab Runner Red 02555,footwear,red,runner,images/shoe_02555.jpg
shoe_02556,PeakWalk Trainer White 02556,footwear,white,trainer,images/shoe_02556.jpg
shoe_02557,MotionX Slip-On Pink 02557,footwear,pink,slip-on,images/shoe_02557.jpg
shoe_02558,StrideLab Trail Black 02558,footwear,black,trail,images/shoe_02558.jpg
shoe_02559,TrailCore Low-Top Navy 02559,footwear,navy,low-top,images/shoe_02559.jpg
shoe_02560,NovaFit Casual White 02560,footwear,white,casual,images/shoe_02560.jpg
shoe_02561,PeakWalk Runner Black 02561,footwear,black,runner,images/shoe_02561.jpg
shoe_02562,NovaFit Trail Orange 02562,footwear,orange,trail,images/shoe_02562.jpg
shoe_02563,ApexRun Runner Red 02563,footwear,red,runner,images/shoe_02563.jpg
shoe_02564,MotionX High-Top Brown 02564,footwear,brown,high-top,images/shoe_02564.jpg
shoe_02565,PeakWalk Slip-On Navy 02565,footwear,navy,slip-on,images/shoe_02565.jpg
shoe_02566,ApexRun Slip-On Blue 02566,footwear,blue,slip-on,images/shoe_02566.jpg
shoe_02567,TrailCore Slip-On Brown 02567,footwear,brown,slip-on,images/shoe_02567.jpg
shoe_02568,ApexRun Trail Blue 02568,footwear,blue,trail,images/shoe_02568.jpg
shoe_02569,NovaFit Runner Brown 02569,footwear,brown,runner,images/shoe_02569.jpg
shoe_02570,TrailCore Trail Gray 02570,footwear,gray,trail,images/shoe_02570.jpg
shoe_02571,MotionX Runner Navy 02571,footwear,navy,runner,images/shoe_02571.jpg
shoe_02572,StreetFlex High-Top Yellow 02572,footwear,yellow,high-top,images/shoe_02572.jpg
shoe_02573,UrbanStep Trail Purple 02573,footwear,purple,trail,images/shoe_02573.jpg
shoe_02574,UrbanStep Basketball Yellow 02574,footwear,yellow,basketball,images/shoe_02574.jpg
shoe_02575,NovaFit Basketball Yellow 02575,footwear,yellow,basketball,images/shoe_02575.jpg
shoe_02576,StreetFlex Casual Red 02576,footwear,red,casual,images/shoe_02576.jpg
shoe_02577,MotionX Basketball Purple 02577,footwear,purple,basketball,images/shoe_02577.jpg
shoe_02578,NovaFit Trail Red 02578,footwear,red,trail,images/shoe_02578.jpg
shoe_02579,StrideLab Casual Yellow 02579,footwear,yellow,casual,images/shoe_02579.jpg
shoe_02580,UrbanStep Slip-On Pink 02580,footwear,pink,slip-on,images/shoe_02580.jpg
shoe_02581,PeakWalk Basketball Yellow 02581,footwear,yellow,basketball,images/shoe_02581.jpg
shoe_02582,ApexRun Low-Top Purple 02582,footwear,purple,low-top,images/shoe_02582.jpg
shoe_02583,StreetFlex Low-Top Yellow 02583,footwear,yellow,low-top,images/shoe_02583.jpg
shoe_02584,UrbanStep Low-Top Gray 02584,footwear,gray,low-top,images/shoe_02584.jpg
shoe_02585,StrideLab Casual Blue 02585,footwear,blue,casual,images/shoe_02585.jpg
shoe_02586,ApexRun High-Top Orange 02586,footwear,orange,high-top,images/shoe_02586.jpg
shoe_02587,ApexRun High-Top Gray 02587,footwear,gray,high-top,images/shoe_02587.jpg
shoe_02588,TrailCore Low-Top Green 02588,footwear,green,low-top,images/shoe_02588.jpg
shoe_02589,PeakWalk Basketball Brown 02589,footwear,brown,basketball,images/shoe_02589.jpg
shoe_02590,StreetFlex Basketball White 02590,footwear,white,basketball,images/shoe_02590.jpg
shoe_02591,NovaFit Casual Gray 02591,footwear,gray,casual,images/shoe_02591.jpg
shoe_02592,NovaFit Basketball Blue 02592,footwear,blue,basketball,images/shoe_02592.jpg
shoe_02593,TrailCore High-Top Navy 02593,footwear,navy,high-top,images/shoe_02593.jpg
shoe_02594,UrbanStep Trail Brown 02594,footwear,brown,trail,images/shoe_02594.jpg
shoe_02595,ApexRun Trainer Navy 02595,footwear,navy,trainer,images/shoe_02595.jpg
shoe_02596,PeakWalk High-Top Gray 02596,footwear,gray,high-top,images/shoe_02596.jpg
shoe_02597,MotionX High-Top Red 02597,footwear,red,high-top,images/shoe_02597.jpg
shoe_02598,MotionX Casual Blue 02598,footwear,blue,casual,images/shoe_02598.jpg
shoe_02599,TrailCore High-Top Blue 02599,footwear,blue,high-top,images/shoe_02599.jpg
shoe_02600,ApexRun Runner Black 02600,footwear,black,runner,images/shoe_02600.jpg
shoe_02601,TrailCore High-Top Green 02601,footwear,green,high-top,images/shoe_02601.jpg
shoe_02602,StrideLab High-Top Red 02602,footwear,red,high-top,images/shoe_02602.jpg
shoe_02603,StrideLab Trail Green 02603,footwear,green,trail,images/shoe_02603.jpg
shoe_02604,NovaFit Basketball Orange 02604,footwear,orange,basketball,images/shoe_02604.jpg
shoe_02605,StreetFlex Slip-On Black 02605,footwear,black,slip-on,images/shoe_02605.jpg
shoe_02606,TrailCore Basketball Orange 02606,footwear,orange,basketball,images/shoe_02606.jpg
shoe_02607,PeakWalk Casual Green 02607,footwear,green,casual,images/shoe_02607.jpg
shoe_02608,PeakWalk Runner Brown 02608,footwear,brown,runner,images/shoe_02608.jpg
shoe_02609,StreetFlex Trail Black 02609,footwear,black,trail,images/shoe_02609.jpg
shoe_02610,MotionX Runner Yellow 02610,footwear,yellow,runner,images/shoe_02610.jpg
shoe_02611,NovaFit Trail Navy 02611,footwear,navy,trail,images/shoe_02611.jpg
shoe_02612,NovaFit High-Top Gray 02612,footwear,gray,high-top,images/shoe_02612.jpg
shoe_02613,PeakWalk Basketball Navy 02613,footwear,navy,basketball,images/shoe_02613.jpg
shoe_02614,ApexRun Casual Black 02614,footwear,black,casual,images/shoe_02614.jpg
shoe_02615,PeakWalk High-Top Purple 02615,footwear,purple,high-top,images/shoe_02615.jpg
shoe_02616,StrideLab High-Top Green 02616,footwear,green,high-top,images/shoe_02616.jpg
shoe_02617,PeakWalk High-Top Blue 02617,footwear,blue,high-top,images/shoe_02617.jpg
shoe_02618,TrailCore Basketball Orange 02618,footwear,orange,basketball,images/shoe_02618.jpg
shoe_02619,ApexRun Trail Pink 02619,footwear,pink,trail,images/shoe_02619.jpg
shoe_02620,PeakWalk Slip-On Yellow 02620,footwear,yellow,slip-on,images/shoe_02620.jpg
shoe_02621,StrideLab Casual Blue 02621,footwear,blue,casual,images/shoe_02621.jpg
shoe_02622,ApexRun Low-Top Black 02622,footwear,black,low-top,images/shoe_02622.jpg
shoe_02623,StrideLab Trail Gray 02623,footwear,gray,trail,images/shoe_02623.jpg
shoe_02624,PeakWalk Low-Top Gray 02624,footwear,gray,low-top,images/shoe_02624.jpg
shoe_02625,ApexRun Casual Green 02625,footwear,green,casual,images/shoe_02625.jpg
shoe_02626,PeakWalk High-Top Green 02626,footwear,green,high-top,images/shoe_02626.jpg
shoe_02627,MotionX Trail Red 02627,footwear,red,trail,images/shoe_02627.jpg
shoe_02628,MotionX Runner Red 02628,footwear,red,runner,images/shoe_02628.jpg
shoe_02629,NovaFit Basketball Pink 02629,footwear,pink,basketball,images/shoe_02629.jpg
shoe_02630,StrideLab Low-Top White 02630,footwear,white,low-top,images/shoe_02630.jpg
shoe_02631,PeakWalk Trail Blue 02631,footwear,blue,trail,images/shoe_02631.jpg
shoe_02632,NovaFit Runner Blue 02632,footwear,blue,runner,images/shoe_02632.jpg
shoe_02633,NovaFit Low-Top Navy 02633,footwear,navy,low-top,images/shoe_02633.jpg
shoe_02634,UrbanStep Slip-On Black 02634,footwear,black,slip-on,images/shoe_02634.jpg
shoe_02635,PeakWalk Basketball Blue 02635,footwear,blue,basketball,images/shoe_02635.jpg
shoe_02636,StrideLab Trail Blue 02636,footwear,blue,trail,images/shoe_02636.jpg
shoe_02637,UrbanStep Low-Top White 02637,footwear,white,low-top,images/shoe_02637.jpg
shoe_02638,PeakWalk Runner Red 02638,footwear,red,runner,images/shoe_02638.jpg
shoe_02639,NovaFit Basketball Purple 02639,footwear,purple,basketball,images/shoe_02639.jpg
shoe_02640,StrideLab Basketball Black 02640,footwear,black,basketball,images/shoe_02640.jpg
shoe_02641,ApexRun Trail Orange 02641,footwear,orange,trail,images/shoe_02641.jpg
shoe_02642,NovaFit Casual Green 02642,footwear,green,casual,images/shoe_02642.jpg
shoe_02643,StrideLab High-Top White 02643,footwear,white,high-top,images/shoe_02643.jpg
shoe_02644,PeakWalk Basketball Green 02644,footwear,green,basketball,images/shoe_02644.jpg
shoe_02645,UrbanStep Trainer Orange 02645,footwear,orange,trainer,images/shoe_02645.jpg
shoe_02646,UrbanStep Runner White 02646,footwear,white,runner,images/shoe_02646.jpg
shoe_02647,TrailCore Low-Top White 02647,footwear,white,low-top,images/shoe_02647.jpg
shoe_02648,MotionX Basketball Purple 02648,footwear,purple,basketball,images/shoe_02648.jpg
shoe_02649,UrbanStep High-Top Purple 02649,footwear,purple,high-top,images/shoe_02649.jpg
shoe_02650,StrideLab Casual Pink 02650,footwear,pink,casual,images/shoe_02650.jpg
shoe_02651,TrailCore Runner Gray 02651,footwear,gray,runner,images/shoe_02651.jpg
shoe_02652,MotionX Low-Top Blue 02652,footwear,blue,low-top,images/shoe_02652.jpg
shoe_02653,ApexRun Casual Red 02653,footwear,red,casual,images/shoe_02653.jpg
shoe_02654,ApexRun Runner Yellow 02654,footwear,yellow,runner,images/shoe_02654.jpg
shoe_02655,ApexRun Slip-On White 02655,footwear,white,slip-on,images/shoe_02655.jpg
shoe_02656,StreetFlex Low-Top Green 02656,footwear,green,low-top,images/shoe_02656.jpg
shoe_02657,TrailCore Trail Blue 02657,footwear,blue,trail,images/shoe_02657.jpg
shoe_02658,PeakWalk Trail Blue 02658,footwear,blue,trail,images/shoe_02658.jpg
shoe_02659,StrideLab Trainer Purple 02659,footwear,purple,trainer,images/shoe_02659.jpg
shoe_02660,StrideLab Casual Red 02660,footwear,red,casual,images/shoe_02660.jpg
shoe_02661,UrbanStep Low-Top Red 02661,footwear,red,low-top,images/shoe_02661.jpg
shoe_02662,StrideLab Trail White 02662,footwear,white,trail,images/shoe_02662.jpg
shoe_02663,TrailCore Low-Top Pink 02663,footwear,pink,low-top,images/shoe_02663.jpg
shoe_02664,StreetFlex Casual Brown 02664,footwear,brown,casual,images/shoe_02664.jpg
shoe_02665,NovaFit Slip-On Blue 02665,footwear,blue,slip-on,images/shoe_02665.jpg
shoe_02666,ApexRun Casual Black 02666,footwear,black,casual,images/shoe_02666.jpg
shoe_02667,ApexRun Casual Yellow 02667,footwear,yellow,casual,images/shoe_02667.jpg
shoe_02668,NovaFit Basketball Blue 02668,footwear,blue,basketball,images/shoe_02668.jpg
shoe_02669,UrbanStep Trainer Purple 02669,footwear,purple,trainer,images/shoe_02669.jpg
shoe_02670,UrbanStep Casual Purple 02670,footwear,purple,casual,images/shoe_02670.jpg
shoe_02671,PeakWalk Slip-On Blue 02671,footwear,blue,slip-on,images/shoe_02671.jpg
shoe_02672,ApexRun Casual White 02672,footwear,white,casual,images/shoe_02672.jpg
shoe_02673,StrideLab High-Top Orange 02673,footwear,orange,high-top,images/shoe_02673.jpg
shoe_02674,ApexRun Low-Top Navy 02674,footwear,navy,low-top,images/shoe_02674.jpg
shoe_02675,NovaFit Slip-On Yellow 02675,footwear,yellow,slip-on,images/shoe_02675.jpg
shoe_02676,StreetFlex Trail Green 02676,footwear,green,trail,images/shoe_02676.jpg
shoe_02677,MotionX Basketball Green 02677,footwear,green,basketball,images/shoe_02677.jpg
shoe_02678,NovaFit Trail Purple 02678,footwear,purple,trail,images/shoe_02678.jpg
shoe_02679,PeakWalk Low-Top Navy 02679,footwear,navy,low-top,images/shoe_02679.jpg
shoe_02680,PeakWalk High-Top Yellow 02680,footwear,yellow,high-top,images/shoe_02680.jpg
shoe_02681,MotionX High-Top Yellow 02681,footwear,yellow,high-top,images/shoe_02681.jpg
shoe_02682,MotionX Slip-On Brown 02682,footwear,brown,slip-on,images/shoe_02682.jpg
shoe_02683,StreetFlex Trainer Green 02683,footwear,green,trainer,images/shoe_02683.jpg
shoe_02684,TrailCore Trainer Yellow 02684,footwear,yellow,trainer,images/shoe_02684.jpg
shoe_02685,TrailCore Slip-On Yellow 02685,footwear,yellow,slip-on,images/shoe_02685.jpg
shoe_02686,MotionX Casual Yellow 02686,footwear,yellow,casual,images/shoe_02686.jpg
shoe_02687,TrailCore Casual Green 02687,footwear,green,casual,images/shoe_02687.jpg
shoe_02688,MotionX Low-Top Pink 02688,footwear,pink,low-top,images/shoe_02688.jpg
shoe_02689,StreetFlex Basketball Blue 02689,footwear,blue,basketball,images/shoe_02689.jpg
shoe_02690,UrbanStep Trail Blue 02690,footwear,blue,trail,images/shoe_02690.jpg
shoe_02691,TrailCore Slip-On White 02691,footwear,white,slip-on,images/shoe_02691.jpg
shoe_02692,UrbanStep Basketball Blue 02692,footwear,blue,basketball,images/shoe_02692.jpg
shoe_02693,StreetFlex Trail Brown 02693,footwear,brown,trail,images/shoe_02693.jpg
shoe_02694,PeakWalk Casual Blue 02694,footwear,blue,casual,images/shoe_02694.jpg
shoe_02695,PeakWalk Slip-On Navy 02695,footwear,navy,slip-on,images/shoe_02695.jpg
shoe_02696,UrbanStep Basketball Gray 02696,footwear,gray,basketball,images/shoe_02696.jpg
shoe_02697,MotionX High-Top Green 02697,footwear,green,high-top,images/shoe_02697.jpg
shoe_02698,NovaFit Casual White 02698,footwear,white,casual,images/shoe_02698.jpg
shoe_02699,TrailCore High-Top Black 02699,footwear,black,high-top,images/shoe_02699.jpg
shoe_02700,PeakWalk Trail Green 02700,footwear,green,trail,images/shoe_02700.jpg
shoe_02701,NovaFit Slip-On Gray 02701,footwear,gray,slip-on,images/shoe_02701.jpg
shoe_02702,ApexRun Slip-On Blue 02702,footwear,blue,slip-on,images/shoe_02702.jpg
shoe_02703,StrideLab Trail Orange 02703,footwear,orange,trail,images/shoe_02703.jpg
shoe_02704,NovaFit Casual Purple 02704,footwear,purple,casual,images/shoe_02704.jpg
shoe_02705,UrbanStep High-Top Yellow 02705,footwear,yellow,high-top,images/shoe_02705.jpg
shoe_02706,StreetFlex High-Top Red 02706,footwear,red,high-top,images/shoe_02706.jpg
shoe_02707,StrideLab Runner Black 02707,footwear,black,runner,images/shoe_02707.jpg
shoe_02708,MotionX High-Top Green 02708,footwear,green,high-top,images/shoe_02708.jpg
shoe_02709,NovaFit High-Top Red 02709,footwear,red,high-top,images/shoe_02709.jpg
shoe_02710,ApexRun Runner Blue 02710,footwear,blue,runner,images/shoe_02710.jpg
shoe_02711,StreetFlex High-Top Black 02711,footwear,black,high-top,images/shoe_02711.jpg
shoe_02712,MotionX Slip-On Pink 02712,footwear,pink,slip-on,images/shoe_02712.jpg
shoe_02713,TrailCore Trainer Orange 02713,footwear,orange,trainer,images/shoe_02713.jpg
shoe_02714,StreetFlex Slip-On Blue 02714,footwear,blue,slip-on,images/shoe_02714.jpg
shoe_02715,ApexRun Low-Top Blue 02715,footwear,blue,low-top,images/shoe_02715.jpg
shoe_02716,TrailCore Basketball Gray 02716,footwear,gray,basketball,images/shoe_02716.jpg
shoe_02717,TrailCore Casual Red 02717,footwear,red,casual,images/shoe_02717.jpg
shoe_02718,UrbanStep Runner Gray 02718,footwear,gray,runner,images/shoe_02718.jpg
shoe_02719,PeakWalk Slip-On White 02719,footwear,white,slip-on,images/shoe_02719.jpg
shoe_02720,TrailCore High-Top White 02720,footwear,white,high-top,images/shoe_02720.jpg
shoe_02721,TrailCore Trainer Orange 02721,footwear,orange,trainer,images/shoe_02721.jpg
shoe_02722,UrbanStep Low-Top Purple 02722,footwear,purple,low-top,images/shoe_02722.jpg
shoe_02723,StrideLab Slip-On Blue 02723,footwear,blue,slip-on,images/shoe_02723.jpg
shoe_02724,MotionX Trainer Black 02724,footwear,black,trainer,images/shoe_02724.jpg
shoe_02725,PeakWalk Casual Orange 02725,footwear,orange,casual,images/shoe_02725.jpg
shoe_02726,StrideLab Trainer Blue 02726,footwear,blue,trainer,images/shoe_02726.jpg
shoe_02727,PeakWalk Casual White 02727,footwear,white,casual,images/shoe_02727.jpg
shoe_02728,NovaFit Low-Top Purple 02728,footwear,purple,low-top,images/shoe_02728.jpg
shoe_02729,ApexRun Casual Pink 02729,footwear,pink,casual,images/shoe_02729.jpg
shoe_02730,TrailCore Slip-On Gray 02730,footwear,gray,slip-on,images/shoe_02730.jpg
shoe_02731,NovaFit Trail Brown 02731,footwear,brown,trail,images/shoe_02731.jpg
shoe_02732,StreetFlex Basketball Gray 02732,footwear,gray,basketball,images/shoe_02732.jpg
shoe_02733,NovaFit Trail Black 02733,footwear,black,trail,images/shoe_02733.jpg
shoe_02734,StreetFlex Trainer Purple 02734,footwear,purple,trainer,images/shoe_02734.jpg
shoe_02735,NovaFit High-Top Red 02735,footwear,red,high-top,images/shoe_02735.jpg
shoe_02736,TrailCore Casual Red 02736,footwear,red,casual,images/shoe_02736.jpg
shoe_02737,StreetFlex Basketball Blue 02737,footwear,blue,basketball,images/shoe_02737.jpg
shoe_02738,TrailCore Slip-On Orange 02738,footwear,orange,slip-on,images/shoe_02738.jpg
shoe_02739,TrailCore Slip-On Navy 02739,footwear,navy,slip-on,images/shoe_02739.jpg
shoe_02740,ApexRun Trail Orange 02740,footwear,orange,trail,images/shoe_02740.jpg
shoe_02741,StrideLab Trainer Brown 02741,footwear,brown,trainer,images/shoe_02741.jpg
shoe_02742,NovaFit Runner Purple 02742,footwear,purple,runner,images/shoe_02742.jpg
shoe_02743,StreetFlex Basketball Pink 02743,footwear,pink,basketball,images/shoe_02743.jpg
shoe_02744,PeakWalk Runner Orange 02744,footwear,orange,runner,images/shoe_02744.jpg
shoe_02745,NovaFit Trail Orange 02745,footwear,orange,trail,images/shoe_02745.jpg
shoe_02746,MotionX Casual White 02746,footwear,white,casual,images/shoe_02746.jpg
shoe_02747,MotionX Trainer Yellow 02747,footwear,yellow,trainer,images/shoe_02747.jpg
shoe_02748,PeakWalk Slip-On Yellow 02748,footwear,yellow,slip-on,images/shoe_02748.jpg
shoe_02749,TrailCore Low-Top Red 02749,footwear,red,low-top,images/shoe_02749.jpg
shoe_02750,ApexRun Trainer Pink 02750,footwear,pink,trainer,images/shoe_02750.jpg
shoe_02751,ApexRun Basketball Orange 02751,footwear,orange,basketball,images/shoe_02751.jpg
shoe_02752,UrbanStep High-Top Blue 02752,footwear,blue,high-top,images/shoe_02752.jpg
shoe_02753,MotionX Runner White 02753,footwear,white,runner,images/shoe_02753.jpg
shoe_02754,PeakWalk Slip-On White 02754,footwear,white,slip-on,images/shoe_02754.jpg
shoe_02755,UrbanStep Slip-On Red 02755,footwear,red,slip-on,images/shoe_02755.jpg
shoe_02756,UrbanStep Slip-On Orange 02756,footwear,orange,slip-on,images/shoe_02756.jpg
shoe_02757,MotionX Casual Blue 02757,footwear,blue,casual,images/shoe_02757.jpg
shoe_02758,TrailCore High-Top Red 02758,footwear,red,high-top,images/shoe_02758.jpg
shoe_02759,UrbanStep Runner White 02759,footwear,white,runner,images/shoe_02759.jpg
shoe_02760,NovaFit Trail Green 02760,footwear,green,trail,images/shoe_02760.jpg
shoe_02761,ApexRun Trainer Red 02761,footwear,red,trainer,images/shoe_02761.jpg
shoe_02762,StrideLab High-Top Blue 02762,footwear,blue,high-top,images/shoe_02762.jpg
shoe_02763,UrbanStep Slip-On White 02763,footwear,white,slip-on,images/shoe_02763.jpg
shoe_02764,PeakWalk High-Top Gray 02764,footwear,gray,high-top,images/shoe_02764.jpg
shoe_02765,UrbanStep Basketball Gray 02765,footwear,gray,basketball,images/shoe_02765.jpg
shoe_02766,TrailCore Low-Top Red 02766,footwear,red,low-top,images/shoe_02766.jpg
shoe_02767,UrbanStep Basketball Black 02767,footwear,black,basketball,images/shoe_02767.jpg
shoe_02768,ApexRun Runner Green 02768,footwear,green,runner,images/shoe_02768.jpg
shoe_02769,UrbanStep Low-Top Orange 02769,footwear,orange,low-top,images/shoe_02769.jpg
shoe_02770,UrbanStep Trail Black 02770,footwear,black,trail,images/shoe_02770.jpg
shoe_02771,StreetFlex Trainer Red 02771,footwear,red,trainer,images/shoe_02771.jpg
shoe_02772,PeakWalk Slip-On Pink 02772,footwear,pink,slip-on,images/shoe_02772.jpg
shoe_02773,UrbanStep Trail Blue 02773,footwear,blue,trail,images/shoe_02773.jpg
shoe_02774,TrailCore High-Top Navy 02774,footwear,navy,high-top,images/shoe_02774.jpg
shoe_02775,StrideLab Runner Red 02775,footwear,red,runner,images/shoe_02775.jpg
shoe_02776,ApexRun Low-Top Orange 02776,footwear,orange,low-top,images/shoe_02776.jpg
shoe_02777,PeakWalk Trail Green 02777,footwear,green,trail,images/shoe_02777.jpg
shoe_02778,NovaFit Casual Brown 02778,footwear,brown,casual,images/shoe_02778.jpg
shoe_02779,StreetFlex Trail Gray 02779,footwear,gray,trail,images/shoe_02779.jpg
shoe_02780,MotionX Casual Pink 02780,footwear,pink,casual,images/shoe_02780.jpg
shoe_02781,UrbanStep Casual Gray 02781,footwear,gray,casual,images/shoe_02781.jpg
shoe_02782,UrbanStep Trail Gray 02782,footwear,gray,trail,images/shoe_02782.jpg
shoe_02783,StrideLab Trainer Black 02783,footwear,black,trainer,images/shoe_02783.jpg
shoe_02784,MotionX Basketball Pink 02784,footwear,pink,basketball,images/shoe_02784.jpg
shoe_02785,NovaFit Casual White 02785,footwear,white,casual,images/shoe_02785.jpg
shoe_02786,StreetFlex Slip-On Orange 02786,footwear,orange,slip-on,images/shoe_02786.jpg
shoe_02787,PeakWalk Basketball Black 02787,footwear,black,basketball,images/shoe_02787.jpg
shoe_02788,TrailCore Runner Blue 02788,footwear,blue,runner,images/shoe_02788.jpg
shoe_02789,PeakWalk Low-Top Orange 02789,footwear,orange,low-top,images/shoe_02789.jpg
shoe_02790,MotionX Low-Top Pink 02790,footwear,pink,low-top,images/shoe_02790.jpg
shoe_02791,UrbanStep Trainer Orange 02791,footwear,orange,trainer,images/shoe_02791.jpg
shoe_02792,PeakWalk Trainer Black 02792,footwear,black,trainer,images/shoe_02792.jpg
shoe_02793,NovaFit Trail Green 02793,footwear,green,trail,images/shoe_02793.jpg
shoe_02794,StreetFlex Trail Purple 02794,footwear,purple,trail,images/shoe_02794.jpg
shoe_02795,UrbanStep Trail Blue 02795,footwear,blue,trail,images/shoe_02795.jpg
shoe_02796,TrailCore Runner Orange 02796,footwear,orange,runner,images/shoe_02796.jpg
shoe_02797,MotionX High-Top Red 02797,footwear,red,high-top,images/shoe_02797.jpg
shoe_02798,StreetFlex Runner Yellow 02798,footwear,yellow,runner,images/shoe_02798.jpg
shoe_02799,NovaFit Casual Purple 02799,footwear,purple,casual,images/shoe_02799.jpg
shoe_02800,StreetFlex Slip-On White 02800,footwear,white,slip-on,images/shoe_02800.jpg
shoe_02801,ApexRun Trail Gray 02801,footwear,gray,trail,images/shoe_02801.jpg
shoe_02802,StreetFlex High-Top Purple 02802,footwear,purple,high-top,images/shoe_02802.jpg
shoe_02803,MotionX Trainer Yellow 02803,footwear,yellow,trainer,images/shoe_02803.jpg
shoe_02804,ApexRun Low-Top Gray 02804,footwear,gray,low-top,images/shoe_02804.jpg
shoe_02805,MotionX Low-Top White 02805,footwear,white,low-top,images/shoe_02805.jpg
shoe_02806,TrailCore Runner Black 02806,footwear,black,runner,images/shoe_02806.jpg
shoe_02807,ApexRun Basketball Brown 02807,footwear,brown,basketball,images/shoe_02807.jpg
shoe_02808,StreetFlex Casual Purple 02808,footwear,purple,casual,images/shoe_02808.jpg
shoe_02809,StreetFlex Trail Pink 02809,footwear,pink,trail,images/shoe_02809.jpg
shoe_02810,MotionX Basketball Pink 02810,footwear,pink,basketball,images/shoe_02810.jpg
shoe_02811,StrideLab Runner Yellow 02811,footwear,yellow,runner,images/shoe_02811.jpg
shoe_02812,NovaFit Trail Purple 02812,footwear,purple,trail,images/shoe_02812.jpg
shoe_02813,StrideLab Runner Gray 02813,footwear,gray,runner,images/shoe_02813.jpg
shoe_02814,StreetFlex Casual Red 02814,footwear,red,casual,images/shoe_02814.jpg
shoe_02815,MotionX Trail Brown 02815,footwear,brown,trail,images/shoe_02815.jpg
shoe_02816,TrailCore Low-Top Red 02816,footwear,red,low-top,images/shoe_02816.jpg
shoe_02817,MotionX Casual White 02817,footwear,white,casual,images/shoe_02817.jpg
shoe_02818,ApexRun Trainer Orange 02818,footwear,orange,trainer,images/shoe_02818.jpg
shoe_02819,ApexRun Slip-On Black 02819,footwear,black,slip-on,images/shoe_02819.jpg
shoe_02820,NovaFit Trainer Red 02820,footwear,red,trainer,images/shoe_02820.jpg
shoe_02821,NovaFit Trainer Pink 02821,footwear,pink,trainer,images/shoe_02821.jpg
shoe_02822,MotionX Casual Red 02822,footwear,red,casual,images/shoe_02822.jpg
shoe_02823,StrideLab Runner Blue 02823,footwear,blue,runner,images/shoe_02823.jpg
shoe_02824,MotionX Runner Red 02824,footwear,red,runner,images/shoe_02824.jpg
shoe_02825,StrideLab Trail Navy 02825,footwear,navy,trail,images/shoe_02825.jpg
shoe_02826,UrbanStep Trail Blue 02826,footwear,blue,trail,images/shoe_02826.jpg
shoe_02827,StrideLab Trail Brown 02827,footwear,brown,trail,images/shoe_02827.jpg
shoe_02828,StreetFlex Trail White 02828,footwear,white,trail,images/shoe_02828.jpg
shoe_02829,PeakWalk Basketball Pink 02829,footwear,pink,basketball,images/shoe_02829.jpg
shoe_02830,StreetFlex Basketball Green 02830,footwear,green,basketball,images/shoe_02830.jpg
shoe_02831,MotionX Low-Top Gray 02831,footwear,gray,low-top,images/shoe_02831.jpg
shoe_02832,TrailCore Trainer Pink 02832,footwear,pink,trainer,images/shoe_02832.jpg
shoe_02833,PeakWalk Casual Black 02833,footwear,black,casual,images/shoe_02833.jpg
shoe_02834,MotionX Basketball Green 02834,footwear,green,basketball,images/shoe_02834.jpg
shoe_02835,ApexRun Casual Purple 02835,footwear,purple,casual,images/shoe_02835.jpg
shoe_02836,MotionX Slip-On Pink 02836,footwear,pink,slip-on,images/shoe_02836.jpg
shoe_02837,TrailCore Low-Top White 02837,footwear,white,low-top,images/shoe_02837.jpg
shoe_02838,PeakWalk Trainer Blue 02838,footwear,blue,trainer,images/shoe_02838.jpg
shoe_02839,StreetFlex High-Top Red 02839,footwear,red,high-top,images/shoe_02839.jpg
shoe_02840,NovaFit Casual Orange 02840,footwear,orange,casual,images/shoe_02840.jpg
shoe_02841,MotionX Basketball Pink 02841,footwear,pink,basketball,images/shoe_02841.jpg
shoe_02842,UrbanStep Trainer White 02842,footwear,white,trainer,images/shoe_02842.jpg
shoe_02843,StrideLab Trail Pink 02843,footwear,pink,trail,images/shoe_02843.jpg
shoe_02844,NovaFit Runner Yellow 02844,footwear,yellow,runner,images/shoe_02844.jpg
shoe_02845,UrbanStep Casual Orange 02845,footwear,orange,casual,images/shoe_02845.jpg
shoe_02846,ApexRun Trail Orange 02846,footwear,orange,trail,images/shoe_02846.jpg
shoe_02847,StrideLab Basketball Yellow 02847,footwear,yellow,basketball,images/shoe_02847.jpg
shoe_02848,PeakWalk Trainer Green 02848,footwear,green,trainer,images/shoe_02848.jpg
shoe_02849,TrailCore Casual Purple 02849,footwear,purple,casual,images/shoe_02849.jpg
shoe_02850,TrailCore Casual Orange 02850,footwear,orange,casual,images/shoe_02850.jpg
shoe_02851,UrbanStep Trainer Green 02851,footwear,green,trainer,images/shoe_02851.jpg
shoe_02852,StreetFlex Low-Top Yellow 02852,footwear,yellow,low-top,images/shoe_02852.jpg
shoe_02853,StrideLab Casual Pink 02853,footwear,pink,casual,images/shoe_02853.jpg
shoe_02854,StrideLab High-Top White 02854,footwear,white,high-top,images/shoe_02854.jpg
shoe_02855,UrbanStep Runner Navy 02855,footwear,navy,runner,images/shoe_02855.jpg
shoe_02856,PeakWalk Casual Gray 02856,footwear,gray,casual,images/shoe_02856.jpg
shoe_02857,ApexRun Low-Top White 02857,footwear,white,low-top,images/shoe_02857.jpg
shoe_02858,UrbanStep Trail Black 02858,footwear,black,trail,images/shoe_02858.jpg
shoe_02859,MotionX Low-Top Black 02859,footwear,black,low-top,images/shoe_02859.jpg
shoe_02860,StrideLab Basketball Yellow 02860,footwear,yellow,basketball,images/shoe_02860.jpg
shoe_02861,MotionX Low-Top Black 02861,footwear,black,low-top,images/shoe_02861.jpg
shoe_02862,ApexRun High-Top Yellow 02862,footwear,yellow,high-top,images/shoe_02862.jpg
shoe_02863,ApexRun High-Top Pink 02863,footwear,pink,high-top,images/shoe_02863.jpg
shoe_02864,TrailCore Runner Pink 02864,footwear,pink,runner,images/shoe_02864.jpg
shoe_02865,PeakWalk Casual Red 02865,footwear,red,casual,images/shoe_02865.jpg
shoe_02866,MotionX Slip-On White 02866,footwear,white,slip-on,images/shoe_02866.jpg
shoe_02867,MotionX High-Top Pink 02867,footwear,pink,high-top,images/shoe_02867.jpg
shoe_02868,PeakWalk High-Top Red 02868,footwear,red,high-top,images/shoe_02868.jpg
shoe_02869,UrbanStep Slip-On Pink 02869,footwear,pink,slip-on,images/shoe_02869.jpg
shoe_02870,PeakWalk High-Top Brown 02870,footwear,brown,high-top,images/shoe_02870.jpg
shoe_02871,MotionX Trainer Pink 02871,footwear,pink,trainer,images/shoe_02871.jpg
shoe_02872,StreetFlex Casual Black 02872,footwear,black,casual,images/shoe_02872.jpg
shoe_02873,PeakWalk Low-Top Brown 02873,footwear,brown,low-top,images/shoe_02873.jpg
shoe_02874,MotionX Basketball Purple 02874,footwear,purple,basketball,images/shoe_02874.jpg
shoe_02875,NovaFit Casual Green 02875,footwear,green,casual,images/shoe_02875.jpg
shoe_02876,StreetFlex Slip-On Blue 02876,footwear,blue,slip-on,images/shoe_02876.jpg
shoe_02877,PeakWalk Trainer Blue 02877,footwear,blue,trainer,images/shoe_02877.jpg
shoe_02878,ApexRun Low-Top Red 02878,footwear,red,low-top,images/shoe_02878.jpg
shoe_02879,StrideLab Runner White 02879,footwear,white,runner,images/shoe_02879.jpg
shoe_02880,PeakWalk High-Top Red 02880,footwear,red,high-top,images/shoe_02880.jpg
shoe_02881,StrideLab Low-Top Red 02881,footwear,red,low-top,images/shoe_02881.jpg
shoe_02882,StreetFlex Basketball Green 02882,footwear,green,basketball,images/shoe_02882.jpg
shoe_02883,PeakWalk Trainer Pink 02883,footwear,pink,trainer,images/shoe_02883.jpg
shoe_02884,StrideLab Casual Orange 02884,footwear,orange,casual,images/shoe_02884.jpg
shoe_02885,TrailCore Slip-On Brown 02885,footwear,brown,slip-on,images/shoe_02885.jpg
shoe_02886,StreetFlex Runner Purple 02886,footwear,purple,runner,images/shoe_02886.jpg
shoe_02887,TrailCore Casual Red 02887,footwear,red,casual,images/shoe_02887.jpg
shoe_02888,ApexRun High-Top Yellow 02888,footwear,yellow,high-top,images/shoe_02888.jpg
shoe_02889,NovaFit Slip-On Black 02889,footwear,black,slip-on,images/shoe_02889.jpg
shoe_02890,PeakWalk Trail Red 02890,footwear,red,trail,images/shoe_02890.jpg
shoe_02891,StreetFlex Casual Brown 02891,footwear,brown,casual,images/shoe_02891.jpg
shoe_02892,StreetFlex Low-Top Purple 02892,footwear,purple,low-top,images/shoe_02892.jpg
shoe_02893,StreetFlex Casual Navy 02893,footwear,navy,casual,images/shoe_02893.jpg
shoe_02894,ApexRun Low-Top Pink 02894,footwear,pink,low-top,images/shoe_02894.jpg
shoe_02895,NovaFit Slip-On Red 02895,footwear,red,slip-on,images/shoe_02895.jpg
shoe_02896,StreetFlex Trail White 02896,footwear,white,trail,images/shoe_02896.jpg
shoe_02897,UrbanStep Runner Red 02897,footwear,red,runner,images/shoe_02897.jpg
shoe_02898,MotionX Trail Blue 02898,footwear,blue,trail,images/shoe_02898.jpg
shoe_02899,NovaFit Low-Top Blue 02899,footwear,blue,low-top,images/shoe_02899.jpg
shoe_02900,StreetFlex Runner Black 02900,footwear,black,runner,images/shoe_02900.jpg
shoe_02901,StreetFlex Basketball Navy 02901,footwear,navy,basketball,images/shoe_02901.jpg
shoe_02902,StrideLab Runner Yellow 02902,footwear,yellow,runner,images/shoe_02902.jpg
shoe_02903,TrailCore Trainer Purple 02903,footwear,purple,trainer,images/shoe_02903.jpg
shoe_02904,MotionX Basketball Red 02904,footwear,red,basketball,images/shoe_02904.jpg
shoe_02905,TrailCore Casual Gray 02905,footwear,gray,casual,images/shoe_02905.jpg
shoe_02906,PeakWalk Runner Orange 02906,footwear,orange,runner,images/shoe_02906.jpg
shoe_02907,PeakWalk Slip-On Navy 02907,footwear,navy,slip-on,images/shoe_02907.jpg
shoe_02908,StreetFlex Slip-On Black 02908,footwear,black,slip-on,images/shoe_02908.jpg
shoe_02909,StrideLab Casual Black 02909,footwear,black,casual,images/shoe_02909.jpg
shoe_02910,PeakWalk Casual Purple 02910,footwear,purple,casual,images/shoe_02910.jpg
shoe_02911,StreetFlex Trainer Pink 02911,footwear,pink,trainer,images/shoe_02911.jpg
shoe_02912,PeakWalk Trainer Pink 02912,footwear,pink,trainer,images/shoe_02912.jpg
shoe_02913,ApexRun Slip-On Green 02913,footwear,green,slip-on,images/shoe_02913.jpg
shoe_02914,NovaFit Slip-On Blue 02914,footwear,blue,slip-on,images/shoe_02914.jpg
shoe_02915,TrailCore Runner Green 02915,footwear,green,runner,images/shoe_02915.jpg
shoe_02916,PeakWalk Trainer Black 02916,footwear,black,trainer,images/shoe_02916.jpg
shoe_02917,ApexRun Casual Blue 02917,footwear,blue,casual,images/shoe_02917.jpg
shoe_02918,StrideLab Runner Orange 02918,footwear,orange,runner,images/shoe_02918.jpg
shoe_02919,ApexRun Casual Green 02919,footwear,green,casual,images/shoe_02919.jpg
shoe_02920,ApexRun Slip-On Gray 02920,footwear,gray,slip-on,images/shoe_02920.jpg
shoe_02921,MotionX Trainer Purple 02921,footwear,purple,trainer,images/shoe_02921.jpg
shoe_02922,NovaFit Trainer White 02922,footwear,white,trainer,images/shoe_02922.jpg
shoe_02923,UrbanStep Basketball Gray 02923,footwear,gray,basketball,images/shoe_02923.jpg
shoe_02924,ApexRun Trainer Gray 02924,footwear,gray,trainer,images/shoe_02924.jpg
shoe_02925,StrideLab Casual Brown 02925,footwear,brown,casual,images/shoe_02925.jpg
shoe_02926,PeakWalk Trainer Yellow 02926,footwear,yellow,trainer,images/shoe_02926.jpg
shoe_02927,UrbanStep High-Top Black 02927,footwear,black,high-top,images/shoe_02927.jpg
shoe_02928,UrbanStep Slip-On Navy 02928,footwear,navy,slip-on,images/shoe_02928.jpg
shoe_02929,MotionX Slip-On Brown 02929,footwear,brown,slip-on,images/shoe_02929.jpg
shoe_02930,NovaFit Low-Top Orange 02930,footwear,orange,low-top,images/shoe_02930.jpg
shoe_02931,StreetFlex Low-Top Blue 02931,footwear,blue,low-top,images/shoe_02931.jpg
shoe_02932,MotionX Slip-On White 02932,footwear,white,slip-on,images/shoe_02932.jpg
shoe_02933,StrideLab High-Top Gray 02933,footwear,gray,high-top,images/shoe_02933.jpg
shoe_02934,ApexRun High-Top Red 02934,footwear,red,high-top,images/shoe_02934.jpg
shoe_02935,MotionX High-Top Blue 02935,footwear,blue,high-top,images/shoe_02935.jpg
shoe_02936,PeakWalk High-Top Red 02936,footwear,red,high-top,images/shoe_02936.jpg
shoe_02937,PeakWalk High-Top Yellow 02937,footwear,yellow,high-top,images/shoe_02937.jpg
shoe_02938,PeakWalk High-Top Gray 02938,footwear,gray,high-top,images/shoe_02938.jpg
shoe_02939,StrideLab Slip-On Brown 02939,footwear,brown,slip-on,images/shoe_02939.jpg
shoe_02940,StreetFlex High-Top Yellow 02940,footwear,yellow,high-top,images/shoe_02940.jpg
shoe_02941,TrailCore Casual Red 02941,footwear,red,casual,images/shoe_02941.jpg
shoe_02942,ApexRun Slip-On Gray 02942,footwear,gray,slip-on,images/shoe_02942.jpg
shoe_02943,StrideLab High-Top Pink 02943,footwear,pink,high-top,images/shoe_02943.jpg
shoe_02944,StreetFlex Low-Top Red 02944,footwear,red,low-top,images/shoe_02944.jpg
shoe_02945,PeakWalk Trainer Red 02945,footwear,red,trainer,images/shoe_02945.jpg
shoe_02946,ApexRun Basketball Brown 02946,footwear,brown,basketball,images/shoe_02946.jpg
shoe_02947,NovaFit Casual Yellow 02947,footwear,yellow,casual,images/shoe_02947.jpg
shoe_02948,TrailCore Casual White 02948,footwear,white,casual,images/shoe_02948.jpg
shoe_02949,PeakWalk Trainer Red 02949,footwear,red,trainer,images/shoe_02949.jpg
shoe_02950,TrailCore High-Top Pink 02950,footwear,pink,high-top,images/shoe_02950.jpg
shoe_02951,PeakWalk Trail Brown 02951,footwear,brown,trail,images/shoe_02951.jpg
shoe_02952,StreetFlex Basketball Orange 02952,footwear,orange,basketball,images/shoe_02952.jpg
shoe_02953,ApexRun Runner Blue 02953,footwear,blue,runner,images/shoe_02953.jpg
shoe_02954,ApexRun Trainer Purple 02954,footwear,purple,trainer,images/shoe_02954.jpg
shoe_02955,ApexRun Basketball Pink 02955,footwear,pink,basketball,images/shoe_02955.jpg
shoe_02956,StreetFlex Basketball Brown 02956,footwear,brown,basketball,images/shoe_02956.jpg
shoe_02957,StreetFlex Runner Orange 02957,footwear,orange,runner,images/shoe_02957.jpg
shoe_02958,UrbanStep High-Top Purple 02958,footwear,purple,high-top,images/shoe_02958.jpg
shoe_02959,UrbanStep High-Top White 02959,footwear,white,high-top,images/shoe_02959.jpg
shoe_02960,StreetFlex Trail Purple 02960,footwear,purple,trail,images/shoe_02960.jpg
shoe_02961,StreetFlex Runner White 02961,footwear,white,runner,images/shoe_02961.jpg
shoe_02962,NovaFit Slip-On Blue 02962,footwear,blue,slip-on,images/shoe_02962.jpg
shoe_02963,StrideLab Runner Green 02963,footwear,green,runner,images/shoe_02963.jpg
shoe_02964,UrbanStep Slip-On Black 02964,footwear,black,slip-on,images/shoe_02964.jpg
shoe_02965,NovaFit Slip-On Navy 02965,footwear,navy,slip-on,images/shoe_02965.jpg
shoe_02966,StreetFlex Slip-On Red 02966,footwear,red,slip-on,images/shoe_02966.jpg
shoe_02967,StreetFlex High-Top Orange 02967,footwear,orange,high-top,images/shoe_02967.jpg
shoe_02968,MotionX Trail White 02968,footwear,white,trail,images/shoe_02968.jpg
shoe_02969,NovaFit Slip-On Navy 02969,footwear,navy,slip-on,images/shoe_02969.jpg
shoe_02970,MotionX Runner Black 02970,footwear,black,runner,images/shoe_02970.jpg
shoe_02971,StrideLab Low-Top Yellow 02971,footwear,yellow,low-top,images/shoe_02971.jpg
shoe_02972,StreetFlex High-Top Red 02972,footwear,red,high-top,images/shoe_02972.jpg
shoe_02973,MotionX High-Top White 02973,footwear,white,high-top,images/shoe_02973.jpg
shoe_02974,StrideLab Basketball Yellow 02974,footwear,yellow,basketball,images/shoe_02974.jpg
shoe_02975,StrideLab Trainer Red 02975,footwear,red,trainer,images/shoe_02975.jpg
shoe_02976,MotionX Runner Blue 02976,footwear,blue,runner,images/shoe_02976.jpg
shoe_02977,MotionX High-Top Green 02977,footwear,green,high-top,images/shoe_02977.jpg
shoe_02978,StrideLab Slip-On Gray 02978,footwear,gray,slip-on,images/shoe_02978.jpg
shoe_02979,MotionX Runner Orange 02979,footwear,orange,runner,images/shoe_02979.jpg
shoe_02980,StreetFlex High-Top Orange 02980,footwear,orange,high-top,images/shoe_02980.jpg
shoe_02981,UrbanStep Runner Green 02981,footwear,green,runner,images/shoe_02981.jpg
shoe_02982,ApexRun High-Top White 02982,footwear,white,high-top,images/shoe_02982.jpg
shoe_02983,ApexRun Trail White 02983,footwear,white,trail,images/shoe_02983.jpg
shoe_02984,NovaFit Basketball Purple 02984,footwear,purple,basketball,images/shoe_02984.jpg
shoe_02985,MotionX High-Top Gray 02985,footwear,gray,high-top,images/shoe_02985.jpg
shoe_02986,StrideLab Trainer Red 02986,footwear,red,trainer,images/shoe_02986.jpg
shoe_02987,UrbanStep Low-Top Yellow 02987,footwear,yellow,low-top,images/shoe_02987.jpg
shoe_02988,ApexRun High-Top Brown 02988,footwear,brown,high-top,images/shoe_02988.jpg
shoe_02989,UrbanStep Trainer Purple 02989,footwear,purple,trainer,images/shoe_02989.jpg
shoe_02990,NovaFit Trainer Red 02990,footwear,red,trainer,images/shoe_02990.jpg
shoe_02991,TrailCore Slip-On Black 02991,footwear,black,slip-on,images/shoe_02991.jpg
shoe_02992,ApexRun Trainer Purple 02992,footwear,purple,trainer,images/shoe_02992.jpg
shoe_02993,NovaFit Trainer Orange 02993,footwear,orange,trainer,images/shoe_02993.jpg
shoe_02994,StreetFlex Slip-On Blue 02994,footwear,blue,slip-on,images/shoe_02994.jpg
shoe_02995,NovaFit Casual Red 02995,footwear,red,casual,images/shoe_02995.jpg
shoe_02996,MotionX Slip-On Pink 02996,footwear,pink,slip-on,images/shoe_02996.jpg
shoe_02997,NovaFit High-Top Blue 02997,footwear,blue,high-top,images/shoe_02997.jpg
shoe_02998,ApexRun Trail Green 02998,footwear,green,trail,images/shoe_02998.jpg
shoe_02999,TrailCore Casual White 02999,footwear,white,casual,images/shoe_02999.jpg
shoe_03000,UrbanStep Slip-On Navy 03000,footwear,navy,slip-on,images/shoe_03000.jpg
shoe_03001,StrideLab Low-Top Pink 03001,footwear,pink,low-top,images/shoe_03001.jpg
shoe_03002,UrbanStep Trainer Brown 03002,footwear,brown,trainer,images/shoe_03002.jpg
shoe_03003,TrailCore Runner Navy 03003,footwear,navy,runner,images/shoe_03003.jpg
shoe_03004,StrideLab Runner Blue 03004,footwear,blue,runner,images/shoe_03004.jpg
shoe_03005,UrbanStep Casual Brown 03005,footwear,brown,casual,images/shoe_03005.jpg
shoe_03006,StrideLab Slip-On Blue 03006,footwear,blue,slip-on,images/shoe_03006.jpg
shoe_03007,TrailCore Runner Pink 03007,footwear,pink,runner,images/shoe_03007.jpg
shoe_03008,ApexRun High-Top Navy 03008,footwear,navy,high-top,images/shoe_03008.jpg
shoe_03009,StreetFlex High-Top Orange 03009,footwear,orange,high-top,images/shoe_03009.jpg
shoe_03010,UrbanStep Trail Blue 03010,footwear,blue,trail,images/shoe_03010.jpg
shoe_03011,StreetFlex High-Top Red 03011,footwear,red,high-top,images/shoe_03011.jpg
shoe_03012,NovaFit Casual Yellow 03012,footwear,yellow,casual,images/shoe_03012.jpg
shoe_03013,PeakWalk Slip-On Brown 03013,footwear,brown,slip-on,images/shoe_03013.jpg
shoe_03014,UrbanStep Trainer Brown 03014,footwear,brown,trainer,images/shoe_03014.jpg
shoe_03015,StreetFlex Casual Blue 03015,footwear,blue,casual,images/shoe_03015.jpg
shoe_03016,PeakWalk Trainer Blue 03016,footwear,blue,trainer,images/shoe_03016.jpg
shoe_03017,NovaFit Slip-On Purple 03017,footwear,purple,slip-on,images/shoe_03017.jpg
shoe_03018,ApexRun Slip-On Black 03018,footwear,black,slip-on,images/shoe_03018.jpg
shoe_03019,UrbanStep Trail Orange 03019,footwear,orange,trail,images/shoe_03019.jpg
shoe_03020,PeakWalk Runner Black 03020,footwear,black,runner,images/shoe_03020.jpg
shoe_03021,TrailCore Slip-On Gray 03021,footwear,gray,slip-on,images/shoe_03021.jpg
shoe_03022,MotionX High-Top Orange 03022,footwear,orange,high-top,images/shoe_03022.jpg
shoe_03023,MotionX Slip-On Red 03023,footwear,red,slip-on,images/shoe_03023.jpg
shoe_03024,ApexRun Casual Red 03024,footwear,red,casual,images/shoe_03024.jpg
shoe_03025,PeakWalk High-Top Purple 03025,footwear,purple,high-top,images/shoe_03025.jpg
shoe_03026,TrailCore Slip-On Yellow 03026,footwear,yellow,slip-on,images/shoe_03026.jpg
shoe_03027,MotionX Trainer Purple 03027,footwear,purple,trainer,images/shoe_03027.jpg
shoe_03028,MotionX Casual Purple 03028,footwear,purple,casual,images/shoe_03028.jpg
shoe_03029,TrailCore Trail Red 03029,footwear,red,trail,images/shoe_03029.jpg
shoe_03030,ApexRun Low-Top Purple 03030,footwear,purple,low-top,images/shoe_03030.jpg
shoe_03031,NovaFit Trail Blue 03031,footwear,blue,trail,images/shoe_03031.jpg
shoe_03032,StrideLab Low-Top Blue 03032,footwear,blue,low-top,images/shoe_03032.jpg
shoe_03033,MotionX Basketball Green 03033,footwear,green,basketball,images/shoe_03033.jpg
shoe_03034,MotionX High-Top Navy 03034,footwear,navy,high-top,images/shoe_03034.jpg
shoe_03035,NovaFit Slip-On Brown 03035,footwear,brown,slip-on,images/shoe_03035.jpg
shoe_03036,StrideLab High-Top Black 03036,footwear,black,high-top,images/shoe_03036.jpg
shoe_03037,MotionX Slip-On Blue 03037,footwear,blue,slip-on,images/shoe_03037.jpg
shoe_03038,PeakWalk Low-Top Blue 03038,footwear,blue,low-top,images/shoe_03038.jpg
shoe_03039,UrbanStep Runner Gray 03039,footwear,gray,runner,images/shoe_03039.jpg
shoe_03040,NovaFit Basketball Black 03040,footwear,black,basketball,images/shoe_03040.jpg
shoe_03041,ApexRun Basketball Pink 03041,footwear,pink,basketball,images/shoe_03041.jpg
shoe_03042,UrbanStep Trainer Purple 03042,footwear,purple,trainer,images/shoe_03042.jpg
shoe_03043,NovaFit Slip-On White 03043,footwear,white,slip-on,images/shoe_03043.jpg
shoe_03044,TrailCore Slip-On Green 03044,footwear,green,slip-on,images/shoe_03044.jpg
shoe_03045,StreetFlex Casual Brown 03045,footwear,brown,casual,images/shoe_03045.jpg
shoe_03046,PeakWalk Casual White 03046,footwear,white,casual,images/shoe_03046.jpg
shoe_03047,TrailCore Trainer Pink 03047,footwear,pink,trainer,images/shoe_03047.jpg
shoe_03048,StreetFlex Runner Yellow 03048,footwear,yellow,runner,images/shoe_03048.jpg
shoe_03049,TrailCore Trail Yellow 03049,footwear,yellow,trail,images/shoe_03049.jpg
shoe_03050,PeakWalk Basketball Gray 03050,footwear,gray,basketball,images/shoe_03050.jpg
shoe_03051,ApexRun Casual Blue 03051,footwear,blue,casual,images/shoe_03051.jpg
shoe_03052,StrideLab High-Top Navy 03052,footwear,navy,high-top,images/shoe_03052.jpg
shoe_03053,TrailCore Low-Top Pink 03053,footwear,pink,low-top,images/shoe_03053.jpg
shoe_03054,TrailCore Runner Orange 03054,footwear,orange,runner,images/shoe_03054.jpg
shoe_03055,StrideLab Casual Purple 03055,footwear,purple,casual,images/shoe_03055.jpg
shoe_03056,UrbanStep Trail White 03056,footwear,white,trail,images/shoe_03056.jpg
shoe_03057,TrailCore Trainer Blue 03057,footwear,blue,trainer,images/shoe_03057.jpg
shoe_03058,ApexRun High-Top Yellow 03058,footwear,yellow,high-top,images/shoe_03058.jpg
shoe_03059,NovaFit Runner Green 03059,footwear,green,runner,images/shoe_03059.jpg
shoe_03060,PeakWalk Slip-On White 03060,footwear,white,slip-on,images/shoe_03060.jpg
shoe_03061,StreetFlex High-Top Blue 03061,footwear,blue,high-top,images/shoe_03061.jpg
shoe_03062,StrideLab High-Top Blue 03062,footwear,blue,high-top,images/shoe_03062.jpg
shoe_03063,ApexRun Trainer Green 03063,footwear,green,trainer,images/shoe_03063.jpg
shoe_03064,UrbanStep Slip-On Purple 03064,footwear,purple,slip-on,images/shoe_03064.jpg
shoe_03065,PeakWalk Runner Brown 03065,footwear,brown,runner,images/shoe_03065.jpg
shoe_03066,StreetFlex Casual Blue 03066,footwear,blue,casual,images/shoe_03066.jpg
shoe_03067,TrailCore High-Top White 03067,footwear,white,high-top,images/shoe_03067.jpg
shoe_03068,ApexRun Slip-On Pink 03068,footwear,pink,slip-on,images/shoe_03068.jpg
shoe_03069,StreetFlex Basketball Orange 03069,footwear,orange,basketball,images/shoe_03069.jpg
shoe_03070,ApexRun Low-Top Purple 03070,footwear,purple,low-top,images/shoe_03070.jpg
shoe_03071,ApexRun High-Top Navy 03071,footwear,navy,high-top,images/shoe_03071.jpg
shoe_03072,TrailCore Slip-On Brown 03072,footwear,brown,slip-on,images/shoe_03072.jpg
shoe_03073,TrailCore Low-Top Red 03073,footwear,red,low-top,images/shoe_03073.jpg
shoe_03074,UrbanStep Runner Navy 03074,footwear,navy,runner,images/shoe_03074.jpg
shoe_03075,TrailCore Trainer Blue 03075,footwear,blue,trainer,images/shoe_03075.jpg
shoe_03076,PeakWalk Slip-On Red 03076,footwear,red,slip-on,images/shoe_03076.jpg
shoe_03077,TrailCore Trail Black 03077,footwear,black,trail,images/shoe_03077.jpg
shoe_03078,ApexRun Low-Top Pink 03078,footwear,pink,low-top,images/shoe_03078.jpg
shoe_03079,StreetFlex Trainer White 03079,footwear,white,trainer,images/shoe_03079.jpg
shoe_03080,NovaFit Slip-On Brown 03080,footwear,brown,slip-on,images/shoe_03080.jpg
shoe_03081,UrbanStep High-Top Red 03081,footwear,red,high-top,images/shoe_03081.jpg
shoe_03082,ApexRun Casual Purple 03082,footwear,purple,casual,images/shoe_03082.jpg
shoe_03083,ApexRun Basketball Red 03083,footwear,red,basketball,images/shoe_03083.jpg
shoe_03084,NovaFit Low-Top Gray 03084,footwear,gray,low-top,images/shoe_03084.jpg
shoe_03085,UrbanStep High-Top White 03085,footwear,white,high-top,images/shoe_03085.jpg
shoe_03086,UrbanStep High-Top Blue 03086,footwear,blue,high-top,images/shoe_03086.jpg
shoe_03087,NovaFit High-Top Orange 03087,footwear,orange,high-top,images/shoe_03087.jpg
shoe_03088,MotionX Low-Top Blue 03088,footwear,blue,low-top,images/shoe_03088.jpg
shoe_03089,PeakWalk Basketball Navy 03089,footwear,navy,basketball,images/shoe_03089.jpg
shoe_03090,PeakWalk Trainer Red 03090,footwear,red,trainer,images/shoe_03090.jpg
shoe_03091,PeakWalk Low-Top Orange 03091,footwear,orange,low-top,images/shoe_03091.jpg
shoe_03092,MotionX Basketball Green 03092,footwear,green,basketball,images/shoe_03092.jpg
shoe_03093,ApexRun Trainer Pink 03093,footwear,pink,trainer,images/shoe_03093.jpg
shoe_03094,MotionX Casual Blue 03094,footwear,blue,casual,images/shoe_03094.jpg
shoe_03095,StrideLab Trail Orange 03095,footwear,orange,trail,images/shoe_03095.jpg
shoe_03096,UrbanStep High-Top Pink 03096,footwear,pink,high-top,images/shoe_03096.jpg
shoe_03097,StrideLab Trainer Black 03097,footwear,black,trainer,images/shoe_03097.jpg
shoe_03098,NovaFit Trail Gray 03098,footwear,gray,trail,images/shoe_03098.jpg
shoe_03099,ApexRun Low-Top Brown 03099,footwear,brown,low-top,images/shoe_03099.jpg
shoe_03100,TrailCore Low-Top Gray 03100,footwear,gray,low-top,images/shoe_03100.jpg
shoe_03101,ApexRun Trainer Red 03101,footwear,red,trainer,images/shoe_03101.jpg
shoe_03102,TrailCore High-Top Gray 03102,footwear,gray,high-top,images/shoe_03102.jpg
shoe_03103,StreetFlex High-Top Gray 03103,footwear,gray,high-top,images/shoe_03103.jpg
shoe_03104,MotionX High-Top Gray 03104,footwear,gray,high-top,images/shoe_03104.jpg
shoe_03105,UrbanStep Basketball Green 03105,footwear,green,basketball,images/shoe_03105.jpg
shoe_03106,NovaFit Runner Red 03106,footwear,red,runner,images/shoe_03106.jpg
shoe_03107,UrbanStep Trainer Purple 03107,footwear,purple,trainer,images/shoe_03107.jpg
shoe_03108,UrbanStep High-Top Blue 03108,footwear,blue,high-top,images/shoe_03108.jpg
shoe_03109,StrideLab Trail Pink 03109,footwear,pink,trail,images/shoe_03109.jpg
shoe_03110,StreetFlex High-Top Orange 03110,footwear,orange,high-top,images/shoe_03110.jpg
shoe_03111,MotionX Low-Top Purple 03111,footwear,purple,low-top,images/shoe_03111.jpg
shoe_03112,ApexRun Runner Yellow 03112,footwear,yellow,runner,images/shoe_03112.jpg
shoe_03113,ApexRun Runner Black 03113,footwear,black,runner,images/shoe_03113.jpg
shoe_03114,StrideLab Runner Navy 03114,footwear,navy,runner,images/shoe_03114.jpg
shoe_03115,StrideLab Low-Top Yellow 03115,footwear,yellow,low-top,images/shoe_03115.jpg
shoe_03116,PeakWalk Trainer White 03116,footwear,white,trainer,images/shoe_03116.jpg
shoe_03117,StreetFlex Trail White 03117,footwear,white,trail,images/shoe_03117.jpg
shoe_03118,UrbanStep Runner Black 03118,footwear,black,runner,images/shoe_03118.jpg
shoe_03119,NovaFit Basketball Yellow 03119,footwear,yellow,basketball,images/shoe_03119.jpg
shoe_03120,MotionX High-Top Brown 03120,footwear,brown,high-top,images/shoe_03120.jpg
shoe_03121,UrbanStep Slip-On Green 03121,footwear,green,slip-on,images/shoe_03121.jpg
shoe_03122,PeakWalk Low-Top White 03122,footwear,white,low-top,images/shoe_03122.jpg
shoe_03123,StrideLab Trail Green 03123,footwear,green,trail,images/shoe_03123.jpg
shoe_03124,MotionX Low-Top Red 03124,footwear,red,low-top,images/shoe_03124.jpg
shoe_03125,StreetFlex Runner Gray 03125,footwear,gray,runner,images/shoe_03125.jpg
shoe_03126,ApexRun Trail Orange 03126,footwear,orange,trail,images/shoe_03126.jpg
shoe_03127,PeakWalk Casual Gray 03127,footwear,gray,casual,images/shoe_03127.jpg
shoe_03128,ApexRun Runner Black 03128,footwear,black,runner,images/shoe_03128.jpg
shoe_03129,TrailCore Slip-On Black 03129,footwear,black,slip-on,images/shoe_03129.jpg
shoe_03130,StreetFlex Basketball Orange 03130,footwear,orange,basketball,images/shoe_03130.jpg
shoe_03131,MotionX Basketball White 03131,footwear,white,basketball,images/shoe_03131.jpg
shoe_03132,NovaFit Low-Top Gray 03132,footwear,gray,low-top,images/shoe_03132.jpg
shoe_03133,TrailCore High-Top Orange 03133,footwear,orange,high-top,images/shoe_03133.jpg
shoe_03134,MotionX Low-Top Orange 03134,footwear,orange,low-top,images/shoe_03134.jpg
shoe_03135,StreetFlex Trainer Gray 03135,footwear,gray,trainer,images/shoe_03135.jpg
shoe_03136,StreetFlex Runner Yellow 03136,footwear,yellow,runner,images/shoe_03136.jpg
shoe_03137,NovaFit Low-Top Green 03137,footwear,green,low-top,images/shoe_03137.jpg
shoe_03138,ApexRun Runner Navy 03138,footwear,navy,runner,images/shoe_03138.jpg
shoe_03139,ApexRun Trail Brown 03139,footwear,brown,trail,images/shoe_03139.jpg
shoe_03140,TrailCore Trainer Orange 03140,footwear,orange,trainer,images/shoe_03140.jpg
shoe_03141,StreetFlex Trail Orange 03141,footwear,orange,trail,images/shoe_03141.jpg
shoe_03142,UrbanStep Low-Top Black 03142,footwear,black,low-top,images/shoe_03142.jpg
shoe_03143,MotionX Runner White 03143,footwear,white,runner,images/shoe_03143.jpg
shoe_03144,NovaFit High-Top Black 03144,footwear,black,high-top,images/shoe_03144.jpg
shoe_03145,ApexRun High-Top Green 03145,footwear,green,high-top,images/shoe_03145.jpg
shoe_03146,UrbanStep Slip-On Green 03146,footwear,green,slip-on,images/shoe_03146.jpg
shoe_03147,PeakWalk Trail Gray 03147,footwear,gray,trail,images/shoe_03147.jpg
shoe_03148,NovaFit Trainer Blue 03148,footwear,blue,trainer,images/shoe_03148.jpg
shoe_03149,StrideLab Trainer Navy 03149,footwear,navy,trainer,images/shoe_03149.jpg
shoe_03150,TrailCore Slip-On Orange 03150,footwear,orange,slip-on,images/shoe_03150.jpg
shoe_03151,UrbanStep High-Top Red 03151,footwear,red,high-top,images/shoe_03151.jpg
shoe_03152,MotionX Casual Navy 03152,footwear,navy,casual,images/shoe_03152.jpg
shoe_03153,MotionX Low-Top Navy 03153,footwear,navy,low-top,images/shoe_03153.jpg
shoe_03154,UrbanStep Slip-On Orange 03154,footwear,orange,slip-on,images/shoe_03154.jpg
shoe_03155,NovaFit Trainer Black 03155,footwear,black,trainer,images/shoe_03155.jpg
shoe_03156,StreetFlex Low-Top Navy 03156,footwear,navy,low-top,images/shoe_03156.jpg
shoe_03157,TrailCore Casual Navy 03157,footwear,navy,casual,images/shoe_03157.jpg
shoe_03158,MotionX Slip-On White 03158,footwear,white,slip-on,images/shoe_03158.jpg
shoe_03159,ApexRun Trail White 03159,footwear,white,trail,images/shoe_03159.jpg
shoe_03160,NovaFit Slip-On Orange 03160,footwear,orange,slip-on,images/shoe_03160.jpg
shoe_03161,StreetFlex Basketball Red 03161,footwear,red,basketball,images/shoe_03161.jpg
shoe_03162,UrbanStep Runner Green 03162,footwear,green,runner,images/shoe_03162.jpg
shoe_03163,StreetFlex Trainer Orange 03163,footwear,orange,trainer,images/shoe_03163.jpg
shoe_03164,MotionX Low-Top Yellow 03164,footwear,yellow,low-top,images/shoe_03164.jpg
shoe_03165,StrideLab Runner Blue 03165,footwear,blue,runner,images/shoe_03165.jpg
shoe_03166,MotionX Casual Purple 03166,footwear,purple,casual,images/shoe_03166.jpg
shoe_03167,MotionX Slip-On Orange 03167,footwear,orange,slip-on,images/shoe_03167.jpg
shoe_03168,TrailCore Runner Gray 03168,footwear,gray,runner,images/shoe_03168.jpg
shoe_03169,StreetFlex High-Top Navy 03169,footwear,navy,high-top,images/shoe_03169.jpg
shoe_03170,MotionX Low-Top Blue 03170,footwear,blue,low-top,images/shoe_03170.jpg
shoe_03171,PeakWalk Low-Top Yellow 03171,footwear,yellow,low-top,images/shoe_03171.jpg
shoe_03172,StreetFlex Runner Pink 03172,footwear,pink,runner,images/shoe_03172.jpg
shoe_03173,ApexRun Slip-On Black 03173,footwear,black,slip-on,images/shoe_03173.jpg
shoe_03174,TrailCore Trainer Green 03174,footwear,green,trainer,images/shoe_03174.jpg
shoe_03175,StreetFlex Trainer Blue 03175,footwear,blue,trainer,images/shoe_03175.jpg
shoe_03176,StreetFlex Slip-On Blue 03176,footwear,blue,slip-on,images/shoe_03176.jpg
shoe_03177,NovaFit High-Top Navy 03177,footwear,navy,high-top,images/shoe_03177.jpg
shoe_03178,UrbanStep Trainer Navy 03178,footwear,navy,trainer,images/shoe_03178.jpg
shoe_03179,StrideLab High-Top White 03179,footwear,white,high-top,images/shoe_03179.jpg
shoe_03180,PeakWalk Trail Navy 03180,footwear,navy,trail,images/shoe_03180.jpg
shoe_03181,ApexRun High-Top Navy 03181,footwear,navy,high-top,images/shoe_03181.jpg
shoe_03182,TrailCore Trainer Pink 03182,footwear,pink,trainer,images/shoe_03182.jpg
shoe_03183,TrailCore High-Top Pink 03183,footwear,pink,high-top,images/shoe_03183.jpg
shoe_03184,UrbanStep Trainer Purple 03184,footwear,purple,trainer,images/shoe_03184.jpg
shoe_03185,TrailCore Basketball Orange 03185,footwear,orange,basketball,images/shoe_03185.jpg
shoe_03186,ApexRun Casual Black 03186,footwear,black,casual,images/shoe_03186.jpg
shoe_03187,StrideLab High-Top Navy 03187,footwear,navy,high-top,images/shoe_03187.jpg
shoe_03188,StreetFlex Trail Pink 03188,footwear,pink,trail,images/shoe_03188.jpg
shoe_03189,PeakWalk High-Top Orange 03189,footwear,orange,high-top,images/shoe_03189.jpg
shoe_03190,ApexRun Casual Gray 03190,footwear,gray,casual,images/shoe_03190.jpg
shoe_03191,TrailCore Low-Top Black 03191,footwear,black,low-top,images/shoe_03191.jpg
shoe_03192,StrideLab Runner Black 03192,footwear,black,runner,images/shoe_03192.jpg
shoe_03193,StrideLab Casual Yellow 03193,footwear,yellow,casual,images/shoe_03193.jpg
shoe_03194,ApexRun Low-Top Gray 03194,footwear,gray,low-top,images/shoe_03194.jpg
shoe_03195,StreetFlex Casual Blue 03195,footwear,blue,casual,images/shoe_03195.jpg
shoe_03196,MotionX Trail Purple 03196,footwear,purple,trail,images/shoe_03196.jpg
shoe_03197,StrideLab Slip-On Navy 03197,footwear,navy,slip-on,images/shoe_03197.jpg
shoe_03198,ApexRun Casual Navy 03198,footwear,navy,casual,images/shoe_03198.jpg
shoe_03199,NovaFit Trainer Pink 03199,footwear,pink,trainer,images/shoe_03199.jpg
shoe_03200,UrbanStep Basketball Yellow 03200,footwear,yellow,basketball,images/shoe_03200.jpg
shoe_03201,MotionX High-Top Black 03201,footwear,black,high-top,images/shoe_03201.jpg
shoe_03202,StrideLab High-Top Pink 03202,footwear,pink,high-top,images/shoe_03202.jpg
shoe_03203,StrideLab Slip-On Gray 03203,footwear,gray,slip-on,images/shoe_03203.jpg
shoe_03204,TrailCore Slip-On Gray 03204,footwear,gray,slip-on,images/shoe_03204.jpg
shoe_03205,PeakWalk Casual Blue 03205,footwear,blue,casual,images/shoe_03205.jpg
shoe_03206,UrbanStep Runner Yellow 03206,footwear,yellow,runner,images/shoe_03206.jpg
shoe_03207,UrbanStep Trainer Orange 03207,footwear,orange,trainer,images/shoe_03207.jpg
shoe_03208,TrailCore Low-Top Navy 03208,footwear,navy,low-top,images/shoe_03208.jpg
shoe_03209,StrideLab Low-Top Pink 03209,footwear,pink,low-top,images/shoe_03209.jpg
shoe_03210,MotionX Trail Blue 03210,footwear,blue,trail,images/shoe_03210.jpg
shoe_03211,NovaFit Basketball Yellow 03211,footwear,yellow,basketball,images/shoe_03211.jpg
shoe_03212,MotionX High-Top White 03212,footwear,white,high-top,images/shoe_03212.jpg
shoe_03213,UrbanStep Slip-On Black 03213,footwear,black,slip-on,images/shoe_03213.jpg
shoe_03214,ApexRun Casual Gray 03214,footwear,gray,casual,images/shoe_03214.jpg
shoe_03215,StreetFlex Runner Yellow 03215,footwear,yellow,runner,images/shoe_03215.jpg
shoe_03216,NovaFit Trail Blue 03216,footwear,blue,trail,images/shoe_03216.jpg
shoe_03217,ApexRun Casual Orange 03217,footwear,orange,casual,images/shoe_03217.jpg
shoe_03218,StrideLab High-Top Gray 03218,footwear,gray,high-top,images/shoe_03218.jpg
shoe_03219,NovaFit Low-Top Navy 03219,footwear,navy,low-top,images/shoe_03219.jpg
shoe_03220,TrailCore Runner Black 03220,footwear,black,runner,images/shoe_03220.jpg
shoe_03221,StreetFlex Trainer Black 03221,footwear,black,trainer,images/shoe_03221.jpg
shoe_03222,StrideLab Casual Orange 03222,footwear,orange,casual,images/shoe_03222.jpg
shoe_03223,UrbanStep Casual Black 03223,footwear,black,casual,images/shoe_03223.jpg
shoe_03224,StrideLab Trail Brown 03224,footwear,brown,trail,images/shoe_03224.jpg
shoe_03225,StrideLab Trainer Yellow 03225,footwear,yellow,trainer,images/shoe_03225.jpg
shoe_03226,MotionX Trainer Red 03226,footwear,red,trainer,images/shoe_03226.jpg
shoe_03227,ApexRun Basketball Yellow 03227,footwear,yellow,basketball,images/shoe_03227.jpg
shoe_03228,NovaFit Low-Top Orange 03228,footwear,orange,low-top,images/shoe_03228.jpg
shoe_03229,PeakWalk High-Top Pink 03229,footwear,pink,high-top,images/shoe_03229.jpg
shoe_03230,NovaFit Trail Brown 03230,footwear,brown,trail,images/shoe_03230.jpg
shoe_03231,TrailCore Low-Top Gray 03231,footwear,gray,low-top,images/shoe_03231.jpg
shoe_03232,MotionX Slip-On Gray 03232,footwear,gray,slip-on,images/shoe_03232.jpg
shoe_03233,StrideLab Runner Navy 03233,footwear,navy,runner,images/shoe_03233.jpg
shoe_03234,ApexRun Slip-On Blue 03234,footwear,blue,slip-on,images/shoe_03234.jpg
shoe_03235,TrailCore Trail Gray 03235,footwear,gray,trail,images/shoe_03235.jpg
shoe_03236,TrailCore Slip-On Yellow 03236,footwear,yellow,slip-on,images/shoe_03236.jpg
shoe_03237,NovaFit Low-Top Purple 03237,footwear,purple,low-top,images/shoe_03237.jpg
shoe_03238,TrailCore Trainer Black 03238,footwear,black,trainer,images/shoe_03238.jpg
shoe_03239,StrideLab Basketball Brown 03239,footwear,brown,basketball,images/shoe_03239.jpg
shoe_03240,StreetFlex High-Top Black 03240,footwear,black,high-top,images/shoe_03240.jpg
shoe_03241,ApexRun Runner Purple 03241,footwear,purple,runner,images/shoe_03241.jpg
shoe_03242,StrideLab Basketball Gray 03242,footwear,gray,basketball,images/shoe_03242.jpg
shoe_03243,UrbanStep Slip-On Green 03243,footwear,green,slip-on,images/shoe_03243.jpg
shoe_03244,MotionX Trail Black 03244,footwear,black,trail,images/shoe_03244.jpg
shoe_03245,NovaFit Low-Top Pink 03245,footwear,pink,low-top,images/shoe_03245.jpg
shoe_03246,NovaFit Casual Pink 03246,footwear,pink,casual,images/shoe_03246.jpg
shoe_03247,PeakWalk Slip-On Brown 03247,footwear,brown,slip-on,images/shoe_03247.jpg
shoe_03248,UrbanStep Slip-On White 03248,footwear,white,slip-on,images/shoe_03248.jpg
shoe_03249,NovaFit Basketball Gray 03249,footwear,gray,basketball,images/shoe_03249.jpg
shoe_03250,UrbanStep Trainer Brown 03250,footwear,brown,trainer,images/shoe_03250.jpg
shoe_03251,MotionX High-Top Yellow 03251,footwear,yellow,high-top,images/shoe_03251.jpg
shoe_03252,TrailCore Slip-On Black 03252,footwear,black,slip-on,images/shoe_03252.jpg
shoe_03253,StrideLab Trainer Red 03253,footwear,red,trainer,images/shoe_03253.jpg
shoe_03254,MotionX Trainer Red 03254,footwear,red,trainer,images/shoe_03254.jpg
shoe_03255,NovaFit Casual Red 03255,footwear,red,casual,images/shoe_03255.jpg
shoe_03256,NovaFit Runner Pink 03256,footwear,pink,runner,images/shoe_03256.jpg
shoe_03257,PeakWalk Runner Pink 03257,footwear,pink,runner,images/shoe_03257.jpg
shoe_03258,StrideLab Casual Red 03258,footwear,red,casual,images/shoe_03258.jpg
shoe_03259,ApexRun Casual Purple 03259,footwear,purple,casual,images/shoe_03259.jpg
shoe_03260,UrbanStep Trail Brown 03260,footwear,brown,trail,images/shoe_03260.jpg
shoe_03261,MotionX Trainer Navy 03261,footwear,navy,trainer,images/shoe_03261.jpg
shoe_03262,TrailCore Trainer Gray 03262,footwear,gray,trainer,images/shoe_03262.jpg
shoe_03263,TrailCore Basketball Yellow 03263,footwear,yellow,basketball,images/shoe_03263.jpg
shoe_03264,ApexRun Low-Top Gray 03264,footwear,gray,low-top,images/shoe_03264.jpg
shoe_03265,StreetFlex Runner Green 03265,footwear,green,runner,images/shoe_03265.jpg
shoe_03266,UrbanStep High-Top Orange 03266,footwear,orange,high-top,images/shoe_03266.jpg
shoe_03267,StreetFlex Casual Navy 03267,footwear,navy,casual,images/shoe_03267.jpg
shoe_03268,NovaFit Low-Top Black 03268,footwear,black,low-top,images/shoe_03268.jpg
shoe_03269,UrbanStep Basketball Pink 03269,footwear,pink,basketball,images/shoe_03269.jpg
shoe_03270,StrideLab Slip-On Orange 03270,footwear,orange,slip-on,images/shoe_03270.jpg
shoe_03271,NovaFit Casual Gray 03271,footwear,gray,casual,images/shoe_03271.jpg
shoe_03272,StrideLab Casual Yellow 03272,footwear,yellow,casual,images/shoe_03272.jpg
shoe_03273,PeakWalk Runner Blue 03273,footwear,blue,runner,images/shoe_03273.jpg
shoe_03274,UrbanStep High-Top Orange 03274,footwear,orange,high-top,images/shoe_03274.jpg
shoe_03275,StreetFlex Basketball Blue 03275,footwear,blue,basketball,images/shoe_03275.jpg
shoe_03276,TrailCore Slip-On White 03276,footwear,white,slip-on,images/shoe_03276.jpg
shoe_03277,UrbanStep Casual Green 03277,footwear,green,casual,images/shoe_03277.jpg
shoe_03278,MotionX Slip-On Blue 03278,footwear,blue,slip-on,images/shoe_03278.jpg
shoe_03279,ApexRun Runner Brown 03279,footwear,brown,runner,images/shoe_03279.jpg
shoe_03280,TrailCore Trail Red 03280,footwear,red,trail,images/shoe_03280.jpg
shoe_03281,NovaFit Runner Black 03281,footwear,black,runner,images/shoe_03281.jpg
shoe_03282,NovaFit Casual Pink 03282,footwear,pink,casual,images/shoe_03282.jpg
shoe_03283,StrideLab Runner White 03283,footwear,white,runner,images/shoe_03283.jpg
shoe_03284,StrideLab Trainer Orange 03284,footwear,orange,trainer,images/shoe_03284.jpg
shoe_03285,StreetFlex Trainer White 03285,footwear,white,trainer,images/shoe_03285.jpg
shoe_03286,StrideLab Runner Black 03286,footwear,black,runner,images/shoe_03286.jpg
shoe_03287,MotionX Runner Orange 03287,footwear,orange,runner,images/shoe_03287.jpg
shoe_03288,StrideLab Slip-On White 03288,footwear,white,slip-on,images/shoe_03288.jpg
shoe_03289,ApexRun Basketball Navy 03289,footwear,navy,basketball,images/shoe_03289.jpg
shoe_03290,UrbanStep Casual Purple 03290,footwear,purple,casual,images/shoe_03290.jpg
shoe_03291,PeakWalk Trainer Brown 03291,footwear,brown,trainer,images/shoe_03291.jpg
shoe_03292,UrbanStep Casual Brown 03292,footwear,brown,casual,images/shoe_03292.jpg
shoe_03293,TrailCore Basketball Black 03293,footwear,black,basketball,images/shoe_03293.jpg
shoe_03294,MotionX Slip-On Brown 03294,footwear,brown,slip-on,images/shoe_03294.jpg
shoe_03295,PeakWalk Trail Black 03295,footwear,black,trail,images/shoe_03295.jpg
shoe_03296,NovaFit Slip-On Purple 03296,footwear,purple,slip-on,images/shoe_03296.jpg
shoe_03297,PeakWalk Runner Red 03297,footwear,red,runner,images/shoe_03297.jpg
shoe_03298,NovaFit Casual Red 03298,footwear,red,casual,images/shoe_03298.jpg
shoe_03299,UrbanStep Low-Top Brown 03299,footwear,brown,low-top,images/shoe_03299.jpg
shoe_03300,StrideLab Runner Yellow 03300,footwear,yellow,runner,images/shoe_03300.jpg
shoe_03301,PeakWalk Trail Navy 03301,footwear,navy,trail,images/shoe_03301.jpg
shoe_03302,UrbanStep Runner Orange 03302,footwear,orange,runner,images/shoe_03302.jpg
shoe_03303,MotionX High-Top Pink 03303,footwear,pink,high-top,images/shoe_03303.jpg
shoe_03304,MotionX Casual Black 03304,footwear,black,casual,images/shoe_03304.jpg
shoe_03305,TrailCore Trainer White 03305,footwear,white,trainer,images/shoe_03305.jpg
shoe_03306,TrailCore Trail Blue 03306,footwear,blue,trail,images/shoe_03306.jpg
shoe_03307,StreetFlex Low-Top White 03307,footwear,white,low-top,images/shoe_03307.jpg
shoe_03308,TrailCore Low-Top Yellow 03308,footwear,yellow,low-top,images/shoe_03308.jpg
shoe_03309,StrideLab Casual Yellow 03309,footwear,yellow,casual,images/shoe_03309.jpg
shoe_03310,PeakWalk High-Top Purple 03310,footwear,purple,high-top,images/shoe_03310.jpg
shoe_03311,UrbanStep Trainer Black 03311,footwear,black,trainer,images/shoe_03311.jpg
shoe_03312,StrideLab High-Top Brown 03312,footwear,brown,high-top,images/shoe_03312.jpg
shoe_03313,ApexRun Low-Top Pink 03313,footwear,pink,low-top,images/shoe_03313.jpg
shoe_03314,TrailCore High-Top Orange 03314,footwear,orange,high-top,images/shoe_03314.jpg
shoe_03315,StreetFlex Trainer Orange 03315,footwear,orange,trainer,images/shoe_03315.jpg
shoe_03316,PeakWalk Trail Red 03316,footwear,red,trail,images/shoe_03316.jpg
shoe_03317,NovaFit Basketball Gray 03317,footwear,gray,basketball,images/shoe_03317.jpg
shoe_03318,TrailCore Trainer White 03318,footwear,white,trainer,images/shoe_03318.jpg
shoe_03319,MotionX High-Top Purple 03319,footwear,purple,high-top,images/shoe_03319.jpg
shoe_03320,ApexRun Slip-On Green 03320,footwear,green,slip-on,images/shoe_03320.jpg
shoe_03321,StreetFlex Low-Top Navy 03321,footwear,navy,low-top,images/shoe_03321.jpg
shoe_03322,NovaFit Low-Top Black 03322,footwear,black,low-top,images/shoe_03322.jpg
shoe_03323,StrideLab Runner Green 03323,footwear,green,runner,images/shoe_03323.jpg
shoe_03324,MotionX Slip-On Orange 03324,footwear,orange,slip-on,images/shoe_03324.jpg
shoe_03325,PeakWalk Trainer Black 03325,footwear,black,trainer,images/shoe_03325.jpg
shoe_03326,StrideLab Slip-On Blue 03326,footwear,blue,slip-on,images/shoe_03326.jpg
shoe_03327,StrideLab Trail Orange 03327,footwear,orange,trail,images/shoe_03327.jpg
shoe_03328,PeakWalk Trail Red 03328,footwear,red,trail,images/shoe_03328.jpg
shoe_03329,UrbanStep Low-Top Brown 03329,footwear,brown,low-top,images/shoe_03329.jpg
shoe_03330,UrbanStep Runner White 03330,footwear,white,runner,images/shoe_03330.jpg
shoe_03331,PeakWalk High-Top Brown 03331,footwear,brown,high-top,images/shoe_03331.jpg
shoe_03332,StrideLab Low-Top Pink 03332,footwear,pink,low-top,images/shoe_03332.jpg
shoe_03333,MotionX Trainer Brown 03333,footwear,brown,trainer,images/shoe_03333.jpg
shoe_03334,UrbanStep Casual Gray 03334,footwear,gray,casual,images/shoe_03334.jpg
shoe_03335,PeakWalk Basketball Pink 03335,footwear,pink,basketball,images/shoe_03335.jpg
shoe_03336,TrailCore Trail Navy 03336,footwear,navy,trail,images/shoe_03336.jpg
shoe_03337,TrailCore Trainer Orange 03337,footwear,orange,trainer,images/shoe_03337.jpg
shoe_03338,StreetFlex Low-Top White 03338,footwear,white,low-top,images/shoe_03338.jpg
shoe_03339,StreetFlex Runner Orange 03339,footwear,orange,runner,images/shoe_03339.jpg
shoe_03340,ApexRun Trail Blue 03340,footwear,blue,trail,images/shoe_03340.jpg
shoe_03341,NovaFit Casual Purple 03341,footwear,purple,casual,images/shoe_03341.jpg
shoe_03342,PeakWalk High-Top Brown 03342,footwear,brown,high-top,images/shoe_03342.jpg
shoe_03343,NovaFit Runner Purple 03343,footwear,purple,runner,images/shoe_03343.jpg
shoe_03344,NovaFit Trainer Purple 03344,footwear,purple,trainer,images/shoe_03344.jpg
shoe_03345,ApexRun Low-Top Gray 03345,footwear,gray,low-top,images/shoe_03345.jpg
shoe_03346,NovaFit Runner Yellow 03346,footwear,yellow,runner,images/shoe_03346.jpg
shoe_03347,StrideLab Low-Top Gray 03347,footwear,gray,low-top,images/shoe_03347.jpg
shoe_03348,UrbanStep Low-Top Brown 03348,footwear,brown,low-top,images/shoe_03348.jpg
shoe_03349,StreetFlex Basketball Blue 03349,footwear,blue,basketball,images/shoe_03349.jpg
shoe_03350,StrideLab Low-Top Brown 03350,footwear,brown,low-top,images/shoe_03350.jpg
shoe_03351,ApexRun Basketball Orange 03351,footwear,orange,basketball,images/shoe_03351.jpg
shoe_03352,StrideLab Trail Yellow 03352,footwear,yellow,trail,images/shoe_03352.jpg
shoe_03353,NovaFit Slip-On Brown 03353,footwear,brown,slip-on,images/shoe_03353.jpg
shoe_03354,StrideLab Low-Top Pink 03354,footwear,pink,low-top,images/shoe_03354.jpg
shoe_03355,StrideLab Low-Top Gray 03355,footwear,gray,low-top,images/shoe_03355.jpg
shoe_03356,StreetFlex Low-Top Pink 03356,footwear,pink,low-top,images/shoe_03356.jpg
shoe_03357,PeakWalk Casual Pink 03357,footwear,pink,casual,images/shoe_03357.jpg
shoe_03358,MotionX Runner Pink 03358,footwear,pink,runner,images/shoe_03358.jpg
shoe_03359,MotionX Casual Blue 03359,footwear,blue,casual,images/shoe_03359.jpg
shoe_03360,UrbanStep Runner Gray 03360,footwear,gray,runner,images/shoe_03360.jpg
shoe_03361,StreetFlex Runner Red 03361,footwear,red,runner,images/shoe_03361.jpg
shoe_03362,NovaFit Trainer Black 03362,footwear,black,trainer,images/shoe_03362.jpg
shoe_03363,MotionX Slip-On Navy 03363,footwear,navy,slip-on,images/shoe_03363.jpg
shoe_03364,MotionX Low-Top Brown 03364,footwear,brown,low-top,images/shoe_03364.jpg
shoe_03365,StrideLab Basketball Pink 03365,footwear,pink,basketball,images/shoe_03365.jpg
shoe_03366,MotionX High-Top Brown 03366,footwear,brown,high-top,images/shoe_03366.jpg
shoe_03367,PeakWalk Trail Yellow 03367,footwear,yellow,trail,images/shoe_03367.jpg
shoe_03368,StrideLab Trail Black 03368,footwear,black,trail,images/shoe_03368.jpg
shoe_03369,TrailCore Low-Top Yellow 03369,footwear,yellow,low-top,images/shoe_03369.jpg
shoe_03370,PeakWalk Casual Gray 03370,footwear,gray,casual,images/shoe_03370.jpg
shoe_03371,TrailCore Trail Orange 03371,footwear,orange,trail,images/shoe_03371.jpg
shoe_03372,ApexRun Low-Top Gray 03372,footwear,gray,low-top,images/shoe_03372.jpg
shoe_03373,MotionX Trail Pink 03373,footwear,pink,trail,images/shoe_03373.jpg
shoe_03374,StrideLab High-Top Orange 03374,footwear,orange,high-top,images/shoe_03374.jpg
shoe_03375,PeakWalk Trail Navy 03375,footwear,navy,trail,images/shoe_03375.jpg
shoe_03376,NovaFit Trail Pink 03376,footwear,pink,trail,images/shoe_03376.jpg
shoe_03377,NovaFit Low-Top Gray 03377,footwear,gray,low-top,images/shoe_03377.jpg
shoe_03378,UrbanStep Trail Gray 03378,footwear,gray,trail,images/shoe_03378.jpg
shoe_03379,TrailCore Basketball Red 03379,footwear,red,basketball,images/shoe_03379.jpg
shoe_03380,StreetFlex Runner Purple 03380,footwear,purple,runner,images/shoe_03380.jpg
shoe_03381,NovaFit Runner Brown 03381,footwear,brown,runner,images/shoe_03381.jpg
shoe_03382,TrailCore Low-Top Brown 03382,footwear,brown,low-top,images/shoe_03382.jpg
shoe_03383,MotionX Runner Yellow 03383,footwear,yellow,runner,images/shoe_03383.jpg
shoe_03384,NovaFit Basketball Black 03384,footwear,black,basketball,images/shoe_03384.jpg
shoe_03385,PeakWalk Basketball Orange 03385,footwear,orange,basketball,images/shoe_03385.jpg
shoe_03386,ApexRun Runner Pink 03386,footwear,pink,runner,images/shoe_03386.jpg
shoe_03387,UrbanStep High-Top Brown 03387,footwear,brown,high-top,images/shoe_03387.jpg
shoe_03388,StreetFlex Low-Top Green 03388,footwear,green,low-top,images/shoe_03388.jpg
shoe_03389,MotionX Slip-On Yellow 03389,footwear,yellow,slip-on,images/shoe_03389.jpg
shoe_03390,PeakWalk Casual Red 03390,footwear,red,casual,images/shoe_03390.jpg
shoe_03391,TrailCore Casual Pink 03391,footwear,pink,casual,images/shoe_03391.jpg
shoe_03392,MotionX Basketball Red 03392,footwear,red,basketball,images/shoe_03392.jpg
shoe_03393,UrbanStep Trainer Red 03393,footwear,red,trainer,images/shoe_03393.jpg
shoe_03394,NovaFit Slip-On Brown 03394,footwear,brown,slip-on,images/shoe_03394.jpg
shoe_03395,StrideLab Trainer Blue 03395,footwear,blue,trainer,images/shoe_03395.jpg
shoe_03396,UrbanStep Casual Yellow 03396,footwear,yellow,casual,images/shoe_03396.jpg
shoe_03397,StreetFlex High-Top Green 03397,footwear,green,high-top,images/shoe_03397.jpg
shoe_03398,PeakWalk Basketball Red 03398,footwear,red,basketball,images/shoe_03398.jpg
shoe_03399,NovaFit Basketball Red 03399,footwear,red,basketball,images/shoe_03399.jpg
shoe_03400,NovaFit Low-Top Red 03400,footwear,red,low-top,images/shoe_03400.jpg
shoe_03401,TrailCore Trainer Pink 03401,footwear,pink,trainer,images/shoe_03401.jpg
shoe_03402,StrideLab Basketball Yellow 03402,footwear,yellow,basketball,images/shoe_03402.jpg
shoe_03403,NovaFit High-Top Blue 03403,footwear,blue,high-top,images/shoe_03403.jpg
shoe_03404,ApexRun Basketball Yellow 03404,footwear,yellow,basketball,images/shoe_03404.jpg
shoe_03405,MotionX Trail Brown 03405,footwear,brown,trail,images/shoe_03405.jpg
shoe_03406,ApexRun Basketball Orange 03406,footwear,orange,basketball,images/shoe_03406.jpg
shoe_03407,PeakWalk Basketball Pink 03407,footwear,pink,basketball,images/shoe_03407.jpg
shoe_03408,MotionX Slip-On Brown 03408,footwear,brown,slip-on,images/shoe_03408.jpg
shoe_03409,TrailCore Runner Blue 03409,footwear,blue,runner,images/shoe_03409.jpg
shoe_03410,StrideLab High-Top Green 03410,footwear,green,high-top,images/shoe_03410.jpg
shoe_03411,PeakWalk Trail White 03411,footwear,white,trail,images/shoe_03411.jpg
shoe_03412,TrailCore Runner Red 03412,footwear,red,runner,images/shoe_03412.jpg
shoe_03413,TrailCore Basketball Gray 03413,footwear,gray,basketball,images/shoe_03413.jpg
shoe_03414,StrideLab Runner Green 03414,footwear,green,runner,images/shoe_03414.jpg
shoe_03415,NovaFit Trainer Yellow 03415,footwear,yellow,trainer,images/shoe_03415.jpg
shoe_03416,StreetFlex High-Top Green 03416,footwear,green,high-top,images/shoe_03416.jpg
shoe_03417,StrideLab Trail Green 03417,footwear,green,trail,images/shoe_03417.jpg
shoe_03418,TrailCore Basketball Yellow 03418,footwear,yellow,basketball,images/shoe_03418.jpg
shoe_03419,UrbanStep Trainer White 03419,footwear,white,trainer,images/shoe_03419.jpg
shoe_03420,NovaFit Trainer Yellow 03420,footwear,yellow,trainer,images/shoe_03420.jpg
shoe_03421,TrailCore High-Top Purple 03421,footwear,purple,high-top,images/shoe_03421.jpg
shoe_03422,StreetFlex Trail Orange 03422,footwear,orange,trail,images/shoe_03422.jpg
shoe_03423,MotionX Runner Black 03423,footwear,black,runner,images/shoe_03423.jpg
shoe_03424,MotionX High-Top Red 03424,footwear,red,high-top,images/shoe_03424.jpg
shoe_03425,StreetFlex Runner White 03425,footwear,white,runner,images/shoe_03425.jpg
shoe_03426,NovaFit Trail Red 03426,footwear,red,trail,images/shoe_03426.jpg
shoe_03427,PeakWalk High-Top Pink 03427,footwear,pink,high-top,images/shoe_03427.jpg
shoe_03428,UrbanStep Runner Gray 03428,footwear,gray,runner,images/shoe_03428.jpg
shoe_03429,MotionX Runner Purple 03429,footwear,purple,runner,images/shoe_03429.jpg
shoe_03430,TrailCore Low-Top Yellow 03430,footwear,yellow,low-top,images/shoe_03430.jpg
shoe_03431,NovaFit Basketball Gray 03431,footwear,gray,basketball,images/shoe_03431.jpg
shoe_03432,StreetFlex Low-Top Red 03432,footwear,red,low-top,images/shoe_03432.jpg
shoe_03433,NovaFit Casual Gray 03433,footwear,gray,casual,images/shoe_03433.jpg
shoe_03434,NovaFit Basketball Black 03434,footwear,black,basketball,images/shoe_03434.jpg
shoe_03435,MotionX Trail Purple 03435,footwear,purple,trail,images/shoe_03435.jpg
shoe_03436,UrbanStep Low-Top Green 03436,footwear,green,low-top,images/shoe_03436.jpg
shoe_03437,StreetFlex Basketball Purple 03437,footwear,purple,basketball,images/shoe_03437.jpg
shoe_03438,StreetFlex Slip-On Navy 03438,footwear,navy,slip-on,images/shoe_03438.jpg
shoe_03439,StreetFlex Casual Navy 03439,footwear,navy,casual,images/shoe_03439.jpg
shoe_03440,UrbanStep Slip-On Yellow 03440,footwear,yellow,slip-on,images/shoe_03440.jpg
shoe_03441,MotionX Low-Top Gray 03441,footwear,gray,low-top,images/shoe_03441.jpg
shoe_03442,StrideLab High-Top Pink 03442,footwear,pink,high-top,images/shoe_03442.jpg
shoe_03443,StreetFlex Casual Navy 03443,footwear,navy,casual,images/shoe_03443.jpg
shoe_03444,ApexRun Low-Top Black 03444,footwear,black,low-top,images/shoe_03444.jpg
shoe_03445,UrbanStep Runner Black 03445,footwear,black,runner,images/shoe_03445.jpg
shoe_03446,TrailCore Basketball Green 03446,footwear,green,basketball,images/shoe_03446.jpg
shoe_03447,StrideLab Trainer Pink 03447,footwear,pink,trainer,images/shoe_03447.jpg
shoe_03448,StrideLab Low-Top Blue 03448,footwear,blue,low-top,images/shoe_03448.jpg
shoe_03449,StrideLab Basketball Yellow 03449,footwear,yellow,basketball,images/shoe_03449.jpg
shoe_03450,StreetFlex Runner Blue 03450,footwear,blue,runner,images/shoe_03450.jpg
shoe_03451,ApexRun Trail Yellow 03451,footwear,yellow,trail,images/shoe_03451.jpg
shoe_03452,NovaFit Trainer Gray 03452,footwear,gray,trainer,images/shoe_03452.jpg
shoe_03453,StrideLab Low-Top Gray 03453,footwear,gray,low-top,images/shoe_03453.jpg
shoe_03454,MotionX Slip-On Green 03454,footwear,green,slip-on,images/shoe_03454.jpg
shoe_03455,NovaFit Casual Gray 03455,footwear,gray,casual,images/shoe_03455.jpg
shoe_03456,UrbanStep Trail Pink 03456,footwear,pink,trail,images/shoe_03456.jpg
shoe_03457,NovaFit Trainer Purple 03457,footwear,purple,trainer,images/shoe_03457.jpg
shoe_03458,MotionX Trail Purple 03458,footwear,purple,trail,images/shoe_03458.jpg
shoe_03459,UrbanStep Casual Brown 03459,footwear,brown,casual,images/shoe_03459.jpg
shoe_03460,UrbanStep Runner Navy 03460,footwear,navy,runner,images/shoe_03460.jpg
shoe_03461,StreetFlex Low-Top Yellow 03461,footwear,yellow,low-top,images/shoe_03461.jpg
shoe_03462,StrideLab Trainer Green 03462,footwear,green,trainer,images/shoe_03462.jpg
shoe_03463,UrbanStep Trainer Gray 03463,footwear,gray,trainer,images/shoe_03463.jpg
shoe_03464,UrbanStep High-Top Navy 03464,footwear,navy,high-top,images/shoe_03464.jpg
shoe_03465,UrbanStep High-Top Blue 03465,footwear,blue,high-top,images/shoe_03465.jpg
shoe_03466,ApexRun Low-Top Blue 03466,footwear,blue,low-top,images/shoe_03466.jpg
shoe_03467,StrideLab Slip-On Brown 03467,footwear,brown,slip-on,images/shoe_03467.jpg
shoe_03468,ApexRun Casual Black 03468,footwear,black,casual,images/shoe_03468.jpg
shoe_03469,NovaFit Trainer White 03469,footwear,white,trainer,images/shoe_03469.jpg
shoe_03470,UrbanStep Trail Green 03470,footwear,green,trail,images/shoe_03470.jpg
shoe_03471,StreetFlex Trail Blue 03471,footwear,blue,trail,images/shoe_03471.jpg
shoe_03472,PeakWalk Low-Top Black 03472,footwear,black,low-top,images/shoe_03472.jpg
shoe_03473,PeakWalk High-Top Orange 03473,footwear,orange,high-top,images/shoe_03473.jpg
shoe_03474,StreetFlex Low-Top Red 03474,footwear,red,low-top,images/shoe_03474.jpg
shoe_03475,StreetFlex Trail Purple 03475,footwear,purple,trail,images/shoe_03475.jpg
shoe_03476,MotionX Basketball Green 03476,footwear,green,basketball,images/shoe_03476.jpg
shoe_03477,NovaFit Low-Top Purple 03477,footwear,purple,low-top,images/shoe_03477.jpg
shoe_03478,StreetFlex Runner Red 03478,footwear,red,runner,images/shoe_03478.jpg
shoe_03479,PeakWalk High-Top Red 03479,footwear,red,high-top,images/shoe_03479.jpg
shoe_03480,StrideLab Trainer Orange 03480,footwear,orange,trainer,images/shoe_03480.jpg
shoe_03481,UrbanStep Runner Orange 03481,footwear,orange,runner,images/shoe_03481.jpg
shoe_03482,StrideLab Trail Navy 03482,footwear,navy,trail,images/shoe_03482.jpg
shoe_03483,UrbanStep Trail Brown 03483,footwear,brown,trail,images/shoe_03483.jpg
shoe_03484,TrailCore Trail White 03484,footwear,white,trail,images/shoe_03484.jpg
shoe_03485,TrailCore Trail Blue 03485,footwear,blue,trail,images/shoe_03485.jpg
shoe_03486,ApexRun Low-Top Pink 03486,footwear,pink,low-top,images/shoe_03486.jpg
shoe_03487,UrbanStep Low-Top Yellow 03487,footwear,yellow,low-top,images/shoe_03487.jpg
shoe_03488,NovaFit Trainer Red 03488,footwear,red,trainer,images/shoe_03488.jpg
shoe_03489,NovaFit High-Top Red 03489,footwear,red,high-top,images/shoe_03489.jpg
shoe_03490,MotionX High-Top Yellow 03490,footwear,yellow,high-top,images/shoe_03490.jpg
shoe_03491,TrailCore Low-Top Blue 03491,footwear,blue,low-top,images/shoe_03491.jpg
shoe_03492,StreetFlex Basketball Red 03492,footwear,red,basketball,images/shoe_03492.jpg
shoe_03493,TrailCore Trainer Navy 03493,footwear,navy,trainer,images/shoe_03493.jpg
shoe_03494,MotionX Slip-On Yellow 03494,footwear,yellow,slip-on,images/shoe_03494.jpg
shoe_03495,PeakWalk High-Top Orange 03495,footwear,orange,high-top,images/shoe_03495.jpg
shoe_03496,PeakWalk Trail Navy 03496,footwear,navy,trail,images/shoe_03496.jpg
shoe_03497,NovaFit Low-Top Blue 03497,footwear,blue,low-top,images/shoe_03497.jpg
shoe_03498,ApexRun Trainer Green 03498,footwear,green,trainer,images/shoe_03498.jpg
shoe_03499,MotionX Basketball Pink 03499,footwear,pink,basketball,images/shoe_03499.jpg
shoe_03500,StrideLab Trail Green 03500,footwear,green,trail,images/shoe_03500.jpg
shoe_03501,PeakWalk Trail Red 03501,footwear,red,trail,images/shoe_03501.jpg
shoe_03502,UrbanStep Low-Top Black 03502,footwear,black,low-top,images/shoe_03502.jpg
shoe_03503,UrbanStep High-Top Purple 03503,footwear,purple,high-top,images/shoe_03503.jpg
shoe_03504,TrailCore Basketball Black 03504,footwear,black,basketball,images/shoe_03504.jpg
shoe_03505,PeakWalk Trail Brown 03505,footwear,brown,trail,images/shoe_03505.jpg
shoe_03506,TrailCore High-Top Navy 03506,footwear,navy,high-top,images/shoe_03506.jpg
shoe_03507,UrbanStep Basketball Purple 03507,footwear,purple,basketball,images/shoe_03507.jpg
shoe_03508,UrbanStep Trainer Pink 03508,footwear,pink,trainer,images/shoe_03508.jpg
shoe_03509,StrideLab Runner Red 03509,footwear,red,runner,images/shoe_03509.jpg
shoe_03510,NovaFit Basketball Red 03510,footwear,red,basketball,images/shoe_03510.jpg
shoe_03511,TrailCore Runner Navy 03511,footwear,navy,runner,images/shoe_03511.jpg
shoe_03512,ApexRun Runner Red 03512,footwear,red,runner,images/shoe_03512.jpg
shoe_03513,PeakWalk Trail Green 03513,footwear,green,trail,images/shoe_03513.jpg
shoe_03514,StreetFlex Trail Gray 03514,footwear,gray,trail,images/shoe_03514.jpg
shoe_03515,StreetFlex Trainer Brown 03515,footwear,brown,trainer,images/shoe_03515.jpg
shoe_03516,UrbanStep Basketball Brown 03516,footwear,brown,basketball,images/shoe_03516.jpg
shoe_03517,ApexRun Casual Blue 03517,footwear,blue,casual,images/shoe_03517.jpg
shoe_03518,ApexRun Trainer Black 03518,footwear,black,trainer,images/shoe_03518.jpg
shoe_03519,TrailCore Slip-On Green 03519,footwear,green,slip-on,images/shoe_03519.jpg
shoe_03520,StreetFlex High-Top Orange 03520,footwear,orange,high-top,images/shoe_03520.jpg
shoe_03521,StrideLab Trail White 03521,footwear,white,trail,images/shoe_03521.jpg
shoe_03522,TrailCore Low-Top Yellow 03522,footwear,yellow,low-top,images/shoe_03522.jpg
shoe_03523,ApexRun High-Top Navy 03523,footwear,navy,high-top,images/shoe_03523.jpg
shoe_03524,StreetFlex Low-Top Red 03524,footwear,red,low-top,images/shoe_03524.jpg
shoe_03525,StrideLab Runner Brown 03525,footwear,brown,runner,images/shoe_03525.jpg
shoe_03526,PeakWalk Trainer Green 03526,footwear,green,trainer,images/shoe_03526.jpg
shoe_03527,ApexRun Trainer Green 03527,footwear,green,trainer,images/shoe_03527.jpg
shoe_03528,ApexRun Trainer Pink 03528,footwear,pink,trainer,images/shoe_03528.jpg
shoe_03529,PeakWalk Casual Pink 03529,footwear,pink,casual,images/shoe_03529.jpg
shoe_03530,PeakWalk Trainer White 03530,footwear,white,trainer,images/shoe_03530.jpg
shoe_03531,UrbanStep High-Top White 03531,footwear,white,high-top,images/shoe_03531.jpg
shoe_03532,UrbanStep Runner Orange 03532,footwear,orange,runner,images/shoe_03532.jpg
shoe_03533,StrideLab Low-Top Navy 03533,footwear,navy,low-top,images/shoe_03533.jpg
shoe_03534,StrideLab Low-Top Blue 03534,footwear,blue,low-top,images/shoe_03534.jpg
shoe_03535,NovaFit Trail Brown 03535,footwear,brown,trail,images/shoe_03535.jpg
shoe_03536,ApexRun Low-Top Purple 03536,footwear,purple,low-top,images/shoe_03536.jpg
shoe_03537,StrideLab High-Top White 03537,footwear,white,high-top,images/shoe_03537.jpg
shoe_03538,NovaFit Casual White 03538,footwear,white,casual,images/shoe_03538.jpg
shoe_03539,UrbanStep Low-Top White 03539,footwear,white,low-top,images/shoe_03539.jpg
shoe_03540,ApexRun High-Top Black 03540,footwear,black,high-top,images/shoe_03540.jpg
shoe_03541,StreetFlex Low-Top Purple 03541,footwear,purple,low-top,images/shoe_03541.jpg
shoe_03542,TrailCore Trail Brown 03542,footwear,brown,trail,images/shoe_03542.jpg
shoe_03543,ApexRun Trainer Blue 03543,footwear,blue,trainer,images/shoe_03543.jpg
shoe_03544,NovaFit Trainer Green 03544,footwear,green,trainer,images/shoe_03544.jpg
shoe_03545,TrailCore Basketball Orange 03545,footwear,orange,basketball,images/shoe_03545.jpg
shoe_03546,UrbanStep Runner Gray 03546,footwear,gray,runner,images/shoe_03546.jpg
shoe_03547,StrideLab Slip-On Purple 03547,footwear,purple,slip-on,images/shoe_03547.jpg
shoe_03548,UrbanStep Slip-On Red 03548,footwear,red,slip-on,images/shoe_03548.jpg
shoe_03549,MotionX High-Top White 03549,footwear,white,high-top,images/shoe_03549.jpg
shoe_03550,UrbanStep Casual Black 03550,footwear,black,casual,images/shoe_03550.jpg
shoe_03551,StreetFlex Runner Yellow 03551,footwear,yellow,runner,images/shoe_03551.jpg
shoe_03552,MotionX Low-Top Red 03552,footwear,red,low-top,images/shoe_03552.jpg
shoe_03553,ApexRun Low-Top Orange 03553,footwear,orange,low-top,images/shoe_03553.jpg
shoe_03554,StreetFlex Trainer Pink 03554,footwear,pink,trainer,images/shoe_03554.jpg
shoe_03555,StrideLab Casual Yellow 03555,footwear,yellow,casual,images/shoe_03555.jpg
shoe_03556,TrailCore Runner Navy 03556,footwear,navy,runner,images/shoe_03556.jpg
shoe_03557,UrbanStep Basketball Navy 03557,footwear,navy,basketball,images/shoe_03557.jpg
shoe_03558,ApexRun Trail Navy 03558,footwear,navy,trail,images/shoe_03558.jpg
shoe_03559,PeakWalk Trainer White 03559,footwear,white,trainer,images/shoe_03559.jpg
shoe_03560,MotionX Low-Top White 03560,footwear,white,low-top,images/shoe_03560.jpg
shoe_03561,StreetFlex Casual Blue 03561,footwear,blue,casual,images/shoe_03561.jpg
shoe_03562,StreetFlex Basketball Gray 03562,footwear,gray,basketball,images/shoe_03562.jpg
shoe_03563,UrbanStep Slip-On Orange 03563,footwear,orange,slip-on,images/shoe_03563.jpg
shoe_03564,MotionX Runner Blue 03564,footwear,blue,runner,images/shoe_03564.jpg
shoe_03565,ApexRun Low-Top White 03565,footwear,white,low-top,images/shoe_03565.jpg
shoe_03566,ApexRun Trail Red 03566,footwear,red,trail,images/shoe_03566.jpg
shoe_03567,StreetFlex High-Top Orange 03567,footwear,orange,high-top,images/shoe_03567.jpg
shoe_03568,PeakWalk Low-Top Pink 03568,footwear,pink,low-top,images/shoe_03568.jpg
shoe_03569,MotionX Trail Blue 03569,footwear,blue,trail,images/shoe_03569.jpg
shoe_03570,ApexRun Low-Top Black 03570,footwear,black,low-top,images/shoe_03570.jpg
shoe_03571,NovaFit High-Top Purple 03571,footwear,purple,high-top,images/shoe_03571.jpg
shoe_03572,NovaFit Runner Orange 03572,footwear,orange,runner,images/shoe_03572.jpg
shoe_03573,UrbanStep Low-Top Blue 03573,footwear,blue,low-top,images/shoe_03573.jpg
shoe_03574,StreetFlex High-Top Green 03574,footwear,green,high-top,images/shoe_03574.jpg
shoe_03575,UrbanStep Slip-On Yellow 03575,footwear,yellow,slip-on,images/shoe_03575.jpg
shoe_03576,TrailCore Runner Brown 03576,footwear,brown,runner,images/shoe_03576.jpg
shoe_03577,ApexRun Slip-On Navy 03577,footwear,navy,slip-on,images/shoe_03577.jpg
shoe_03578,StrideLab Runner Blue 03578,footwear,blue,runner,images/shoe_03578.jpg
shoe_03579,NovaFit Basketball Black 03579,footwear,black,basketball,images/shoe_03579.jpg
shoe_03580,StreetFlex Trail Purple 03580,footwear,purple,trail,images/shoe_03580.jpg
shoe_03581,StrideLab Slip-On Orange 03581,footwear,orange,slip-on,images/shoe_03581.jpg
shoe_03582,StreetFlex Trail Yellow 03582,footwear,yellow,trail,images/shoe_03582.jpg
shoe_03583,NovaFit Slip-On Yellow 03583,footwear,yellow,slip-on,images/shoe_03583.jpg
shoe_03584,MotionX Trainer Red 03584,footwear,red,trainer,images/shoe_03584.jpg
shoe_03585,UrbanStep High-Top Purple 03585,footwear,purple,high-top,images/shoe_03585.jpg
shoe_03586,NovaFit Trail Green 03586,footwear,green,trail,images/shoe_03586.jpg
shoe_03587,ApexRun High-Top Black 03587,footwear,black,high-top,images/shoe_03587.jpg
shoe_03588,StrideLab Runner Gray 03588,footwear,gray,runner,images/shoe_03588.jpg
shoe_03589,ApexRun High-Top Gray 03589,footwear,gray,high-top,images/shoe_03589.jpg
shoe_03590,NovaFit Runner Blue 03590,footwear,blue,runner,images/shoe_03590.jpg
shoe_03591,StrideLab Trainer Gray 03591,footwear,gray,trainer,images/shoe_03591.jpg
shoe_03592,MotionX Casual Purple 03592,footwear,purple,casual,images/shoe_03592.jpg
shoe_03593,UrbanStep Trail White 03593,footwear,white,trail,images/shoe_03593.jpg
shoe_03594,ApexRun Runner Orange 03594,footwear,orange,runner,images/shoe_03594.jpg
shoe_03595,StreetFlex High-Top Gray 03595,footwear,gray,high-top,images/shoe_03595.jpg
shoe_03596,UrbanStep High-Top Purple 03596,footwear,purple,high-top,images/shoe_03596.jpg
shoe_03597,StrideLab Runner Pink 03597,footwear,pink,runner,images/shoe_03597.jpg
shoe_03598,PeakWalk Runner Yellow 03598,footwear,yellow,runner,images/shoe_03598.jpg
shoe_03599,ApexRun Trainer White 03599,footwear,white,trainer,images/shoe_03599.jpg
shoe_03600,StrideLab Trail Orange 03600,footwear,orange,trail,images/shoe_03600.jpg
shoe_03601,PeakWalk Runner Blue 03601,footwear,blue,runner,images/shoe_03601.jpg
shoe_03602,StreetFlex Trainer Navy 03602,footwear,navy,trainer,images/shoe_03602.jpg
shoe_03603,MotionX Runner White 03603,footwear,white,runner,images/shoe_03603.jpg
shoe_03604,PeakWalk Slip-On Yellow 03604,footwear,yellow,slip-on,images/shoe_03604.jpg
shoe_03605,NovaFit Trainer Green 03605,footwear,green,trainer,images/shoe_03605.jpg
shoe_03606,TrailCore High-Top Red 03606,footwear,red,high-top,images/shoe_03606.jpg
shoe_03607,NovaFit Runner Black 03607,footwear,black,runner,images/shoe_03607.jpg
shoe_03608,StreetFlex Basketball Red 03608,footwear,red,basketball,images/shoe_03608.jpg
shoe_03609,NovaFit Casual Purple 03609,footwear,purple,casual,images/shoe_03609.jpg
shoe_03610,PeakWalk Slip-On Pink 03610,footwear,pink,slip-on,images/shoe_03610.jpg
shoe_03611,StrideLab Trainer Black 03611,footwear,black,trainer,images/shoe_03611.jpg
shoe_03612,StreetFlex Runner Gray 03612,footwear,gray,runner,images/shoe_03612.jpg
shoe_03613,NovaFit Trainer Blue 03613,footwear,blue,trainer,images/shoe_03613.jpg
shoe_03614,MotionX Trail Red 03614,footwear,red,trail,images/shoe_03614.jpg
shoe_03615,NovaFit Casual Orange 03615,footwear,orange,casual,images/shoe_03615.jpg
shoe_03616,StreetFlex High-Top Red 03616,footwear,red,high-top,images/shoe_03616.jpg
shoe_03617,TrailCore High-Top Pink 03617,footwear,pink,high-top,images/shoe_03617.jpg
shoe_03618,ApexRun Trail Red 03618,footwear,red,trail,images/shoe_03618.jpg
shoe_03619,MotionX Runner Black 03619,footwear,black,runner,images/shoe_03619.jpg
shoe_03620,NovaFit Casual Orange 03620,footwear,orange,casual,images/shoe_03620.jpg
shoe_03621,StreetFlex Slip-On White 03621,footwear,white,slip-on,images/shoe_03621.jpg
shoe_03622,StrideLab Runner Brown 03622,footwear,brown,runner,images/shoe_03622.jpg
shoe_03623,PeakWalk Runner White 03623,footwear,white,runner,images/shoe_03623.jpg
shoe_03624,PeakWalk Trail Pink 03624,footwear,pink,trail,images/shoe_03624.jpg
shoe_03625,ApexRun Slip-On White 03625,footwear,white,slip-on,images/shoe_03625.jpg
shoe_03626,TrailCore Slip-On Black 03626,footwear,black,slip-on,images/shoe_03626.jpg
shoe_03627,MotionX High-Top Gray 03627,footwear,gray,high-top,images/shoe_03627.jpg
shoe_03628,StreetFlex Runner Pink 03628,footwear,pink,runner,images/shoe_03628.jpg
shoe_03629,StreetFlex High-Top Blue 03629,footwear,blue,high-top,images/shoe_03629.jpg
shoe_03630,MotionX Runner Red 03630,footwear,red,runner,images/shoe_03630.jpg
shoe_03631,MotionX Runner Pink 03631,footwear,pink,runner,images/shoe_03631.jpg
shoe_03632,NovaFit Trail Brown 03632,footwear,brown,trail,images/shoe_03632.jpg
shoe_03633,TrailCore Trail Pink 03633,footwear,pink,trail,images/shoe_03633.jpg
shoe_03634,TrailCore High-Top Brown 03634,footwear,brown,high-top,images/shoe_03634.jpg
shoe_03635,StrideLab Trail Purple 03635,footwear,purple,trail,images/shoe_03635.jpg
shoe_03636,MotionX Casual Orange 03636,footwear,orange,casual,images/shoe_03636.jpg
shoe_03637,NovaFit Casual White 03637,footwear,white,casual,images/shoe_03637.jpg
shoe_03638,TrailCore Low-Top White 03638,footwear,white,low-top,images/shoe_03638.jpg
shoe_03639,ApexRun Slip-On Purple 03639,footwear,purple,slip-on,images/shoe_03639.jpg
shoe_03640,MotionX Trail Purple 03640,footwear,purple,trail,images/shoe_03640.jpg
shoe_03641,UrbanStep Trainer Blue 03641,footwear,blue,trainer,images/shoe_03641.jpg
shoe_03642,UrbanStep Casual Yellow 03642,footwear,yellow,casual,images/shoe_03642.jpg
shoe_03643,StrideLab Slip-On Blue 03643,footwear,blue,slip-on,images/shoe_03643.jpg
shoe_03644,ApexRun Trail Pink 03644,footwear,pink,trail,images/shoe_03644.jpg
shoe_03645,UrbanStep Slip-On White 03645,footwear,white,slip-on,images/shoe_03645.jpg
shoe_03646,ApexRun Low-Top Orange 03646,footwear,orange,low-top,images/shoe_03646.jpg
shoe_03647,ApexRun Trail Blue 03647,footwear,blue,trail,images/shoe_03647.jpg
shoe_03648,UrbanStep Trail Gray 03648,footwear,gray,trail,images/shoe_03648.jpg
shoe_03649,NovaFit High-Top White 03649,footwear,white,high-top,images/shoe_03649.jpg
shoe_03650,ApexRun Low-Top Black 03650,footwear,black,low-top,images/shoe_03650.jpg
shoe_03651,StrideLab Slip-On Brown 03651,footwear,brown,slip-on,images/shoe_03651.jpg
shoe_03652,TrailCore High-Top Gray 03652,footwear,gray,high-top,images/shoe_03652.jpg
shoe_03653,UrbanStep Trail Yellow 03653,footwear,yellow,trail,images/shoe_03653.jpg
shoe_03654,PeakWalk High-Top White 03654,footwear,white,high-top,images/shoe_03654.jpg
shoe_03655,ApexRun Slip-On Black 03655,footwear,black,slip-on,images/shoe_03655.jpg
shoe_03656,MotionX Casual White 03656,footwear,white,casual,images/shoe_03656.jpg
shoe_03657,UrbanStep Low-Top Green 03657,footwear,green,low-top,images/shoe_03657.jpg
shoe_03658,StreetFlex Trail White 03658,footwear,white,trail,images/shoe_03658.jpg
shoe_03659,PeakWalk Trainer Gray 03659,footwear,gray,trainer,images/shoe_03659.jpg
shoe_03660,PeakWalk Basketball Gray 03660,footwear,gray,basketball,images/shoe_03660.jpg
shoe_03661,ApexRun Low-Top Black 03661,footwear,black,low-top,images/shoe_03661.jpg
shoe_03662,ApexRun Slip-On Black 03662,footwear,black,slip-on,images/shoe_03662.jpg
shoe_03663,StreetFlex Trail Orange 03663,footwear,orange,trail,images/shoe_03663.jpg
shoe_03664,UrbanStep High-Top Purple 03664,footwear,purple,high-top,images/shoe_03664.jpg
shoe_03665,StrideLab Casual Blue 03665,footwear,blue,casual,images/shoe_03665.jpg
shoe_03666,StrideLab Casual Green 03666,footwear,green,casual,images/shoe_03666.jpg
shoe_03667,UrbanStep High-Top Brown 03667,footwear,brown,high-top,images/shoe_03667.jpg
shoe_03668,MotionX Trail Gray 03668,footwear,gray,trail,images/shoe_03668.jpg
shoe_03669,UrbanStep Casual Red 03669,footwear,red,casual,images/shoe_03669.jpg
shoe_03670,PeakWalk Casual Purple 03670,footwear,purple,casual,images/shoe_03670.jpg
shoe_03671,MotionX Runner Brown 03671,footwear,brown,runner,images/shoe_03671.jpg
shoe_03672,TrailCore Basketball Black 03672,footwear,black,basketball,images/shoe_03672.jpg
shoe_03673,MotionX High-Top Navy 03673,footwear,navy,high-top,images/shoe_03673.jpg
shoe_03674,StrideLab Casual White 03674,footwear,white,casual,images/shoe_03674.jpg
shoe_03675,ApexRun Casual Yellow 03675,footwear,yellow,casual,images/shoe_03675.jpg
shoe_03676,UrbanStep Trainer Purple 03676,footwear,purple,trainer,images/shoe_03676.jpg
shoe_03677,TrailCore Slip-On Purple 03677,footwear,purple,slip-on,images/shoe_03677.jpg
shoe_03678,StreetFlex Casual Yellow 03678,footwear,yellow,casual,images/shoe_03678.jpg
shoe_03679,NovaFit Trail White 03679,footwear,white,trail,images/shoe_03679.jpg
shoe_03680,ApexRun Slip-On Red 03680,footwear,red,slip-on,images/shoe_03680.jpg
shoe_03681,MotionX Casual Pink 03681,footwear,pink,casual,images/shoe_03681.jpg
shoe_03682,NovaFit Casual Pink 03682,footwear,pink,casual,images/shoe_03682.jpg
shoe_03683,MotionX Trainer Gray 03683,footwear,gray,trainer,images/shoe_03683.jpg
shoe_03684,ApexRun Casual Pink 03684,footwear,pink,casual,images/shoe_03684.jpg
shoe_03685,MotionX Trail Green 03685,footwear,green,trail,images/shoe_03685.jpg
shoe_03686,PeakWalk High-Top Red 03686,footwear,red,high-top,images/shoe_03686.jpg
shoe_03687,StreetFlex Low-Top Black 03687,footwear,black,low-top,images/shoe_03687.jpg
shoe_03688,UrbanStep Casual White 03688,footwear,white,casual,images/shoe_03688.jpg
shoe_03689,TrailCore Basketball Red 03689,footwear,red,basketball,images/shoe_03689.jpg
shoe_03690,MotionX Casual Brown 03690,footwear,brown,casual,images/shoe_03690.jpg
shoe_03691,ApexRun Low-Top Gray 03691,footwear,gray,low-top,images/shoe_03691.jpg
shoe_03692,MotionX Trainer Gray 03692,footwear,gray,trainer,images/shoe_03692.jpg
shoe_03693,TrailCore Casual Gray 03693,footwear,gray,casual,images/shoe_03693.jpg
shoe_03694,NovaFit Runner Pink 03694,footwear,pink,runner,images/shoe_03694.jpg
shoe_03695,NovaFit Slip-On Red 03695,footwear,red,slip-on,images/shoe_03695.jpg
shoe_03696,PeakWalk Low-Top Purple 03696,footwear,purple,low-top,images/shoe_03696.jpg
shoe_03697,NovaFit High-Top Pink 03697,footwear,pink,high-top,images/shoe_03697.jpg
shoe_03698,StrideLab High-Top Black 03698,footwear,black,high-top,images/shoe_03698.jpg
shoe_03699,TrailCore High-Top Green 03699,footwear,green,high-top,images/shoe_03699.jpg
shoe_03700,StreetFlex Trainer White 03700,footwear,white,trainer,images/shoe_03700.jpg
shoe_03701,TrailCore Low-Top Brown 03701,footwear,brown,low-top,images/shoe_03701.jpg
shoe_03702,StrideLab Casual Navy 03702,footwear,navy,casual,images/shoe_03702.jpg
shoe_03703,PeakWalk Trainer Blue 03703,footwear,blue,trainer,images/shoe_03703.jpg
shoe_03704,ApexRun Casual Navy 03704,footwear,navy,casual,images/shoe_03704.jpg
shoe_03705,TrailCore Low-Top Yellow 03705,footwear,yellow,low-top,images/shoe_03705.jpg
shoe_03706,StreetFlex Slip-On Black 03706,footwear,black,slip-on,images/shoe_03706.jpg
shoe_03707,NovaFit High-Top Gray 03707,footwear,gray,high-top,images/shoe_03707.jpg
shoe_03708,UrbanStep Runner Yellow 03708,footwear,yellow,runner,images/shoe_03708.jpg
shoe_03709,MotionX Slip-On Yellow 03709,footwear,yellow,slip-on,images/shoe_03709.jpg
shoe_03710,MotionX Low-Top Purple 03710,footwear,purple,low-top,images/shoe_03710.jpg
shoe_03711,NovaFit High-Top White 03711,footwear,white,high-top,images/shoe_03711.jpg
shoe_03712,TrailCore Runner Yellow 03712,footwear,yellow,runner,images/shoe_03712.jpg
shoe_03713,MotionX Slip-On Navy 03713,footwear,navy,slip-on,images/shoe_03713.jpg
shoe_03714,NovaFit Casual Black 03714,footwear,black,casual,images/shoe_03714.jpg
shoe_03715,PeakWalk Trail White 03715,footwear,white,trail,images/shoe_03715.jpg
shoe_03716,UrbanStep High-Top Navy 03716,footwear,navy,high-top,images/shoe_03716.jpg
shoe_03717,ApexRun Slip-On Navy 03717,footwear,navy,slip-on,images/shoe_03717.jpg
shoe_03718,NovaFit Runner Gray 03718,footwear,gray,runner,images/shoe_03718.jpg
shoe_03719,StrideLab Low-Top Purple 03719,footwear,purple,low-top,images/shoe_03719.jpg
shoe_03720,PeakWalk High-Top Green 03720,footwear,green,high-top,images/shoe_03720.jpg
shoe_03721,StrideLab Casual Green 03721,footwear,green,casual,images/shoe_03721.jpg
shoe_03722,UrbanStep Basketball Blue 03722,footwear,blue,basketball,images/shoe_03722.jpg
shoe_03723,MotionX Casual Orange 03723,footwear,orange,casual,images/shoe_03723.jpg
shoe_03724,TrailCore Casual Gray 03724,footwear,gray,casual,images/shoe_03724.jpg
shoe_03725,PeakWalk Casual Navy 03725,footwear,navy,casual,images/shoe_03725.jpg
shoe_03726,MotionX Casual Green 03726,footwear,green,casual,images/shoe_03726.jpg
shoe_03727,StreetFlex High-Top Navy 03727,footwear,navy,high-top,images/shoe_03727.jpg
shoe_03728,StreetFlex Slip-On Yellow 03728,footwear,yellow,slip-on,images/shoe_03728.jpg
shoe_03729,StrideLab Runner Brown 03729,footwear,brown,runner,images/shoe_03729.jpg
shoe_03730,UrbanStep Low-Top White 03730,footwear,white,low-top,images/shoe_03730.jpg
shoe_03731,StreetFlex Trail Black 03731,footwear,black,trail,images/shoe_03731.jpg
shoe_03732,ApexRun Casual Blue 03732,footwear,blue,casual,images/shoe_03732.jpg
shoe_03733,StrideLab High-Top Yellow 03733,footwear,yellow,high-top,images/shoe_03733.jpg
shoe_03734,NovaFit High-Top Purple 03734,footwear,purple,high-top,images/shoe_03734.jpg
shoe_03735,TrailCore Runner Brown 03735,footwear,brown,runner,images/shoe_03735.jpg
shoe_03736,TrailCore Casual Pink 03736,footwear,pink,casual,images/shoe_03736.jpg
shoe_03737,TrailCore Basketball Orange 03737,footwear,orange,basketball,images/shoe_03737.jpg
shoe_03738,StrideLab Low-Top Orange 03738,footwear,orange,low-top,images/shoe_03738.jpg
shoe_03739,StreetFlex Slip-On Gray 03739,footwear,gray,slip-on,images/shoe_03739.jpg
shoe_03740,NovaFit Runner Yellow 03740,footwear,yellow,runner,images/shoe_03740.jpg
shoe_03741,ApexRun Runner Purple 03741,footwear,purple,runner,images/shoe_03741.jpg
shoe_03742,UrbanStep Slip-On Black 03742,footwear,black,slip-on,images/shoe_03742.jpg
shoe_03743,UrbanStep Slip-On Green 03743,footwear,green,slip-on,images/shoe_03743.jpg
shoe_03744,NovaFit Slip-On Black 03744,footwear,black,slip-on,images/shoe_03744.jpg
shoe_03745,NovaFit Slip-On Orange 03745,footwear,orange,slip-on,images/shoe_03745.jpg
shoe_03746,NovaFit Trail Orange 03746,footwear,orange,trail,images/shoe_03746.jpg
shoe_03747,NovaFit Basketball Black 03747,footwear,black,basketball,images/shoe_03747.jpg
shoe_03748,ApexRun Low-Top Green 03748,footwear,green,low-top,images/shoe_03748.jpg
shoe_03749,NovaFit Basketball Green 03749,footwear,green,basketball,images/shoe_03749.jpg
shoe_03750,PeakWalk Trail Yellow 03750,footwear,yellow,trail,images/shoe_03750.jpg
shoe_03751,PeakWalk Runner Yellow 03751,footwear,yellow,runner,images/shoe_03751.jpg
shoe_03752,TrailCore Basketball Green 03752,footwear,green,basketball,images/shoe_03752.jpg
shoe_03753,NovaFit Runner Blue 03753,footwear,blue,runner,images/shoe_03753.jpg
shoe_03754,StreetFlex Trainer Red 03754,footwear,red,trainer,images/shoe_03754.jpg
shoe_03755,NovaFit Casual Green 03755,footwear,green,casual,images/shoe_03755.jpg
shoe_03756,NovaFit Low-Top Red 03756,footwear,red,low-top,images/shoe_03756.jpg
shoe_03757,ApexRun Slip-On Yellow 03757,footwear,yellow,slip-on,images/shoe_03757.jpg
shoe_03758,StreetFlex Casual White 03758,footwear,white,casual,images/shoe_03758.jpg
shoe_03759,TrailCore Basketball Pink 03759,footwear,pink,basketball,images/shoe_03759.jpg
shoe_03760,NovaFit Runner Black 03760,footwear,black,runner,images/shoe_03760.jpg
shoe_03761,StrideLab Low-Top Red 03761,footwear,red,low-top,images/shoe_03761.jpg
shoe_03762,MotionX Low-Top Red 03762,footwear,red,low-top,images/shoe_03762.jpg
shoe_03763,NovaFit Trail Red 03763,footwear,red,trail,images/shoe_03763.jpg
shoe_03764,MotionX Trail Purple 03764,footwear,purple,trail,images/shoe_03764.jpg
shoe_03765,StreetFlex Low-Top Orange 03765,footwear,orange,low-top,images/shoe_03765.jpg
shoe_03766,NovaFit High-Top Pink 03766,footwear,pink,high-top,images/shoe_03766.jpg
shoe_03767,StrideLab High-Top Black 03767,footwear,black,high-top,images/shoe_03767.jpg
shoe_03768,StrideLab Slip-On Red 03768,footwear,red,slip-on,images/shoe_03768.jpg
shoe_03769,MotionX Basketball White 03769,footwear,white,basketball,images/shoe_03769.jpg
shoe_03770,ApexRun Casual Gray 03770,footwear,gray,casual,images/shoe_03770.jpg
shoe_03771,StrideLab Runner Black 03771,footwear,black,runner,images/shoe_03771.jpg
shoe_03772,PeakWalk Casual Purple 03772,footwear,purple,casual,images/shoe_03772.jpg
shoe_03773,UrbanStep Trail Navy 03773,footwear,navy,trail,images/shoe_03773.jpg
shoe_03774,UrbanStep High-Top Blue 03774,footwear,blue,high-top,images/shoe_03774.jpg
shoe_03775,PeakWalk Basketball Pink 03775,footwear,pink,basketball,images/shoe_03775.jpg
shoe_03776,PeakWalk Slip-On Black 03776,footwear,black,slip-on,images/shoe_03776.jpg
shoe_03777,MotionX Casual Red 03777,footwear,red,casual,images/shoe_03777.jpg
shoe_03778,StrideLab Casual Red 03778,footwear,red,casual,images/shoe_03778.jpg
shoe_03779,UrbanStep High-Top Red 03779,footwear,red,high-top,images/shoe_03779.jpg
shoe_03780,MotionX Trainer Black 03780,footwear,black,trainer,images/shoe_03780.jpg
shoe_03781,StreetFlex Trail Blue 03781,footwear,blue,trail,images/shoe_03781.jpg
shoe_03782,StreetFlex Casual Blue 03782,footwear,blue,casual,images/shoe_03782.jpg
shoe_03783,ApexRun Casual Navy 03783,footwear,navy,casual,images/shoe_03783.jpg
shoe_03784,UrbanStep Basketball Purple 03784,footwear,purple,basketball,images/shoe_03784.jpg
shoe_03785,UrbanStep Slip-On Yellow 03785,footwear,yellow,slip-on,images/shoe_03785.jpg
shoe_03786,StrideLab Low-Top Green 03786,footwear,green,low-top,images/shoe_03786.jpg
shoe_03787,StreetFlex Trainer Brown 03787,footwear,brown,trainer,images/shoe_03787.jpg
shoe_03788,MotionX Basketball Green 03788,footwear,green,basketball,images/shoe_03788.jpg
shoe_03789,NovaFit Runner Black 03789,footwear,black,runner,images/shoe_03789.jpg
shoe_03790,StreetFlex Slip-On Green 03790,footwear,green,slip-on,images/shoe_03790.jpg
shoe_03791,StreetFlex Trail Green 03791,footwear,green,trail,images/shoe_03791.jpg
shoe_03792,TrailCore Low-Top Navy 03792,footwear,navy,low-top,images/shoe_03792.jpg
shoe_03793,UrbanStep High-Top White 03793,footwear,white,high-top,images/shoe_03793.jpg
shoe_03794,PeakWalk Low-Top Blue 03794,footwear,blue,low-top,images/shoe_03794.jpg
shoe_03795,StrideLab Trail Green 03795,footwear,green,trail,images/shoe_03795.jpg
shoe_03796,NovaFit Trail Purple 03796,footwear,purple,trail,images/shoe_03796.jpg
shoe_03797,MotionX Trainer Blue 03797,footwear,blue,trainer,images/shoe_03797.jpg
shoe_03798,PeakWalk Low-Top Brown 03798,footwear,brown,low-top,images/shoe_03798.jpg
shoe_03799,TrailCore Runner Red 03799,footwear,red,runner,images/shoe_03799.jpg
shoe_03800,UrbanStep Casual Gray 03800,footwear,gray,casual,images/shoe_03800.jpg
shoe_03801,StreetFlex Trail White 03801,footwear,white,trail,images/shoe_03801.jpg
shoe_03802,ApexRun Runner Navy 03802,footwear,navy,runner,images/shoe_03802.jpg
shoe_03803,TrailCore Casual White 03803,footwear,white,casual,images/shoe_03803.jpg
shoe_03804,StreetFlex Slip-On Black 03804,footwear,black,slip-on,images/shoe_03804.jpg
shoe_03805,ApexRun Trainer Navy 03805,footwear,navy,trainer,images/shoe_03805.jpg
shoe_03806,StreetFlex Trainer Orange 03806,footwear,orange,trainer,images/shoe_03806.jpg
shoe_03807,MotionX Low-Top Navy 03807,footwear,navy,low-top,images/shoe_03807.jpg
shoe_03808,StreetFlex Trainer Pink 03808,footwear,pink,trainer,images/shoe_03808.jpg
shoe_03809,ApexRun Slip-On Blue 03809,footwear,blue,slip-on,images/shoe_03809.jpg
shoe_03810,StrideLab High-Top Black 03810,footwear,black,high-top,images/shoe_03810.jpg
shoe_03811,PeakWalk Casual Navy 03811,footwear,navy,casual,images/shoe_03811.jpg
shoe_03812,StrideLab Slip-On Purple 03812,footwear,purple,slip-on,images/shoe_03812.jpg
shoe_03813,UrbanStep Basketball Orange 03813,footwear,orange,basketball,images/shoe_03813.jpg
shoe_03814,MotionX Slip-On Green 03814,footwear,green,slip-on,images/shoe_03814.jpg
shoe_03815,MotionX Basketball Brown 03815,footwear,brown,basketball,images/shoe_03815.jpg
shoe_03816,ApexRun Casual Green 03816,footwear,green,casual,images/shoe_03816.jpg
shoe_03817,StreetFlex Trainer Gray 03817,footwear,gray,trainer,images/shoe_03817.jpg
shoe_03818,PeakWalk High-Top Navy 03818,footwear,navy,high-top,images/shoe_03818.jpg
shoe_03819,PeakWalk Trainer Pink 03819,footwear,pink,trainer,images/shoe_03819.jpg
shoe_03820,ApexRun High-Top Navy 03820,footwear,navy,high-top,images/shoe_03820.jpg
shoe_03821,TrailCore Basketball Brown 03821,footwear,brown,basketball,images/shoe_03821.jpg
shoe_03822,UrbanStep High-Top Brown 03822,footwear,brown,high-top,images/shoe_03822.jpg
shoe_03823,MotionX Trail Gray 03823,footwear,gray,trail,images/shoe_03823.jpg
shoe_03824,NovaFit Casual Gray 03824,footwear,gray,casual,images/shoe_03824.jpg
shoe_03825,ApexRun Low-Top Pink 03825,footwear,pink,low-top,images/shoe_03825.jpg
shoe_03826,PeakWalk Basketball Green 03826,footwear,green,basketball,images/shoe_03826.jpg
shoe_03827,PeakWalk Low-Top Pink 03827,footwear,pink,low-top,images/shoe_03827.jpg
shoe_03828,PeakWalk Slip-On White 03828,footwear,white,slip-on,images/shoe_03828.jpg
shoe_03829,MotionX Low-Top Brown 03829,footwear,brown,low-top,images/shoe_03829.jpg
shoe_03830,ApexRun Trainer Orange 03830,footwear,orange,trainer,images/shoe_03830.jpg
shoe_03831,MotionX Casual White 03831,footwear,white,casual,images/shoe_03831.jpg
shoe_03832,UrbanStep Slip-On Red 03832,footwear,red,slip-on,images/shoe_03832.jpg
shoe_03833,PeakWalk Trainer Blue 03833,footwear,blue,trainer,images/shoe_03833.jpg
shoe_03834,TrailCore Trainer Red 03834,footwear,red,trainer,images/shoe_03834.jpg
shoe_03835,UrbanStep High-Top Pink 03835,footwear,pink,high-top,images/shoe_03835.jpg
shoe_03836,ApexRun Trail White 03836,footwear,white,trail,images/shoe_03836.jpg
shoe_03837,TrailCore Low-Top Orange 03837,footwear,orange,low-top,images/shoe_03837.jpg
shoe_03838,TrailCore Runner Red 03838,footwear,red,runner,images/shoe_03838.jpg
shoe_03839,StrideLab Low-Top Red 03839,footwear,red,low-top,images/shoe_03839.jpg
shoe_03840,ApexRun High-Top Black 03840,footwear,black,high-top,images/shoe_03840.jpg
shoe_03841,UrbanStep Trainer Red 03841,footwear,red,trainer,images/shoe_03841.jpg
shoe_03842,StrideLab Runner Black 03842,footwear,black,runner,images/shoe_03842.jpg
shoe_03843,PeakWalk Casual Navy 03843,footwear,navy,casual,images/shoe_03843.jpg
shoe_03844,StrideLab Casual Orange 03844,footwear,orange,casual,images/shoe_03844.jpg
shoe_03845,PeakWalk Runner Black 03845,footwear,black,runner,images/shoe_03845.jpg
shoe_03846,StrideLab Casual Navy 03846,footwear,navy,casual,images/shoe_03846.jpg
shoe_03847,MotionX High-Top Black 03847,footwear,black,high-top,images/shoe_03847.jpg
shoe_03848,NovaFit Basketball Blue 03848,footwear,blue,basketball,images/shoe_03848.jpg
shoe_03849,ApexRun Slip-On White 03849,footwear,white,slip-on,images/shoe_03849.jpg
shoe_03850,MotionX Trainer Navy 03850,footwear,navy,trainer,images/shoe_03850.jpg
shoe_03851,StrideLab Trainer Yellow 03851,footwear,yellow,trainer,images/shoe_03851.jpg
shoe_03852,PeakWalk Runner Pink 03852,footwear,pink,runner,images/shoe_03852.jpg
shoe_03853,UrbanStep Casual Green 03853,footwear,green,casual,images/shoe_03853.jpg
shoe_03854,MotionX Basketball Blue 03854,footwear,blue,basketball,images/shoe_03854.jpg
shoe_03855,StrideLab Basketball Orange 03855,footwear,orange,basketball,images/shoe_03855.jpg
shoe_03856,TrailCore Runner Black 03856,footwear,black,runner,images/shoe_03856.jpg
shoe_03857,PeakWalk Runner Navy 03857,footwear,navy,runner,images/shoe_03857.jpg
shoe_03858,ApexRun Low-Top Orange 03858,footwear,orange,low-top,images/shoe_03858.jpg
shoe_03859,StreetFlex Slip-On Yellow 03859,footwear,yellow,slip-on,images/shoe_03859.jpg
shoe_03860,PeakWalk Casual Navy 03860,footwear,navy,casual,images/shoe_03860.jpg
shoe_03861,ApexRun Basketball White 03861,footwear,white,basketball,images/shoe_03861.jpg
shoe_03862,NovaFit Runner Navy 03862,footwear,navy,runner,images/shoe_03862.jpg
shoe_03863,NovaFit Casual Orange 03863,footwear,orange,casual,images/shoe_03863.jpg
shoe_03864,StrideLab High-Top Green 03864,footwear,green,high-top,images/shoe_03864.jpg
shoe_03865,StreetFlex Casual Black 03865,footwear,black,casual,images/shoe_03865.jpg
shoe_03866,StrideLab High-Top Green 03866,footwear,green,high-top,images/shoe_03866.jpg
shoe_03867,MotionX Trainer Navy 03867,footwear,navy,trainer,images/shoe_03867.jpg
shoe_03868,StreetFlex Trail Black 03868,footwear,black,trail,images/shoe_03868.jpg
shoe_03869,MotionX Casual White 03869,footwear,white,casual,images/shoe_03869.jpg
shoe_03870,ApexRun Trail Pink 03870,footwear,pink,trail,images/shoe_03870.jpg
shoe_03871,StreetFlex Runner Gray 03871,footwear,gray,runner,images/shoe_03871.jpg
shoe_03872,NovaFit Trainer Gray 03872,footwear,gray,trainer,images/shoe_03872.jpg
shoe_03873,MotionX Trainer Orange 03873,footwear,orange,trainer,images/shoe_03873.jpg
shoe_03874,NovaFit Low-Top Gray 03874,footwear,gray,low-top,images/shoe_03874.jpg
shoe_03875,UrbanStep Casual Gray 03875,footwear,gray,casual,images/shoe_03875.jpg
shoe_03876,ApexRun Trail Orange 03876,footwear,orange,trail,images/shoe_03876.jpg
shoe_03877,NovaFit Trainer Gray 03877,footwear,gray,trainer,images/shoe_03877.jpg
shoe_03878,PeakWalk High-Top Gray 03878,footwear,gray,high-top,images/shoe_03878.jpg
shoe_03879,StrideLab Trail Gray 03879,footwear,gray,trail,images/shoe_03879.jpg
shoe_03880,StreetFlex Runner Yellow 03880,footwear,yellow,runner,images/shoe_03880.jpg
shoe_03881,UrbanStep Casual Pink 03881,footwear,pink,casual,images/shoe_03881.jpg
shoe_03882,StrideLab Trail Yellow 03882,footwear,yellow,trail,images/shoe_03882.jpg
shoe_03883,NovaFit Trail Pink 03883,footwear,pink,trail,images/shoe_03883.jpg
shoe_03884,UrbanStep Trainer Black 03884,footwear,black,trainer,images/shoe_03884.jpg
shoe_03885,UrbanStep High-Top Black 03885,footwear,black,high-top,images/shoe_03885.jpg
shoe_03886,PeakWalk Basketball Orange 03886,footwear,orange,basketball,images/shoe_03886.jpg
shoe_03887,NovaFit Low-Top Brown 03887,footwear,brown,low-top,images/shoe_03887.jpg
shoe_03888,StrideLab Slip-On Black 03888,footwear,black,slip-on,images/shoe_03888.jpg
shoe_03889,StreetFlex Runner Gray 03889,footwear,gray,runner,images/shoe_03889.jpg
shoe_03890,PeakWalk High-Top Red 03890,footwear,red,high-top,images/shoe_03890.jpg
shoe_03891,StreetFlex Basketball Yellow 03891,footwear,yellow,basketball,images/shoe_03891.jpg
shoe_03892,PeakWalk Trail White 03892,footwear,white,trail,images/shoe_03892.jpg
shoe_03893,StrideLab Slip-On Purple 03893,footwear,purple,slip-on,images/shoe_03893.jpg
shoe_03894,PeakWalk Low-Top Brown 03894,footwear,brown,low-top,images/shoe_03894.jpg
shoe_03895,UrbanStep Casual Green 03895,footwear,green,casual,images/shoe_03895.jpg
shoe_03896,UrbanStep High-Top White 03896,footwear,white,high-top,images/shoe_03896.jpg
shoe_03897,NovaFit High-Top Green 03897,footwear,green,high-top,images/shoe_03897.jpg
shoe_03898,MotionX Casual Red 03898,footwear,red,casual,images/shoe_03898.jpg
shoe_03899,UrbanStep Low-Top Red 03899,footwear,red,low-top,images/shoe_03899.jpg
shoe_03900,StreetFlex Trail Pink 03900,footwear,pink,trail,images/shoe_03900.jpg
shoe_03901,PeakWalk High-Top Gray 03901,footwear,gray,high-top,images/shoe_03901.jpg
shoe_03902,StreetFlex Slip-On Black 03902,footwear,black,slip-on,images/shoe_03902.jpg
shoe_03903,StrideLab Low-Top Green 03903,footwear,green,low-top,images/shoe_03903.jpg
shoe_03904,MotionX Basketball Gray 03904,footwear,gray,basketball,images/shoe_03904.jpg
shoe_03905,ApexRun Trail Yellow 03905,footwear,yellow,trail,images/shoe_03905.jpg
shoe_03906,UrbanStep Casual Yellow 03906,footwear,yellow,casual,images/shoe_03906.jpg
shoe_03907,UrbanStep Low-Top Black 03907,footwear,black,low-top,images/shoe_03907.jpg
shoe_03908,ApexRun Trail Yellow 03908,footwear,yellow,trail,images/shoe_03908.jpg
shoe_03909,ApexRun Runner Navy 03909,footwear,navy,runner,images/shoe_03909.jpg
shoe_03910,TrailCore Casual White 03910,footwear,white,casual,images/shoe_03910.jpg
shoe_03911,NovaFit Basketball Navy 03911,footwear,navy,basketball,images/shoe_03911.jpg
shoe_03912,PeakWalk Runner Green 03912,footwear,green,runner,images/shoe_03912.jpg
shoe_03913,UrbanStep Trainer Red 03913,footwear,red,trainer,images/shoe_03913.jpg
shoe_03914,UrbanStep Trail Green 03914,footwear,green,trail,images/shoe_03914.jpg
shoe_03915,StreetFlex Low-Top Gray 03915,footwear,gray,low-top,images/shoe_03915.jpg
shoe_03916,ApexRun Slip-On Navy 03916,footwear,navy,slip-on,images/shoe_03916.jpg
shoe_03917,PeakWalk High-Top Black 03917,footwear,black,high-top,images/shoe_03917.jpg
shoe_03918,UrbanStep Low-Top Gray 03918,footwear,gray,low-top,images/shoe_03918.jpg
shoe_03919,PeakWalk Slip-On Navy 03919,footwear,navy,slip-on,images/shoe_03919.jpg
shoe_03920,UrbanStep High-Top Blue 03920,footwear,blue,high-top,images/shoe_03920.jpg
shoe_03921,NovaFit High-Top Orange 03921,footwear,orange,high-top,images/shoe_03921.jpg
shoe_03922,ApexRun Basketball Gray 03922,footwear,gray,basketball,images/shoe_03922.jpg
shoe_03923,ApexRun High-Top Purple 03923,footwear,purple,high-top,images/shoe_03923.jpg
shoe_03924,StrideLab Runner Yellow 03924,footwear,yellow,runner,images/shoe_03924.jpg
shoe_03925,ApexRun Basketball White 03925,footwear,white,basketball,images/shoe_03925.jpg
shoe_03926,PeakWalk Low-Top Pink 03926,footwear,pink,low-top,images/shoe_03926.jpg
shoe_03927,StreetFlex High-Top White 03927,footwear,white,high-top,images/shoe_03927.jpg
shoe_03928,StrideLab Casual Red 03928,footwear,red,casual,images/shoe_03928.jpg
shoe_03929,StreetFlex Runner Navy 03929,footwear,navy,runner,images/shoe_03929.jpg
shoe_03930,ApexRun Trail Blue 03930,footwear,blue,trail,images/shoe_03930.jpg
shoe_03931,TrailCore Low-Top Pink 03931,footwear,pink,low-top,images/shoe_03931.jpg
shoe_03932,PeakWalk Runner Black 03932,footwear,black,runner,images/shoe_03932.jpg
shoe_03933,StreetFlex Casual White 03933,footwear,white,casual,images/shoe_03933.jpg
shoe_03934,ApexRun Runner Brown 03934,footwear,brown,runner,images/shoe_03934.jpg
shoe_03935,StrideLab Slip-On Purple 03935,footwear,purple,slip-on,images/shoe_03935.jpg
shoe_03936,StreetFlex Slip-On Gray 03936,footwear,gray,slip-on,images/shoe_03936.jpg
shoe_03937,TrailCore Slip-On Navy 03937,footwear,navy,slip-on,images/shoe_03937.jpg
shoe_03938,PeakWalk Low-Top Brown 03938,footwear,brown,low-top,images/shoe_03938.jpg
shoe_03939,NovaFit Trainer Orange 03939,footwear,orange,trainer,images/shoe_03939.jpg
shoe_03940,MotionX Low-Top Yellow 03940,footwear,yellow,low-top,images/shoe_03940.jpg
shoe_03941,StrideLab Trail Green 03941,footwear,green,trail,images/shoe_03941.jpg
shoe_03942,UrbanStep High-Top Orange 03942,footwear,orange,high-top,images/shoe_03942.jpg
shoe_03943,MotionX Trainer Purple 03943,footwear,purple,trainer,images/shoe_03943.jpg
shoe_03944,TrailCore High-Top Gray 03944,footwear,gray,high-top,images/shoe_03944.jpg
shoe_03945,ApexRun High-Top Navy 03945,footwear,navy,high-top,images/shoe_03945.jpg
shoe_03946,ApexRun Basketball Green 03946,footwear,green,basketball,images/shoe_03946.jpg
shoe_03947,NovaFit Basketball Red 03947,footwear,red,basketball,images/shoe_03947.jpg
shoe_03948,StrideLab Low-Top Blue 03948,footwear,blue,low-top,images/shoe_03948.jpg
shoe_03949,TrailCore Slip-On Purple 03949,footwear,purple,slip-on,images/shoe_03949.jpg
shoe_03950,PeakWalk Basketball Navy 03950,footwear,navy,basketball,images/shoe_03950.jpg
shoe_03951,StreetFlex Trainer Green 03951,footwear,green,trainer,images/shoe_03951.jpg
shoe_03952,ApexRun Casual Red 03952,footwear,red,casual,images/shoe_03952.jpg
shoe_03953,NovaFit Slip-On Orange 03953,footwear,orange,slip-on,images/shoe_03953.jpg
shoe_03954,PeakWalk Casual Black 03954,footwear,black,casual,images/shoe_03954.jpg
shoe_03955,MotionX Trainer Blue 03955,footwear,blue,trainer,images/shoe_03955.jpg
shoe_03956,MotionX Trainer Green 03956,footwear,green,trainer,images/shoe_03956.jpg
shoe_03957,TrailCore Basketball Red 03957,footwear,red,basketball,images/shoe_03957.jpg
shoe_03958,NovaFit Slip-On Orange 03958,footwear,orange,slip-on,images/shoe_03958.jpg
shoe_03959,StreetFlex Runner Red 03959,footwear,red,runner,images/shoe_03959.jpg
shoe_03960,PeakWalk Runner Yellow 03960,footwear,yellow,runner,images/shoe_03960.jpg
shoe_03961,ApexRun Slip-On Purple 03961,footwear,purple,slip-on,images/shoe_03961.jpg
shoe_03962,PeakWalk Basketball Orange 03962,footwear,orange,basketball,images/shoe_03962.jpg
shoe_03963,StreetFlex Basketball Pink 03963,footwear,pink,basketball,images/shoe_03963.jpg
shoe_03964,NovaFit Basketball White 03964,footwear,white,basketball,images/shoe_03964.jpg
shoe_03965,UrbanStep Trainer Red 03965,footwear,red,trainer,images/shoe_03965.jpg
shoe_03966,ApexRun Runner Navy 03966,footwear,navy,runner,images/shoe_03966.jpg
shoe_03967,StreetFlex Basketball Gray 03967,footwear,gray,basketball,images/shoe_03967.jpg
shoe_03968,PeakWalk Runner White 03968,footwear,white,runner,images/shoe_03968.jpg
shoe_03969,ApexRun Slip-On Brown 03969,footwear,brown,slip-on,images/shoe_03969.jpg
shoe_03970,TrailCore High-Top Brown 03970,footwear,brown,high-top,images/shoe_03970.jpg
shoe_03971,StrideLab High-Top White 03971,footwear,white,high-top,images/shoe_03971.jpg
shoe_03972,StrideLab Casual Purple 03972,footwear,purple,casual,images/shoe_03972.jpg
shoe_03973,UrbanStep Runner Pink 03973,footwear,pink,runner,images/shoe_03973.jpg
shoe_03974,PeakWalk Slip-On Yellow 03974,footwear,yellow,slip-on,images/shoe_03974.jpg
shoe_03975,ApexRun Casual Brown 03975,footwear,brown,casual,images/shoe_03975.jpg
shoe_03976,UrbanStep Low-Top Brown 03976,footwear,brown,low-top,images/shoe_03976.jpg
shoe_03977,NovaFit Runner Brown 03977,footwear,brown,runner,images/shoe_03977.jpg
shoe_03978,TrailCore Basketball Navy 03978,footwear,navy,basketball,images/shoe_03978.jpg
shoe_03979,StrideLab Slip-On Yellow 03979,footwear,yellow,slip-on,images/shoe_03979.jpg
shoe_03980,ApexRun Low-Top Brown 03980,footwear,brown,low-top,images/shoe_03980.jpg
shoe_03981,UrbanStep Low-Top White 03981,footwear,white,low-top,images/shoe_03981.jpg
shoe_03982,StreetFlex Basketball Purple 03982,footwear,purple,basketball,images/shoe_03982.jpg
shoe_03983,UrbanStep Runner Black 03983,footwear,black,runner,images/shoe_03983.jpg
shoe_03984,StrideLab Runner Orange 03984,footwear,orange,runner,images/shoe_03984.jpg
shoe_03985,StreetFlex High-Top Yellow 03985,footwear,yellow,high-top,images/shoe_03985.jpg
shoe_03986,StreetFlex Low-Top Blue 03986,footwear,blue,low-top,images/shoe_03986.jpg
shoe_03987,PeakWalk Slip-On Brown 03987,footwear,brown,slip-on,images/shoe_03987.jpg
shoe_03988,ApexRun Basketball Brown 03988,footwear,brown,basketball,images/shoe_03988.jpg
shoe_03989,ApexRun Slip-On Purple 03989,footwear,purple,slip-on,images/shoe_03989.jpg
shoe_03990,PeakWalk High-Top Purple 03990,footwear,purple,high-top,images/shoe_03990.jpg
shoe_03991,UrbanStep Trainer Navy 03991,footwear,navy,trainer,images/shoe_03991.jpg
shoe_03992,StreetFlex Runner Purple 03992,footwear,purple,runner,images/shoe_03992.jpg
shoe_03993,ApexRun Basketball Navy 03993,footwear,navy,basketball,images/shoe_03993.jpg
shoe_03994,ApexRun High-Top Blue 03994,footwear,blue,high-top,images/shoe_03994.jpg
shoe_03995,MotionX Casual Black 03995,footwear,black,casual,images/shoe_03995.jpg
shoe_03996,MotionX Trainer Brown 03996,footwear,brown,trainer,images/shoe_03996.jpg
shoe_03997,TrailCore Runner Navy 03997,footwear,navy,runner,images/shoe_03997.jpg
shoe_03998,ApexRun High-Top Navy 03998,footwear,navy,high-top,images/shoe_03998.jpg
shoe_03999,UrbanStep Basketball Green 03999,footwear,green,basketball,images/shoe_03999.jpg
shoe_04000,NovaFit Trainer Black 04000,footwear,black,trainer,images/shoe_04000.jpg
shoe_04001,StrideLab Slip-On Black 04001,footwear,black,slip-on,images/shoe_04001.jpg
shoe_04002,StrideLab Slip-On White 04002,footwear,white,slip-on,images/shoe_04002.jpg
shoe_04003,UrbanStep Basketball Blue 04003,footwear,blue,basketball,images/shoe_04003.jpg
shoe_04004,StreetFlex Basketball Gray 04004,footwear,gray,basketball,images/shoe_04004.jpg
shoe_04005,StreetFlex Basketball Blue 04005,footwear,blue,basketball,images/shoe_04005.jpg
shoe_04006,StreetFlex Runner Red 04006,footwear,red,runner,images/shoe_04006.jpg
shoe_04007,ApexRun High-Top Orange 04007,footwear,orange,high-top,images/shoe_04007.jpg
shoe_04008,PeakWalk Casual Black 04008,footwear,black,casual,images/shoe_04008.jpg
shoe_04009,ApexRun Runner Pink 04009,footwear,pink,runner,images/shoe_04009.jpg
shoe_04010,ApexRun Casual Orange 04010,footwear,orange,casual,images/shoe_04010.jpg
shoe_04011,PeakWalk Casual White 04011,footwear,white,casual,images/shoe_04011.jpg
shoe_04012,ApexRun Slip-On Purple 04012,footwear,purple,slip-on,images/shoe_04012.jpg
shoe_04013,PeakWalk Trainer Navy 04013,footwear,navy,trainer,images/shoe_04013.jpg
shoe_04014,UrbanStep Slip-On Gray 04014,footwear,gray,slip-on,images/shoe_04014.jpg
shoe_04015,TrailCore Trainer Navy 04015,footwear,navy,trainer,images/shoe_04015.jpg
shoe_04016,MotionX Slip-On Pink 04016,footwear,pink,slip-on,images/shoe_04016.jpg
shoe_04017,TrailCore Basketball Pink 04017,footwear,pink,basketball,images/shoe_04017.jpg
shoe_04018,NovaFit Runner Black 04018,footwear,black,runner,images/shoe_04018.jpg
shoe_04019,NovaFit Trail Purple 04019,footwear,purple,trail,images/shoe_04019.jpg
shoe_04020,StreetFlex Basketball Red 04020,footwear,red,basketball,images/shoe_04020.jpg
shoe_04021,UrbanStep Trainer Black 04021,footwear,black,trainer,images/shoe_04021.jpg
shoe_04022,ApexRun Basketball Brown 04022,footwear,brown,basketball,images/shoe_04022.jpg
shoe_04023,TrailCore Trail White 04023,footwear,white,trail,images/shoe_04023.jpg
shoe_04024,MotionX Basketball Orange 04024,footwear,orange,basketball,images/shoe_04024.jpg
shoe_04025,UrbanStep Casual Red 04025,footwear,red,casual,images/shoe_04025.jpg
shoe_04026,PeakWalk High-Top Green 04026,footwear,green,high-top,images/shoe_04026.jpg
shoe_04027,UrbanStep Slip-On Gray 04027,footwear,gray,slip-on,images/shoe_04027.jpg
shoe_04028,UrbanStep Runner Pink 04028,footwear,pink,runner,images/shoe_04028.jpg
shoe_04029,TrailCore Low-Top Brown 04029,footwear,brown,low-top,images/shoe_04029.jpg
shoe_04030,StreetFlex Slip-On Blue 04030,footwear,blue,slip-on,images/shoe_04030.jpg
shoe_04031,ApexRun High-Top White 04031,footwear,white,high-top,images/shoe_04031.jpg
shoe_04032,ApexRun Runner Navy 04032,footwear,navy,runner,images/shoe_04032.jpg
shoe_04033,ApexRun Casual Brown 04033,footwear,brown,casual,images/shoe_04033.jpg
shoe_04034,ApexRun Trainer Yellow 04034,footwear,yellow,trainer,images/shoe_04034.jpg
shoe_04035,MotionX Casual Brown 04035,footwear,brown,casual,images/shoe_04035.jpg
shoe_04036,UrbanStep Runner Blue 04036,footwear,blue,runner,images/shoe_04036.jpg
shoe_04037,NovaFit High-Top White 04037,footwear,white,high-top,images/shoe_04037.jpg
shoe_04038,TrailCore Trail Orange 04038,footwear,orange,trail,images/shoe_04038.jpg
shoe_04039,MotionX Runner Red 04039,footwear,red,runner,images/shoe_04039.jpg
shoe_04040,PeakWalk Basketball Brown 04040,footwear,brown,basketball,images/shoe_04040.jpg
shoe_04041,StreetFlex Trail Yellow 04041,footwear,yellow,trail,images/shoe_04041.jpg
shoe_04042,StrideLab Low-Top Pink 04042,footwear,pink,low-top,images/shoe_04042.jpg
shoe_04043,MotionX Casual Red 04043,footwear,red,casual,images/shoe_04043.jpg
shoe_04044,ApexRun Casual Red 04044,footwear,red,casual,images/shoe_04044.jpg
shoe_04045,NovaFit Trainer Blue 04045,footwear,blue,trainer,images/shoe_04045.jpg
shoe_04046,ApexRun Low-Top Brown 04046,footwear,brown,low-top,images/shoe_04046.jpg
shoe_04047,PeakWalk Low-Top Navy 04047,footwear,navy,low-top,images/shoe_04047.jpg
shoe_04048,UrbanStep Basketball Yellow 04048,footwear,yellow,basketball,images/shoe_04048.jpg
shoe_04049,PeakWalk Slip-On White 04049,footwear,white,slip-on,images/shoe_04049.jpg
shoe_04050,UrbanStep Runner Purple 04050,footwear,purple,runner,images/shoe_04050.jpg
shoe_04051,StrideLab Trail Black 04051,footwear,black,trail,images/shoe_04051.jpg
shoe_04052,UrbanStep Basketball White 04052,footwear,white,basketball,images/shoe_04052.jpg
shoe_04053,UrbanStep Runner Blue 04053,footwear,blue,runner,images/shoe_04053.jpg
shoe_04054,UrbanStep Casual Blue 04054,footwear,blue,casual,images/shoe_04054.jpg
shoe_04055,StrideLab Low-Top White 04055,footwear,white,low-top,images/shoe_04055.jpg
shoe_04056,PeakWalk High-Top Yellow 04056,footwear,yellow,high-top,images/shoe_04056.jpg
shoe_04057,StreetFlex Runner Navy 04057,footwear,navy,runner,images/shoe_04057.jpg
shoe_04058,NovaFit High-Top Pink 04058,footwear,pink,high-top,images/shoe_04058.jpg
shoe_04059,NovaFit High-Top White 04059,footwear,white,high-top,images/shoe_04059.jpg
shoe_04060,StreetFlex Basketball Blue 04060,footwear,blue,basketball,images/shoe_04060.jpg
shoe_04061,StreetFlex High-Top Gray 04061,footwear,gray,high-top,images/shoe_04061.jpg
shoe_04062,PeakWalk Trail Pink 04062,footwear,pink,trail,images/shoe_04062.jpg
shoe_04063,NovaFit High-Top Red 04063,footwear,red,high-top,images/shoe_04063.jpg
shoe_04064,ApexRun Runner Gray 04064,footwear,gray,runner,images/shoe_04064.jpg
shoe_04065,PeakWalk Trainer Yellow 04065,footwear,yellow,trainer,images/shoe_04065.jpg
shoe_04066,StrideLab Trainer Gray 04066,footwear,gray,trainer,images/shoe_04066.jpg
shoe_04067,UrbanStep Casual Gray 04067,footwear,gray,casual,images/shoe_04067.jpg
shoe_04068,UrbanStep Trail Gray 04068,footwear,gray,trail,images/shoe_04068.jpg
shoe_04069,StreetFlex Slip-On Gray 04069,footwear,gray,slip-on,images/shoe_04069.jpg
shoe_04070,StrideLab Runner Green 04070,footwear,green,runner,images/shoe_04070.jpg
shoe_04071,UrbanStep Low-Top Gray 04071,footwear,gray,low-top,images/shoe_04071.jpg
shoe_04072,UrbanStep Trail Navy 04072,footwear,navy,trail,images/shoe_04072.jpg
shoe_04073,UrbanStep Runner Black 04073,footwear,black,runner,images/shoe_04073.jpg
shoe_04074,MotionX Trainer Gray 04074,footwear,gray,trainer,images/shoe_04074.jpg
shoe_04075,TrailCore Low-Top Gray 04075,footwear,gray,low-top,images/shoe_04075.jpg
shoe_04076,ApexRun Low-Top Red 04076,footwear,red,low-top,images/shoe_04076.jpg
shoe_04077,MotionX High-Top Green 04077,footwear,green,high-top,images/shoe_04077.jpg
shoe_04078,MotionX Trail Green 04078,footwear,green,trail,images/shoe_04078.jpg
shoe_04079,UrbanStep Trainer Brown 04079,footwear,brown,trainer,images/shoe_04079.jpg
shoe_04080,StrideLab High-Top Navy 04080,footwear,navy,high-top,images/shoe_04080.jpg
shoe_04081,TrailCore Basketball Orange 04081,footwear,orange,basketball,images/shoe_04081.jpg
shoe_04082,UrbanStep Runner Navy 04082,footwear,navy,runner,images/shoe_04082.jpg
shoe_04083,UrbanStep Runner Navy 04083,footwear,navy,runner,images/shoe_04083.jpg
shoe_04084,ApexRun Trainer Black 04084,footwear,black,trainer,images/shoe_04084.jpg
shoe_04085,TrailCore Low-Top Green 04085,footwear,green,low-top,images/shoe_04085.jpg
shoe_04086,PeakWalk Low-Top Red 04086,footwear,red,low-top,images/shoe_04086.jpg
shoe_04087,UrbanStep Basketball Purple 04087,footwear,purple,basketball,images/shoe_04087.jpg
shoe_04088,TrailCore High-Top Navy 04088,footwear,navy,high-top,images/shoe_04088.jpg
shoe_04089,ApexRun Trainer Yellow 04089,footwear,yellow,trainer,images/shoe_04089.jpg
shoe_04090,NovaFit High-Top Red 04090,footwear,red,high-top,images/shoe_04090.jpg
shoe_04091,NovaFit Runner Yellow 04091,footwear,yellow,runner,images/shoe_04091.jpg
shoe_04092,TrailCore Casual Green 04092,footwear,green,casual,images/shoe_04092.jpg
shoe_04093,StreetFlex Runner Black 04093,footwear,black,runner,images/shoe_04093.jpg
shoe_04094,PeakWalk Trainer Navy 04094,footwear,navy,trainer,images/shoe_04094.jpg
shoe_04095,StreetFlex Trail Purple 04095,footwear,purple,trail,images/shoe_04095.jpg
shoe_04096,TrailCore High-Top Orange 04096,footwear,orange,high-top,images/shoe_04096.jpg
shoe_04097,ApexRun High-Top Red 04097,footwear,red,high-top,images/shoe_04097.jpg
shoe_04098,StrideLab Low-Top Brown 04098,footwear,brown,low-top,images/shoe_04098.jpg
shoe_04099,PeakWalk High-Top Orange 04099,footwear,orange,high-top,images/shoe_04099.jpg
shoe_04100,ApexRun Casual Green 04100,footwear,green,casual,images/shoe_04100.jpg
shoe_04101,StrideLab Trainer Red 04101,footwear,red,trainer,images/shoe_04101.jpg
shoe_04102,TrailCore Slip-On Black 04102,footwear,black,slip-on,images/shoe_04102.jpg
shoe_04103,StrideLab Slip-On Navy 04103,footwear,navy,slip-on,images/shoe_04103.jpg
shoe_04104,NovaFit Casual Pink 04104,footwear,pink,casual,images/shoe_04104.jpg
shoe_04105,StrideLab Low-Top Red 04105,footwear,red,low-top,images/shoe_04105.jpg
shoe_04106,NovaFit High-Top Blue 04106,footwear,blue,high-top,images/shoe_04106.jpg
shoe_04107,ApexRun Runner Purple 04107,footwear,purple,runner,images/shoe_04107.jpg
shoe_04108,StreetFlex Casual Yellow 04108,footwear,yellow,casual,images/shoe_04108.jpg
shoe_04109,PeakWalk Casual Orange 04109,footwear,orange,casual,images/shoe_04109.jpg
shoe_04110,TrailCore Casual Black 04110,footwear,black,casual,images/shoe_04110.jpg
shoe_04111,UrbanStep Casual Navy 04111,footwear,navy,casual,images/shoe_04111.jpg
shoe_04112,StreetFlex Casual White 04112,footwear,white,casual,images/shoe_04112.jpg
shoe_04113,MotionX Runner Yellow 04113,footwear,yellow,runner,images/shoe_04113.jpg
shoe_04114,MotionX Slip-On Pink 04114,footwear,pink,slip-on,images/shoe_04114.jpg
shoe_04115,PeakWalk Runner Green 04115,footwear,green,runner,images/shoe_04115.jpg
shoe_04116,TrailCore Casual Orange 04116,footwear,orange,casual,images/shoe_04116.jpg
shoe_04117,TrailCore Slip-On Brown 04117,footwear,brown,slip-on,images/shoe_04117.jpg
shoe_04118,NovaFit Trainer Navy 04118,footwear,navy,trainer,images/shoe_04118.jpg
shoe_04119,MotionX Runner Yellow 04119,footwear,yellow,runner,images/shoe_04119.jpg
shoe_04120,UrbanStep Casual Brown 04120,footwear,brown,casual,images/shoe_04120.jpg
shoe_04121,UrbanStep Trainer Purple 04121,footwear,purple,trainer,images/shoe_04121.jpg
shoe_04122,UrbanStep Casual Red 04122,footwear,red,casual,images/shoe_04122.jpg
shoe_04123,StrideLab High-Top Orange 04123,footwear,orange,high-top,images/shoe_04123.jpg
shoe_04124,MotionX Low-Top Green 04124,footwear,green,low-top,images/shoe_04124.jpg
shoe_04125,UrbanStep Casual Blue 04125,footwear,blue,casual,images/shoe_04125.jpg
shoe_04126,StreetFlex Basketball Navy 04126,footwear,navy,basketball,images/shoe_04126.jpg
shoe_04127,StrideLab Low-Top Green 04127,footwear,green,low-top,images/shoe_04127.jpg
shoe_04128,PeakWalk Runner Brown 04128,footwear,brown,runner,images/shoe_04128.jpg
shoe_04129,NovaFit High-Top Pink 04129,footwear,pink,high-top,images/shoe_04129.jpg
shoe_04130,MotionX Trainer Red 04130,footwear,red,trainer,images/shoe_04130.jpg
shoe_04131,NovaFit High-Top Navy 04131,footwear,navy,high-top,images/shoe_04131.jpg
shoe_04132,TrailCore Trainer Green 04132,footwear,green,trainer,images/shoe_04132.jpg
shoe_04133,TrailCore Basketball Gray 04133,footwear,gray,basketball,images/shoe_04133.jpg
shoe_04134,PeakWalk Slip-On Red 04134,footwear,red,slip-on,images/shoe_04134.jpg
shoe_04135,ApexRun Basketball Red 04135,footwear,red,basketball,images/shoe_04135.jpg
shoe_04136,TrailCore Trainer Yellow 04136,footwear,yellow,trainer,images/shoe_04136.jpg
shoe_04137,TrailCore Slip-On Blue 04137,footwear,blue,slip-on,images/shoe_04137.jpg
shoe_04138,StrideLab Trainer Black 04138,footwear,black,trainer,images/shoe_04138.jpg
shoe_04139,PeakWalk Basketball White 04139,footwear,white,basketball,images/shoe_04139.jpg
shoe_04140,StreetFlex Runner Orange 04140,footwear,orange,runner,images/shoe_04140.jpg
shoe_04141,StreetFlex Slip-On Navy 04141,footwear,navy,slip-on,images/shoe_04141.jpg
shoe_04142,MotionX Casual Purple 04142,footwear,purple,casual,images/shoe_04142.jpg
shoe_04143,PeakWalk Basketball Purple 04143,footwear,purple,basketball,images/shoe_04143.jpg
shoe_04144,StreetFlex Slip-On Orange 04144,footwear,orange,slip-on,images/shoe_04144.jpg
shoe_04145,TrailCore Basketball Blue 04145,footwear,blue,basketball,images/shoe_04145.jpg
shoe_04146,PeakWalk Basketball Orange 04146,footwear,orange,basketball,images/shoe_04146.jpg
shoe_04147,NovaFit Casual Green 04147,footwear,green,casual,images/shoe_04147.jpg
shoe_04148,StrideLab Casual Navy 04148,footwear,navy,casual,images/shoe_04148.jpg
shoe_04149,MotionX Trainer Orange 04149,footwear,orange,trainer,images/shoe_04149.jpg
shoe_04150,UrbanStep High-Top Red 04150,footwear,red,high-top,images/shoe_04150.jpg
shoe_04151,StreetFlex Slip-On Yellow 04151,footwear,yellow,slip-on,images/shoe_04151.jpg
shoe_04152,StreetFlex Runner Black 04152,footwear,black,runner,images/shoe_04152.jpg
shoe_04153,StrideLab Slip-On Pink 04153,footwear,pink,slip-on,images/shoe_04153.jpg
shoe_04154,NovaFit Low-Top Yellow 04154,footwear,yellow,low-top,images/shoe_04154.jpg
shoe_04155,StreetFlex Low-Top Pink 04155,footwear,pink,low-top,images/shoe_04155.jpg
shoe_04156,NovaFit Casual Yellow 04156,footwear,yellow,casual,images/shoe_04156.jpg
shoe_04157,UrbanStep Trail Green 04157,footwear,green,trail,images/shoe_04157.jpg
shoe_04158,ApexRun Trainer White 04158,footwear,white,trainer,images/shoe_04158.jpg
shoe_04159,UrbanStep Slip-On Purple 04159,footwear,purple,slip-on,images/shoe_04159.jpg
shoe_04160,StrideLab Basketball Blue 04160,footwear,blue,basketball,images/shoe_04160.jpg
shoe_04161,NovaFit Low-Top Green 04161,footwear,green,low-top,images/shoe_04161.jpg
shoe_04162,ApexRun Slip-On White 04162,footwear,white,slip-on,images/shoe_04162.jpg
shoe_04163,TrailCore Slip-On Brown 04163,footwear,brown,slip-on,images/shoe_04163.jpg
shoe_04164,NovaFit Low-Top Blue 04164,footwear,blue,low-top,images/shoe_04164.jpg
shoe_04165,StreetFlex Slip-On White 04165,footwear,white,slip-on,images/shoe_04165.jpg
shoe_04166,ApexRun Trainer Green 04166,footwear,green,trainer,images/shoe_04166.jpg
shoe_04167,TrailCore Casual Purple 04167,footwear,purple,casual,images/shoe_04167.jpg
shoe_04168,TrailCore Trail Brown 04168,footwear,brown,trail,images/shoe_04168.jpg
shoe_04169,ApexRun Runner White 04169,footwear,white,runner,images/shoe_04169.jpg
shoe_04170,PeakWalk High-Top Gray 04170,footwear,gray,high-top,images/shoe_04170.jpg
shoe_04171,UrbanStep Basketball Gray 04171,footwear,gray,basketball,images/shoe_04171.jpg
shoe_04172,StrideLab High-Top Red 04172,footwear,red,high-top,images/shoe_04172.jpg
shoe_04173,StrideLab Trail Yellow 04173,footwear,yellow,trail,images/shoe_04173.jpg
shoe_04174,StreetFlex Slip-On Gray 04174,footwear,gray,slip-on,images/shoe_04174.jpg
shoe_04175,StreetFlex Trainer Red 04175,footwear,red,trainer,images/shoe_04175.jpg
shoe_04176,UrbanStep Slip-On Brown 04176,footwear,brown,slip-on,images/shoe_04176.jpg
shoe_04177,MotionX Trail Orange 04177,footwear,orange,trail,images/shoe_04177.jpg
shoe_04178,ApexRun Trail Green 04178,footwear,green,trail,images/shoe_04178.jpg
shoe_04179,TrailCore Trail White 04179,footwear,white,trail,images/shoe_04179.jpg
shoe_04180,ApexRun Low-Top Brown 04180,footwear,brown,low-top,images/shoe_04180.jpg
shoe_04181,StreetFlex Casual Navy 04181,footwear,navy,casual,images/shoe_04181.jpg
shoe_04182,TrailCore Low-Top Navy 04182,footwear,navy,low-top,images/shoe_04182.jpg
shoe_04183,PeakWalk Trail Purple 04183,footwear,purple,trail,images/shoe_04183.jpg
shoe_04184,NovaFit Casual Red 04184,footwear,red,casual,images/shoe_04184.jpg
shoe_04185,NovaFit Basketball Brown 04185,footwear,brown,basketball,images/shoe_04185.jpg
shoe_04186,PeakWalk Trainer Blue 04186,footwear,blue,trainer,images/shoe_04186.jpg
shoe_04187,MotionX High-Top Black 04187,footwear,black,high-top,images/shoe_04187.jpg
shoe_04188,StreetFlex Runner Black 04188,footwear,black,runner,images/shoe_04188.jpg
shoe_04189,StrideLab Trail Red 04189,footwear,red,trail,images/shoe_04189.jpg
shoe_04190,StreetFlex Basketball Black 04190,footwear,black,basketball,images/shoe_04190.jpg
shoe_04191,ApexRun Runner Brown 04191,footwear,brown,runner,images/shoe_04191.jpg
shoe_04192,PeakWalk Low-Top Black 04192,footwear,black,low-top,images/shoe_04192.jpg
shoe_04193,UrbanStep Low-Top Brown 04193,footwear,brown,low-top,images/shoe_04193.jpg
shoe_04194,UrbanStep Slip-On White 04194,footwear,white,slip-on,images/shoe_04194.jpg
shoe_04195,TrailCore Trail Yellow 04195,footwear,yellow,trail,images/shoe_04195.jpg
shoe_04196,ApexRun Casual White 04196,footwear,white,casual,images/shoe_04196.jpg
shoe_04197,TrailCore Slip-On Pink 04197,footwear,pink,slip-on,images/shoe_04197.jpg
shoe_04198,TrailCore High-Top Pink 04198,footwear,pink,high-top,images/shoe_04198.jpg
shoe_04199,PeakWalk High-Top Orange 04199,footwear,orange,high-top,images/shoe_04199.jpg
shoe_04200,TrailCore Runner Red 04200,footwear,red,runner,images/shoe_04200.jpg
shoe_04201,NovaFit Trainer White 04201,footwear,white,trainer,images/shoe_04201.jpg
shoe_04202,StreetFlex Basketball Pink 04202,footwear,pink,basketball,images/shoe_04202.jpg
shoe_04203,NovaFit Low-Top Navy 04203,footwear,navy,low-top,images/shoe_04203.jpg
shoe_04204,UrbanStep Runner Red 04204,footwear,red,runner,images/shoe_04204.jpg
shoe_04205,TrailCore Trail Pink 04205,footwear,pink,trail,images/shoe_04205.jpg
shoe_04206,StreetFlex Low-Top Yellow 04206,footwear,yellow,low-top,images/shoe_04206.jpg
shoe_04207,TrailCore Basketball Pink 04207,footwear,pink,basketball,images/shoe_04207.jpg
shoe_04208,UrbanStep Low-Top Blue 04208,footwear,blue,low-top,images/shoe_04208.jpg
shoe_04209,TrailCore Trail Red 04209,footwear,red,trail,images/shoe_04209.jpg
shoe_04210,UrbanStep Trainer Navy 04210,footwear,navy,trainer,images/shoe_04210.jpg
shoe_04211,StreetFlex Slip-On Black 04211,footwear,black,slip-on,images/shoe_04211.jpg
shoe_04212,StreetFlex Trainer Purple 04212,footwear,purple,trainer,images/shoe_04212.jpg
shoe_04213,TrailCore Low-Top Blue 04213,footwear,blue,low-top,images/shoe_04213.jpg
shoe_04214,StrideLab Casual Orange 04214,footwear,orange,casual,images/shoe_04214.jpg
shoe_04215,ApexRun Basketball Gray 04215,footwear,gray,basketball,images/shoe_04215.jpg
shoe_04216,StrideLab Casual Purple 04216,footwear,purple,casual,images/shoe_04216.jpg
shoe_04217,ApexRun Trail Black 04217,footwear,black,trail,images/shoe_04217.jpg
shoe_04218,NovaFit Low-Top Gray 04218,footwear,gray,low-top,images/shoe_04218.jpg
shoe_04219,StrideLab Trail Pink 04219,footwear,pink,trail,images/shoe_04219.jpg
shoe_04220,TrailCore Low-Top Gray 04220,footwear,gray,low-top,images/shoe_04220.jpg
shoe_04221,StrideLab Runner Orange 04221,footwear,orange,runner,images/shoe_04221.jpg
shoe_04222,StrideLab Trail Black 04222,footwear,black,trail,images/shoe_04222.jpg
shoe_04223,StrideLab Casual Red 04223,footwear,red,casual,images/shoe_04223.jpg
shoe_04224,UrbanStep Trainer Yellow 04224,footwear,yellow,trainer,images/shoe_04224.jpg
shoe_04225,PeakWalk High-Top Navy 04225,footwear,navy,high-top,images/shoe_04225.jpg
shoe_04226,MotionX Casual Brown 04226,footwear,brown,casual,images/shoe_04226.jpg
shoe_04227,NovaFit Slip-On Gray 04227,footwear,gray,slip-on,images/shoe_04227.jpg
shoe_04228,StreetFlex Trainer Purple 04228,footwear,purple,trainer,images/shoe_04228.jpg
shoe_04229,UrbanStep Slip-On Purple 04229,footwear,purple,slip-on,images/shoe_04229.jpg
shoe_04230,TrailCore Trainer Red 04230,footwear,red,trainer,images/shoe_04230.jpg
shoe_04231,UrbanStep Low-Top Navy 04231,footwear,navy,low-top,images/shoe_04231.jpg
shoe_04232,StrideLab Runner Red 04232,footwear,red,runner,images/shoe_04232.jpg
shoe_04233,MotionX Slip-On Pink 04233,footwear,pink,slip-on,images/shoe_04233.jpg
shoe_04234,UrbanStep Basketball Red 04234,footwear,red,basketball,images/shoe_04234.jpg
shoe_04235,UrbanStep Low-Top Navy 04235,footwear,navy,low-top,images/shoe_04235.jpg
shoe_04236,NovaFit Basketball Navy 04236,footwear,navy,basketball,images/shoe_04236.jpg
shoe_04237,UrbanStep Casual Black 04237,footwear,black,casual,images/shoe_04237.jpg
shoe_04238,TrailCore Basketball Pink 04238,footwear,pink,basketball,images/shoe_04238.jpg
shoe_04239,NovaFit Runner Yellow 04239,footwear,yellow,runner,images/shoe_04239.jpg
shoe_04240,TrailCore Trail Blue 04240,footwear,blue,trail,images/shoe_04240.jpg
shoe_04241,ApexRun High-Top White 04241,footwear,white,high-top,images/shoe_04241.jpg
shoe_04242,PeakWalk Casual Green 04242,footwear,green,casual,images/shoe_04242.jpg
shoe_04243,TrailCore High-Top Green 04243,footwear,green,high-top,images/shoe_04243.jpg
shoe_04244,StreetFlex Trail Black 04244,footwear,black,trail,images/shoe_04244.jpg
shoe_04245,StrideLab Slip-On Blue 04245,footwear,blue,slip-on,images/shoe_04245.jpg
shoe_04246,UrbanStep Basketball Brown 04246,footwear,brown,basketball,images/shoe_04246.jpg
shoe_04247,TrailCore High-Top Black 04247,footwear,black,high-top,images/shoe_04247.jpg
shoe_04248,NovaFit Low-Top Orange 04248,footwear,orange,low-top,images/shoe_04248.jpg
shoe_04249,MotionX Runner Brown 04249,footwear,brown,runner,images/shoe_04249.jpg
shoe_04250,TrailCore Casual Brown 04250,footwear,brown,casual,images/shoe_04250.jpg
shoe_04251,StreetFlex Trail Pink 04251,footwear,pink,trail,images/shoe_04251.jpg
shoe_04252,StreetFlex High-Top Orange 04252,footwear,orange,high-top,images/shoe_04252.jpg
shoe_04253,PeakWalk Slip-On Navy 04253,footwear,navy,slip-on,images/shoe_04253.jpg
shoe_04254,StreetFlex Basketball Black 04254,footwear,black,basketball,images/shoe_04254.jpg
shoe_04255,UrbanStep High-Top Green 04255,footwear,green,high-top,images/shoe_04255.jpg
shoe_04256,StreetFlex High-Top Brown 04256,footwear,brown,high-top,images/shoe_04256.jpg
shoe_04257,MotionX Casual White 04257,footwear,white,casual,images/shoe_04257.jpg
shoe_04258,StreetFlex High-Top White 04258,footwear,white,high-top,images/shoe_04258.jpg
shoe_04259,MotionX Casual Yellow 04259,footwear,yellow,casual,images/shoe_04259.jpg
shoe_04260,NovaFit High-Top Black 04260,footwear,black,high-top,images/shoe_04260.jpg
shoe_04261,StreetFlex Trainer Pink 04261,footwear,pink,trainer,images/shoe_04261.jpg
shoe_04262,StreetFlex Trail Purple 04262,footwear,purple,trail,images/shoe_04262.jpg
shoe_04263,PeakWalk Runner Red 04263,footwear,red,runner,images/shoe_04263.jpg
shoe_04264,ApexRun Low-Top Black 04264,footwear,black,low-top,images/shoe_04264.jpg
shoe_04265,NovaFit Low-Top Green 04265,footwear,green,low-top,images/shoe_04265.jpg
shoe_04266,StrideLab Runner Red 04266,footwear,red,runner,images/shoe_04266.jpg
shoe_04267,StrideLab Trail Pink 04267,footwear,pink,trail,images/shoe_04267.jpg
shoe_04268,UrbanStep High-Top Red 04268,footwear,red,high-top,images/shoe_04268.jpg
shoe_04269,TrailCore High-Top Green 04269,footwear,green,high-top,images/shoe_04269.jpg
shoe_04270,NovaFit Trainer Pink 04270,footwear,pink,trainer,images/shoe_04270.jpg
shoe_04271,PeakWalk Casual Pink 04271,footwear,pink,casual,images/shoe_04271.jpg
shoe_04272,NovaFit Trail Gray 04272,footwear,gray,trail,images/shoe_04272.jpg
shoe_04273,TrailCore Trail Black 04273,footwear,black,trail,images/shoe_04273.jpg
shoe_04274,NovaFit Low-Top White 04274,footwear,white,low-top,images/shoe_04274.jpg
shoe_04275,TrailCore Trail Purple 04275,footwear,purple,trail,images/shoe_04275.jpg
shoe_04276,UrbanStep Low-Top White 04276,footwear,white,low-top,images/shoe_04276.jpg
shoe_04277,ApexRun Casual Purple 04277,footwear,purple,casual,images/shoe_04277.jpg
shoe_04278,PeakWalk Basketball Purple 04278,footwear,purple,basketball,images/shoe_04278.jpg
shoe_04279,StreetFlex Casual Brown 04279,footwear,brown,casual,images/shoe_04279.jpg
shoe_04280,MotionX Trainer Blue 04280,footwear,blue,trainer,images/shoe_04280.jpg
shoe_04281,StrideLab High-Top Blue 04281,footwear,blue,high-top,images/shoe_04281.jpg
shoe_04282,StreetFlex Casual Brown 04282,footwear,brown,casual,images/shoe_04282.jpg
shoe_04283,ApexRun Trainer Green 04283,footwear,green,trainer,images/shoe_04283.jpg
shoe_04284,UrbanStep Basketball Gray 04284,footwear,gray,basketball,images/shoe_04284.jpg
shoe_04285,UrbanStep High-Top Blue 04285,footwear,blue,high-top,images/shoe_04285.jpg
shoe_04286,StrideLab Low-Top Black 04286,footwear,black,low-top,images/shoe_04286.jpg
shoe_04287,StreetFlex High-Top Pink 04287,footwear,pink,high-top,images/shoe_04287.jpg
shoe_04288,PeakWalk Basketball Black 04288,footwear,black,basketball,images/shoe_04288.jpg
shoe_04289,MotionX Slip-On Orange 04289,footwear,orange,slip-on,images/shoe_04289.jpg
shoe_04290,MotionX Trail Pink 04290,footwear,pink,trail,images/shoe_04290.jpg
shoe_04291,ApexRun Runner Purple 04291,footwear,purple,runner,images/shoe_04291.jpg
shoe_04292,NovaFit Low-Top Black 04292,footwear,black,low-top,images/shoe_04292.jpg
shoe_04293,NovaFit Trail Gray 04293,footwear,gray,trail,images/shoe_04293.jpg
shoe_04294,NovaFit Slip-On Green 04294,footwear,green,slip-on,images/shoe_04294.jpg
shoe_04295,MotionX Casual Purple 04295,footwear,purple,casual,images/shoe_04295.jpg
shoe_04296,PeakWalk Trail Pink 04296,footwear,pink,trail,images/shoe_04296.jpg
shoe_04297,NovaFit High-Top Green 04297,footwear,green,high-top,images/shoe_04297.jpg
shoe_04298,StreetFlex Casual Blue 04298,footwear,blue,casual,images/shoe_04298.jpg
shoe_04299,MotionX Runner Orange 04299,footwear,orange,runner,images/shoe_04299.jpg
shoe_04300,ApexRun Runner Yellow 04300,footwear,yellow,runner,images/shoe_04300.jpg
shoe_04301,StreetFlex Trainer Orange 04301,footwear,orange,trainer,images/shoe_04301.jpg
shoe_04302,PeakWalk Trainer Yellow 04302,footwear,yellow,trainer,images/shoe_04302.jpg
shoe_04303,NovaFit Runner Blue 04303,footwear,blue,runner,images/shoe_04303.jpg
shoe_04304,UrbanStep Casual Green 04304,footwear,green,casual,images/shoe_04304.jpg
shoe_04305,StrideLab Trail Purple 04305,footwear,purple,trail,images/shoe_04305.jpg
shoe_04306,UrbanStep Basketball White 04306,footwear,white,basketball,images/shoe_04306.jpg
shoe_04307,TrailCore Casual Pink 04307,footwear,pink,casual,images/shoe_04307.jpg
shoe_04308,ApexRun Trainer Yellow 04308,footwear,yellow,trainer,images/shoe_04308.jpg
shoe_04309,PeakWalk Basketball Navy 04309,footwear,navy,basketball,images/shoe_04309.jpg
shoe_04310,UrbanStep Runner Navy 04310,footwear,navy,runner,images/shoe_04310.jpg
shoe_04311,StrideLab Basketball Yellow 04311,footwear,yellow,basketball,images/shoe_04311.jpg
shoe_04312,PeakWalk Low-Top Red 04312,footwear,red,low-top,images/shoe_04312.jpg
shoe_04313,NovaFit Trainer Orange 04313,footwear,orange,trainer,images/shoe_04313.jpg
shoe_04314,StrideLab Trainer Green 04314,footwear,green,trainer,images/shoe_04314.jpg
shoe_04315,StreetFlex Slip-On Yellow 04315,footwear,yellow,slip-on,images/shoe_04315.jpg
shoe_04316,StreetFlex Casual Pink 04316,footwear,pink,casual,images/shoe_04316.jpg
shoe_04317,NovaFit Casual Green 04317,footwear,green,casual,images/shoe_04317.jpg
shoe_04318,StreetFlex Slip-On Blue 04318,footwear,blue,slip-on,images/shoe_04318.jpg
shoe_04319,TrailCore Slip-On Green 04319,footwear,green,slip-on,images/shoe_04319.jpg
shoe_04320,StrideLab Slip-On Green 04320,footwear,green,slip-on,images/shoe_04320.jpg
shoe_04321,NovaFit High-Top Green 04321,footwear,green,high-top,images/shoe_04321.jpg
shoe_04322,TrailCore Trainer Pink 04322,footwear,pink,trainer,images/shoe_04322.jpg
shoe_04323,MotionX Slip-On Navy 04323,footwear,navy,slip-on,images/shoe_04323.jpg
shoe_04324,MotionX Trail Pink 04324,footwear,pink,trail,images/shoe_04324.jpg
shoe_04325,NovaFit Slip-On Blue 04325,footwear,blue,slip-on,images/shoe_04325.jpg
shoe_04326,UrbanStep Runner Green 04326,footwear,green,runner,images/shoe_04326.jpg
shoe_04327,ApexRun Trainer Red 04327,footwear,red,trainer,images/shoe_04327.jpg
shoe_04328,NovaFit Basketball Pink 04328,footwear,pink,basketball,images/shoe_04328.jpg
shoe_04329,TrailCore Trail Red 04329,footwear,red,trail,images/shoe_04329.jpg
shoe_04330,StrideLab Slip-On Pink 04330,footwear,pink,slip-on,images/shoe_04330.jpg
shoe_04331,StrideLab Low-Top Blue 04331,footwear,blue,low-top,images/shoe_04331.jpg
shoe_04332,UrbanStep Trail Black 04332,footwear,black,trail,images/shoe_04332.jpg
shoe_04333,StrideLab Low-Top Black 04333,footwear,black,low-top,images/shoe_04333.jpg
shoe_04334,PeakWalk Runner Purple 04334,footwear,purple,runner,images/shoe_04334.jpg
shoe_04335,StreetFlex Slip-On Yellow 04335,footwear,yellow,slip-on,images/shoe_04335.jpg
shoe_04336,NovaFit Slip-On Blue 04336,footwear,blue,slip-on,images/shoe_04336.jpg
shoe_04337,PeakWalk Basketball Yellow 04337,footwear,yellow,basketball,images/shoe_04337.jpg
shoe_04338,UrbanStep Low-Top Pink 04338,footwear,pink,low-top,images/shoe_04338.jpg
shoe_04339,ApexRun Trainer Black 04339,footwear,black,trainer,images/shoe_04339.jpg
shoe_04340,MotionX Slip-On Black 04340,footwear,black,slip-on,images/shoe_04340.jpg
shoe_04341,MotionX Casual Pink 04341,footwear,pink,casual,images/shoe_04341.jpg
shoe_04342,UrbanStep High-Top Orange 04342,footwear,orange,high-top,images/shoe_04342.jpg
shoe_04343,ApexRun Trainer Navy 04343,footwear,navy,trainer,images/shoe_04343.jpg
shoe_04344,StreetFlex Low-Top Black 04344,footwear,black,low-top,images/shoe_04344.jpg
shoe_04345,StrideLab Low-Top White 04345,footwear,white,low-top,images/shoe_04345.jpg
shoe_04346,StreetFlex Trail Blue 04346,footwear,blue,trail,images/shoe_04346.jpg
shoe_04347,NovaFit Basketball Orange 04347,footwear,orange,basketball,images/shoe_04347.jpg
shoe_04348,StreetFlex Basketball Blue 04348,footwear,blue,basketball,images/shoe_04348.jpg
shoe_04349,ApexRun Trail Brown 04349,footwear,brown,trail,images/shoe_04349.jpg
shoe_04350,StrideLab Casual Gray 04350,footwear,gray,casual,images/shoe_04350.jpg
shoe_04351,StrideLab Trainer Pink 04351,footwear,pink,trainer,images/shoe_04351.jpg
shoe_04352,MotionX Basketball Green 04352,footwear,green,basketball,images/shoe_04352.jpg
shoe_04353,StreetFlex Slip-On Blue 04353,footwear,blue,slip-on,images/shoe_04353.jpg
shoe_04354,TrailCore Casual Orange 04354,footwear,orange,casual,images/shoe_04354.jpg
shoe_04355,TrailCore High-Top White 04355,footwear,white,high-top,images/shoe_04355.jpg
shoe_04356,ApexRun Basketball Gray 04356,footwear,gray,basketball,images/shoe_04356.jpg
shoe_04357,UrbanStep Slip-On Blue 04357,footwear,blue,slip-on,images/shoe_04357.jpg
shoe_04358,UrbanStep Casual Blue 04358,footwear,blue,casual,images/shoe_04358.jpg
shoe_04359,ApexRun Low-Top Brown 04359,footwear,brown,low-top,images/shoe_04359.jpg
shoe_04360,MotionX Trainer Blue 04360,footwear,blue,trainer,images/shoe_04360.jpg
shoe_04361,UrbanStep Slip-On Purple 04361,footwear,purple,slip-on,images/shoe_04361.jpg
shoe_04362,TrailCore Casual Green 04362,footwear,green,casual,images/shoe_04362.jpg
shoe_04363,ApexRun High-Top Brown 04363,footwear,brown,high-top,images/shoe_04363.jpg
shoe_04364,PeakWalk Trainer Green 04364,footwear,green,trainer,images/shoe_04364.jpg
shoe_04365,NovaFit Casual Navy 04365,footwear,navy,casual,images/shoe_04365.jpg
shoe_04366,ApexRun Runner Gray 04366,footwear,gray,runner,images/shoe_04366.jpg
shoe_04367,UrbanStep Basketball Gray 04367,footwear,gray,basketball,images/shoe_04367.jpg
shoe_04368,NovaFit Slip-On Pink 04368,footwear,pink,slip-on,images/shoe_04368.jpg
shoe_04369,UrbanStep Runner Pink 04369,footwear,pink,runner,images/shoe_04369.jpg
shoe_04370,PeakWalk High-Top Brown 04370,footwear,brown,high-top,images/shoe_04370.jpg
shoe_04371,StrideLab Slip-On Purple 04371,footwear,purple,slip-on,images/shoe_04371.jpg
shoe_04372,TrailCore Slip-On Purple 04372,footwear,purple,slip-on,images/shoe_04372.jpg
shoe_04373,TrailCore Slip-On Black 04373,footwear,black,slip-on,images/shoe_04373.jpg
shoe_04374,UrbanStep Runner Yellow 04374,footwear,yellow,runner,images/shoe_04374.jpg
shoe_04375,ApexRun Basketball Blue 04375,footwear,blue,basketball,images/shoe_04375.jpg
shoe_04376,MotionX Low-Top Red 04376,footwear,red,low-top,images/shoe_04376.jpg
shoe_04377,StreetFlex Casual Orange 04377,footwear,orange,casual,images/shoe_04377.jpg
shoe_04378,StreetFlex Trail Red 04378,footwear,red,trail,images/shoe_04378.jpg
shoe_04379,TrailCore Low-Top Navy 04379,footwear,navy,low-top,images/shoe_04379.jpg
shoe_04380,UrbanStep Low-Top Blue 04380,footwear,blue,low-top,images/shoe_04380.jpg
shoe_04381,ApexRun Trainer Pink 04381,footwear,pink,trainer,images/shoe_04381.jpg
shoe_04382,UrbanStep Runner Red 04382,footwear,red,runner,images/shoe_04382.jpg
shoe_04383,StrideLab Casual Yellow 04383,footwear,yellow,casual,images/shoe_04383.jpg
shoe_04384,ApexRun Trainer Blue 04384,footwear,blue,trainer,images/shoe_04384.jpg
shoe_04385,TrailCore Runner Blue 04385,footwear,blue,runner,images/shoe_04385.jpg
shoe_04386,NovaFit Slip-On Blue 04386,footwear,blue,slip-on,images/shoe_04386.jpg
shoe_04387,StrideLab Trail Purple 04387,footwear,purple,trail,images/shoe_04387.jpg
shoe_04388,NovaFit High-Top Navy 04388,footwear,navy,high-top,images/shoe_04388.jpg
shoe_04389,ApexRun Basketball Purple 04389,footwear,purple,basketball,images/shoe_04389.jpg
shoe_04390,UrbanStep Casual Purple 04390,footwear,purple,casual,images/shoe_04390.jpg
shoe_04391,StreetFlex Basketball Purple 04391,footwear,purple,basketball,images/shoe_04391.jpg
shoe_04392,UrbanStep Runner Blue 04392,footwear,blue,runner,images/shoe_04392.jpg
shoe_04393,TrailCore Basketball Green 04393,footwear,green,basketball,images/shoe_04393.jpg
shoe_04394,UrbanStep High-Top Black 04394,footwear,black,high-top,images/shoe_04394.jpg
shoe_04395,PeakWalk Slip-On Blue 04395,footwear,blue,slip-on,images/shoe_04395.jpg
shoe_04396,ApexRun Trainer Red 04396,footwear,red,trainer,images/shoe_04396.jpg
shoe_04397,UrbanStep Slip-On Blue 04397,footwear,blue,slip-on,images/shoe_04397.jpg
shoe_04398,MotionX Low-Top Black 04398,footwear,black,low-top,images/shoe_04398.jpg
shoe_04399,ApexRun High-Top Purple 04399,footwear,purple,high-top,images/shoe_04399.jpg
shoe_04400,UrbanStep Trail White 04400,footwear,white,trail,images/shoe_04400.jpg
shoe_04401,MotionX Low-Top Red 04401,footwear,red,low-top,images/shoe_04401.jpg
shoe_04402,ApexRun Basketball Black 04402,footwear,black,basketball,images/shoe_04402.jpg
shoe_04403,MotionX Casual Purple 04403,footwear,purple,casual,images/shoe_04403.jpg
shoe_04404,StrideLab Trail Brown 04404,footwear,brown,trail,images/shoe_04404.jpg
shoe_04405,StreetFlex Trail Purple 04405,footwear,purple,trail,images/shoe_04405.jpg
shoe_04406,StrideLab Casual Green 04406,footwear,green,casual,images/shoe_04406.jpg
shoe_04407,MotionX Low-Top Pink 04407,footwear,pink,low-top,images/shoe_04407.jpg
shoe_04408,StreetFlex Casual Black 04408,footwear,black,casual,images/shoe_04408.jpg
shoe_04409,PeakWalk Trainer Brown 04409,footwear,brown,trainer,images/shoe_04409.jpg
shoe_04410,UrbanStep Trail Red 04410,footwear,red,trail,images/shoe_04410.jpg
shoe_04411,UrbanStep High-Top Yellow 04411,footwear,yellow,high-top,images/shoe_04411.jpg
shoe_04412,ApexRun Basketball Red 04412,footwear,red,basketball,images/shoe_04412.jpg
shoe_04413,NovaFit Basketball Pink 04413,footwear,pink,basketball,images/shoe_04413.jpg
shoe_04414,MotionX Slip-On Orange 04414,footwear,orange,slip-on,images/shoe_04414.jpg
shoe_04415,TrailCore Low-Top Gray 04415,footwear,gray,low-top,images/shoe_04415.jpg
shoe_04416,TrailCore Trainer Purple 04416,footwear,purple,trainer,images/shoe_04416.jpg
shoe_04417,UrbanStep High-Top Purple 04417,footwear,purple,high-top,images/shoe_04417.jpg
shoe_04418,StrideLab Low-Top White 04418,footwear,white,low-top,images/shoe_04418.jpg
shoe_04419,StrideLab Runner White 04419,footwear,white,runner,images/shoe_04419.jpg
shoe_04420,ApexRun Trail Gray 04420,footwear,gray,trail,images/shoe_04420.jpg
shoe_04421,NovaFit Basketball Blue 04421,footwear,blue,basketball,images/shoe_04421.jpg
shoe_04422,StrideLab Runner Navy 04422,footwear,navy,runner,images/shoe_04422.jpg
shoe_04423,PeakWalk Runner Purple 04423,footwear,purple,runner,images/shoe_04423.jpg
shoe_04424,TrailCore Runner Green 04424,footwear,green,runner,images/shoe_04424.jpg
shoe_04425,StreetFlex Low-Top Pink 04425,footwear,pink,low-top,images/shoe_04425.jpg
shoe_04426,StreetFlex Slip-On White 04426,footwear,white,slip-on,images/shoe_04426.jpg
shoe_04427,StrideLab Basketball Red 04427,footwear,red,basketball,images/shoe_04427.jpg
shoe_04428,UrbanStep High-Top Purple 04428,footwear,purple,high-top,images/shoe_04428.jpg
shoe_04429,PeakWalk Low-Top Red 04429,footwear,red,low-top,images/shoe_04429.jpg
shoe_04430,TrailCore Slip-On Orange 04430,footwear,orange,slip-on,images/shoe_04430.jpg
shoe_04431,UrbanStep Trail Blue 04431,footwear,blue,trail,images/shoe_04431.jpg
shoe_04432,StreetFlex Runner Red 04432,footwear,red,runner,images/shoe_04432.jpg
shoe_04433,UrbanStep Low-Top Green 04433,footwear,green,low-top,images/shoe_04433.jpg
shoe_04434,UrbanStep Casual White 04434,footwear,white,casual,images/shoe_04434.jpg
shoe_04435,MotionX Basketball Orange 04435,footwear,orange,basketball,images/shoe_04435.jpg
shoe_04436,TrailCore Casual Pink 04436,footwear,pink,casual,images/shoe_04436.jpg
shoe_04437,TrailCore Runner Blue 04437,footwear,blue,runner,images/shoe_04437.jpg
shoe_04438,MotionX Slip-On Blue 04438,footwear,blue,slip-on,images/shoe_04438.jpg
shoe_04439,ApexRun Trail Green 04439,footwear,green,trail,images/shoe_04439.jpg
shoe_04440,StreetFlex Trail Green 04440,footwear,green,trail,images/shoe_04440.jpg
shoe_04441,PeakWalk Slip-On Black 04441,footwear,black,slip-on,images/shoe_04441.jpg
shoe_04442,ApexRun Low-Top Black 04442,footwear,black,low-top,images/shoe_04442.jpg
shoe_04443,StreetFlex Casual Yellow 04443,footwear,yellow,casual,images/shoe_04443.jpg
shoe_04444,TrailCore Basketball White 04444,footwear,white,basketball,images/shoe_04444.jpg
shoe_04445,PeakWalk Trail Brown 04445,footwear,brown,trail,images/shoe_04445.jpg
shoe_04446,NovaFit Low-Top Green 04446,footwear,green,low-top,images/shoe_04446.jpg
shoe_04447,UrbanStep Trainer Orange 04447,footwear,orange,trainer,images/shoe_04447.jpg
shoe_04448,NovaFit Basketball Pink 04448,footwear,pink,basketball,images/shoe_04448.jpg
shoe_04449,UrbanStep Slip-On Blue 04449,footwear,blue,slip-on,images/shoe_04449.jpg
shoe_04450,PeakWalk Trail Purple 04450,footwear,purple,trail,images/shoe_04450.jpg
shoe_04451,UrbanStep Low-Top Yellow 04451,footwear,yellow,low-top,images/shoe_04451.jpg
shoe_04452,ApexRun Low-Top Yellow 04452,footwear,yellow,low-top,images/shoe_04452.jpg
shoe_04453,NovaFit High-Top Orange 04453,footwear,orange,high-top,images/shoe_04453.jpg
shoe_04454,UrbanStep High-Top Yellow 04454,footwear,yellow,high-top,images/shoe_04454.jpg
shoe_04455,ApexRun Low-Top Pink 04455,footwear,pink,low-top,images/shoe_04455.jpg
shoe_04456,UrbanStep Basketball Brown 04456,footwear,brown,basketball,images/shoe_04456.jpg
shoe_04457,StrideLab Slip-On Red 04457,footwear,red,slip-on,images/shoe_04457.jpg
shoe_04458,NovaFit Basketball White 04458,footwear,white,basketball,images/shoe_04458.jpg
shoe_04459,UrbanStep Runner Blue 04459,footwear,blue,runner,images/shoe_04459.jpg
shoe_04460,StreetFlex Basketball Pink 04460,footwear,pink,basketball,images/shoe_04460.jpg
shoe_04461,TrailCore Casual Brown 04461,footwear,brown,casual,images/shoe_04461.jpg
shoe_04462,PeakWalk Trainer Orange 04462,footwear,orange,trainer,images/shoe_04462.jpg
shoe_04463,NovaFit Low-Top Brown 04463,footwear,brown,low-top,images/shoe_04463.jpg
shoe_04464,UrbanStep Slip-On Red 04464,footwear,red,slip-on,images/shoe_04464.jpg
shoe_04465,NovaFit Casual Black 04465,footwear,black,casual,images/shoe_04465.jpg
shoe_04466,MotionX Basketball White 04466,footwear,white,basketball,images/shoe_04466.jpg
shoe_04467,StreetFlex Runner Pink 04467,footwear,pink,runner,images/shoe_04467.jpg
shoe_04468,TrailCore Trainer White 04468,footwear,white,trainer,images/shoe_04468.jpg
shoe_04469,TrailCore High-Top Navy 04469,footwear,navy,high-top,images/shoe_04469.jpg
shoe_04470,ApexRun Runner Brown 04470,footwear,brown,runner,images/shoe_04470.jpg
shoe_04471,UrbanStep Trainer Green 04471,footwear,green,trainer,images/shoe_04471.jpg
shoe_04472,UrbanStep High-Top White 04472,footwear,white,high-top,images/shoe_04472.jpg
shoe_04473,UrbanStep High-Top Red 04473,footwear,red,high-top,images/shoe_04473.jpg
shoe_04474,MotionX Basketball White 04474,footwear,white,basketball,images/shoe_04474.jpg
shoe_04475,StreetFlex High-Top Gray 04475,footwear,gray,high-top,images/shoe_04475.jpg
shoe_04476,NovaFit Low-Top Gray 04476,footwear,gray,low-top,images/shoe_04476.jpg
shoe_04477,PeakWalk Casual Gray 04477,footwear,gray,casual,images/shoe_04477.jpg
shoe_04478,ApexRun Slip-On Orange 04478,footwear,orange,slip-on,images/shoe_04478.jpg
shoe_04479,StreetFlex High-Top White 04479,footwear,white,high-top,images/shoe_04479.jpg
shoe_04480,NovaFit Runner Green 04480,footwear,green,runner,images/shoe_04480.jpg
shoe_04481,UrbanStep Slip-On Green 04481,footwear,green,slip-on,images/shoe_04481.jpg
shoe_04482,ApexRun Runner Brown 04482,footwear,brown,runner,images/shoe_04482.jpg
shoe_04483,PeakWalk Low-Top Orange 04483,footwear,orange,low-top,images/shoe_04483.jpg
shoe_04484,TrailCore Trail Purple 04484,footwear,purple,trail,images/shoe_04484.jpg
shoe_04485,NovaFit Basketball Yellow 04485,footwear,yellow,basketball,images/shoe_04485.jpg
shoe_04486,MotionX Casual Brown 04486,footwear,brown,casual,images/shoe_04486.jpg
shoe_04487,StrideLab Slip-On Orange 04487,footwear,orange,slip-on,images/shoe_04487.jpg
shoe_04488,UrbanStep Casual Pink 04488,footwear,pink,casual,images/shoe_04488.jpg
shoe_04489,UrbanStep Slip-On Blue 04489,footwear,blue,slip-on,images/shoe_04489.jpg
shoe_04490,NovaFit Low-Top White 04490,footwear,white,low-top,images/shoe_04490.jpg
shoe_04491,StrideLab Low-Top Red 04491,footwear,red,low-top,images/shoe_04491.jpg
shoe_04492,ApexRun Low-Top Blue 04492,footwear,blue,low-top,images/shoe_04492.jpg
shoe_04493,ApexRun High-Top Green 04493,footwear,green,high-top,images/shoe_04493.jpg
shoe_04494,MotionX Low-Top Green 04494,footwear,green,low-top,images/shoe_04494.jpg
shoe_04495,StrideLab Trainer Gray 04495,footwear,gray,trainer,images/shoe_04495.jpg
shoe_04496,StrideLab Trail Green 04496,footwear,green,trail,images/shoe_04496.jpg
shoe_04497,PeakWalk Trail White 04497,footwear,white,trail,images/shoe_04497.jpg
shoe_04498,MotionX Casual Red 04498,footwear,red,casual,images/shoe_04498.jpg
shoe_04499,UrbanStep High-Top Pink 04499,footwear,pink,high-top,images/shoe_04499.jpg
shoe_04500,StrideLab Trainer Gray 04500,footwear,gray,trainer,images/shoe_04500.jpg
shoe_04501,ApexRun Runner Navy 04501,footwear,navy,runner,images/shoe_04501.jpg
shoe_04502,NovaFit Casual Blue 04502,footwear,blue,casual,images/shoe_04502.jpg
shoe_04503,UrbanStep Runner Orange 04503,footwear,orange,runner,images/shoe_04503.jpg
shoe_04504,ApexRun Runner Navy 04504,footwear,navy,runner,images/shoe_04504.jpg
shoe_04505,TrailCore Basketball Black 04505,footwear,black,basketball,images/shoe_04505.jpg
shoe_04506,StreetFlex Low-Top Navy 04506,footwear,navy,low-top,images/shoe_04506.jpg
shoe_04507,TrailCore Casual Blue 04507,footwear,blue,casual,images/shoe_04507.jpg
shoe_04508,StreetFlex Runner White 04508,footwear,white,runner,images/shoe_04508.jpg
shoe_04509,StreetFlex Runner Brown 04509,footwear,brown,runner,images/shoe_04509.jpg
shoe_04510,TrailCore Slip-On Red 04510,footwear,red,slip-on,images/shoe_04510.jpg
shoe_04511,ApexRun Trainer Gray 04511,footwear,gray,trainer,images/shoe_04511.jpg
shoe_04512,NovaFit Low-Top Yellow 04512,footwear,yellow,low-top,images/shoe_04512.jpg
shoe_04513,ApexRun Low-Top Pink 04513,footwear,pink,low-top,images/shoe_04513.jpg
shoe_04514,NovaFit Trail Black 04514,footwear,black,trail,images/shoe_04514.jpg
shoe_04515,UrbanStep Casual Gray 04515,footwear,gray,casual,images/shoe_04515.jpg
shoe_04516,TrailCore Casual Purple 04516,footwear,purple,casual,images/shoe_04516.jpg
shoe_04517,TrailCore Low-Top Blue 04517,footwear,blue,low-top,images/shoe_04517.jpg
shoe_04518,TrailCore Casual Gray 04518,footwear,gray,casual,images/shoe_04518.jpg
shoe_04519,NovaFit Trail Blue 04519,footwear,blue,trail,images/shoe_04519.jpg
shoe_04520,StreetFlex High-Top Navy 04520,footwear,navy,high-top,images/shoe_04520.jpg
shoe_04521,NovaFit High-Top Brown 04521,footwear,brown,high-top,images/shoe_04521.jpg
shoe_04522,PeakWalk Casual Red 04522,footwear,red,casual,images/shoe_04522.jpg
shoe_04523,NovaFit Trainer White 04523,footwear,white,trainer,images/shoe_04523.jpg
shoe_04524,StrideLab Slip-On Gray 04524,footwear,gray,slip-on,images/shoe_04524.jpg
shoe_04525,TrailCore High-Top Black 04525,footwear,black,high-top,images/shoe_04525.jpg
shoe_04526,TrailCore Low-Top Red 04526,footwear,red,low-top,images/shoe_04526.jpg
shoe_04527,StrideLab Low-Top Blue 04527,footwear,blue,low-top,images/shoe_04527.jpg
shoe_04528,StreetFlex Trainer Brown 04528,footwear,brown,trainer,images/shoe_04528.jpg
shoe_04529,StrideLab Trail Red 04529,footwear,red,trail,images/shoe_04529.jpg
shoe_04530,StreetFlex Trail Gray 04530,footwear,gray,trail,images/shoe_04530.jpg
shoe_04531,NovaFit Runner Navy 04531,footwear,navy,runner,images/shoe_04531.jpg
shoe_04532,NovaFit Trail Purple 04532,footwear,purple,trail,images/shoe_04532.jpg
shoe_04533,NovaFit Runner White 04533,footwear,white,runner,images/shoe_04533.jpg
shoe_04534,UrbanStep Basketball Brown 04534,footwear,brown,basketball,images/shoe_04534.jpg
shoe_04535,MotionX High-Top Black 04535,footwear,black,high-top,images/shoe_04535.jpg
shoe_04536,UrbanStep High-Top Blue 04536,footwear,blue,high-top,images/shoe_04536.jpg
shoe_04537,NovaFit Trail Purple 04537,footwear,purple,trail,images/shoe_04537.jpg
shoe_04538,StrideLab Trail White 04538,footwear,white,trail,images/shoe_04538.jpg
shoe_04539,TrailCore Casual Yellow 04539,footwear,yellow,casual,images/shoe_04539.jpg
shoe_04540,StreetFlex Slip-On Gray 04540,footwear,gray,slip-on,images/shoe_04540.jpg
shoe_04541,UrbanStep Trail Brown 04541,footwear,brown,trail,images/shoe_04541.jpg
shoe_04542,UrbanStep Runner Navy 04542,footwear,navy,runner,images/shoe_04542.jpg
shoe_04543,NovaFit Casual Navy 04543,footwear,navy,casual,images/shoe_04543.jpg
shoe_04544,NovaFit Casual Yellow 04544,footwear,yellow,casual,images/shoe_04544.jpg
shoe_04545,StrideLab Basketball Red 04545,footwear,red,basketball,images/shoe_04545.jpg
shoe_04546,PeakWalk Basketball Red 04546,footwear,red,basketball,images/shoe_04546.jpg
shoe_04547,UrbanStep Slip-On Blue 04547,footwear,blue,slip-on,images/shoe_04547.jpg
shoe_04548,TrailCore Basketball Yellow 04548,footwear,yellow,basketball,images/shoe_04548.jpg
shoe_04549,NovaFit Slip-On Pink 04549,footwear,pink,slip-on,images/shoe_04549.jpg
shoe_04550,PeakWalk Runner Brown 04550,footwear,brown,runner,images/shoe_04550.jpg
shoe_04551,UrbanStep Slip-On Navy 04551,footwear,navy,slip-on,images/shoe_04551.jpg
shoe_04552,PeakWalk Runner Pink 04552,footwear,pink,runner,images/shoe_04552.jpg
shoe_04553,UrbanStep Trail Green 04553,footwear,green,trail,images/shoe_04553.jpg
shoe_04554,NovaFit Casual Pink 04554,footwear,pink,casual,images/shoe_04554.jpg
shoe_04555,StrideLab Slip-On Pink 04555,footwear,pink,slip-on,images/shoe_04555.jpg
shoe_04556,PeakWalk Casual Purple 04556,footwear,purple,casual,images/shoe_04556.jpg
shoe_04557,PeakWalk Runner Black 04557,footwear,black,runner,images/shoe_04557.jpg
shoe_04558,MotionX Trail Green 04558,footwear,green,trail,images/shoe_04558.jpg
shoe_04559,MotionX Basketball Gray 04559,footwear,gray,basketball,images/shoe_04559.jpg
shoe_04560,StrideLab Slip-On Orange 04560,footwear,orange,slip-on,images/shoe_04560.jpg
shoe_04561,MotionX Trainer Gray 04561,footwear,gray,trainer,images/shoe_04561.jpg
shoe_04562,PeakWalk Casual White 04562,footwear,white,casual,images/shoe_04562.jpg
shoe_04563,PeakWalk Slip-On Blue 04563,footwear,blue,slip-on,images/shoe_04563.jpg
shoe_04564,TrailCore Basketball Gray 04564,footwear,gray,basketball,images/shoe_04564.jpg
shoe_04565,NovaFit High-Top Orange 04565,footwear,orange,high-top,images/shoe_04565.jpg
shoe_04566,MotionX Runner Green 04566,footwear,green,runner,images/shoe_04566.jpg
shoe_04567,ApexRun Basketball Green 04567,footwear,green,basketball,images/shoe_04567.jpg
shoe_04568,NovaFit Low-Top Pink 04568,footwear,pink,low-top,images/shoe_04568.jpg
shoe_04569,UrbanStep Basketball Black 04569,footwear,black,basketball,images/shoe_04569.jpg
shoe_04570,UrbanStep Runner White 04570,footwear,white,runner,images/shoe_04570.jpg
shoe_04571,PeakWalk Low-Top Orange 04571,footwear,orange,low-top,images/shoe_04571.jpg
shoe_04572,NovaFit Casual Black 04572,footwear,black,casual,images/shoe_04572.jpg
shoe_04573,ApexRun Runner Green 04573,footwear,green,runner,images/shoe_04573.jpg
shoe_04574,MotionX Low-Top Gray 04574,footwear,gray,low-top,images/shoe_04574.jpg
shoe_04575,StreetFlex Slip-On Gray 04575,footwear,gray,slip-on,images/shoe_04575.jpg
shoe_04576,TrailCore High-Top Gray 04576,footwear,gray,high-top,images/shoe_04576.jpg
shoe_04577,ApexRun Trainer Black 04577,footwear,black,trainer,images/shoe_04577.jpg
shoe_04578,MotionX Trail Yellow 04578,footwear,yellow,trail,images/shoe_04578.jpg
shoe_04579,PeakWalk Trainer Brown 04579,footwear,brown,trainer,images/shoe_04579.jpg
shoe_04580,StreetFlex High-Top Green 04580,footwear,green,high-top,images/shoe_04580.jpg
shoe_04581,ApexRun Trainer Orange 04581,footwear,orange,trainer,images/shoe_04581.jpg
shoe_04582,StreetFlex Trail Red 04582,footwear,red,trail,images/shoe_04582.jpg
shoe_04583,ApexRun Runner Black 04583,footwear,black,runner,images/shoe_04583.jpg
shoe_04584,StreetFlex Runner Blue 04584,footwear,blue,runner,images/shoe_04584.jpg
shoe_04585,NovaFit Casual Navy 04585,footwear,navy,casual,images/shoe_04585.jpg
shoe_04586,TrailCore Basketball White 04586,footwear,white,basketball,images/shoe_04586.jpg
shoe_04587,NovaFit Basketball Black 04587,footwear,black,basketball,images/shoe_04587.jpg
shoe_04588,MotionX High-Top Green 04588,footwear,green,high-top,images/shoe_04588.jpg
shoe_04589,PeakWalk Trainer Pink 04589,footwear,pink,trainer,images/shoe_04589.jpg
shoe_04590,NovaFit Slip-On Gray 04590,footwear,gray,slip-on,images/shoe_04590.jpg
shoe_04591,PeakWalk Runner Purple 04591,footwear,purple,runner,images/shoe_04591.jpg
shoe_04592,StrideLab Runner Navy 04592,footwear,navy,runner,images/shoe_04592.jpg
shoe_04593,UrbanStep Trail Gray 04593,footwear,gray,trail,images/shoe_04593.jpg
shoe_04594,ApexRun Runner Orange 04594,footwear,orange,runner,images/shoe_04594.jpg
shoe_04595,NovaFit Trainer White 04595,footwear,white,trainer,images/shoe_04595.jpg
shoe_04596,ApexRun High-Top Yellow 04596,footwear,yellow,high-top,images/shoe_04596.jpg
shoe_04597,MotionX Slip-On Blue 04597,footwear,blue,slip-on,images/shoe_04597.jpg
shoe_04598,UrbanStep Slip-On Green 04598,footwear,green,slip-on,images/shoe_04598.jpg
shoe_04599,NovaFit Runner Pink 04599,footwear,pink,runner,images/shoe_04599.jpg
shoe_04600,StreetFlex Slip-On Purple 04600,footwear,purple,slip-on,images/shoe_04600.jpg
shoe_04601,StreetFlex Casual Orange 04601,footwear,orange,casual,images/shoe_04601.jpg
shoe_04602,ApexRun Slip-On Red 04602,footwear,red,slip-on,images/shoe_04602.jpg
shoe_04603,UrbanStep Low-Top Orange 04603,footwear,orange,low-top,images/shoe_04603.jpg
shoe_04604,StreetFlex Basketball White 04604,footwear,white,basketball,images/shoe_04604.jpg
shoe_04605,PeakWalk Casual Pink 04605,footwear,pink,casual,images/shoe_04605.jpg
shoe_04606,NovaFit Basketball Red 04606,footwear,red,basketball,images/shoe_04606.jpg
shoe_04607,UrbanStep Low-Top Red 04607,footwear,red,low-top,images/shoe_04607.jpg
shoe_04608,StreetFlex Runner White 04608,footwear,white,runner,images/shoe_04608.jpg
shoe_04609,MotionX Trainer Blue 04609,footwear,blue,trainer,images/shoe_04609.jpg
shoe_04610,MotionX Runner Purple 04610,footwear,purple,runner,images/shoe_04610.jpg
shoe_04611,PeakWalk Slip-On Purple 04611,footwear,purple,slip-on,images/shoe_04611.jpg
shoe_04612,MotionX Slip-On Orange 04612,footwear,orange,slip-on,images/shoe_04612.jpg
shoe_04613,StreetFlex Basketball Brown 04613,footwear,brown,basketball,images/shoe_04613.jpg
shoe_04614,NovaFit Trainer Pink 04614,footwear,pink,trainer,images/shoe_04614.jpg
shoe_04615,StrideLab Low-Top Yellow 04615,footwear,yellow,low-top,images/shoe_04615.jpg
shoe_04616,StreetFlex Trainer Blue 04616,footwear,blue,trainer,images/shoe_04616.jpg
shoe_04617,StrideLab Trail Black 04617,footwear,black,trail,images/shoe_04617.jpg
shoe_04618,StreetFlex Slip-On Red 04618,footwear,red,slip-on,images/shoe_04618.jpg
shoe_04619,TrailCore Basketball Navy 04619,footwear,navy,basketball,images/shoe_04619.jpg
shoe_04620,ApexRun Low-Top White 04620,footwear,white,low-top,images/shoe_04620.jpg
shoe_04621,NovaFit Trainer Black 04621,footwear,black,trainer,images/shoe_04621.jpg
shoe_04622,StrideLab Low-Top Red 04622,footwear,red,low-top,images/shoe_04622.jpg
shoe_04623,TrailCore Trail White 04623,footwear,white,trail,images/shoe_04623.jpg
shoe_04624,PeakWalk Low-Top Brown 04624,footwear,brown,low-top,images/shoe_04624.jpg
shoe_04625,NovaFit Low-Top Purple 04625,footwear,purple,low-top,images/shoe_04625.jpg
shoe_04626,StreetFlex Trainer Green 04626,footwear,green,trainer,images/shoe_04626.jpg
shoe_04627,StreetFlex Basketball Gray 04627,footwear,gray,basketball,images/shoe_04627.jpg
shoe_04628,UrbanStep Basketball Gray 04628,footwear,gray,basketball,images/shoe_04628.jpg
shoe_04629,UrbanStep Slip-On Red 04629,footwear,red,slip-on,images/shoe_04629.jpg
shoe_04630,UrbanStep Basketball Brown 04630,footwear,brown,basketball,images/shoe_04630.jpg
shoe_04631,StrideLab Basketball Navy 04631,footwear,navy,basketball,images/shoe_04631.jpg
shoe_04632,StreetFlex High-Top Orange 04632,footwear,orange,high-top,images/shoe_04632.jpg
shoe_04633,StrideLab Basketball Purple 04633,footwear,purple,basketball,images/shoe_04633.jpg
shoe_04634,ApexRun High-Top Purple 04634,footwear,purple,high-top,images/shoe_04634.jpg
shoe_04635,ApexRun Runner Yellow 04635,footwear,yellow,runner,images/shoe_04635.jpg
shoe_04636,StrideLab Slip-On Yellow 04636,footwear,yellow,slip-on,images/shoe_04636.jpg
shoe_04637,PeakWalk Trail Green 04637,footwear,green,trail,images/shoe_04637.jpg
shoe_04638,PeakWalk Slip-On Green 04638,footwear,green,slip-on,images/shoe_04638.jpg
shoe_04639,TrailCore Basketball Blue 04639,footwear,blue,basketball,images/shoe_04639.jpg
shoe_04640,MotionX Low-Top Yellow 04640,footwear,yellow,low-top,images/shoe_04640.jpg
shoe_04641,StrideLab Slip-On Purple 04641,footwear,purple,slip-on,images/shoe_04641.jpg
shoe_04642,StreetFlex High-Top Purple 04642,footwear,purple,high-top,images/shoe_04642.jpg
shoe_04643,PeakWalk Slip-On Pink 04643,footwear,pink,slip-on,images/shoe_04643.jpg
shoe_04644,MotionX Slip-On Blue 04644,footwear,blue,slip-on,images/shoe_04644.jpg
shoe_04645,ApexRun Trainer Pink 04645,footwear,pink,trainer,images/shoe_04645.jpg
shoe_04646,PeakWalk Trainer Yellow 04646,footwear,yellow,trainer,images/shoe_04646.jpg
shoe_04647,TrailCore Runner Gray 04647,footwear,gray,runner,images/shoe_04647.jpg
shoe_04648,TrailCore High-Top Blue 04648,footwear,blue,high-top,images/shoe_04648.jpg
shoe_04649,StrideLab High-Top Orange 04649,footwear,orange,high-top,images/shoe_04649.jpg
shoe_04650,TrailCore Trainer Navy 04650,footwear,navy,trainer,images/shoe_04650.jpg
shoe_04651,NovaFit Low-Top Brown 04651,footwear,brown,low-top,images/shoe_04651.jpg
shoe_04652,UrbanStep Trail Black 04652,footwear,black,trail,images/shoe_04652.jpg
shoe_04653,StreetFlex High-Top Gray 04653,footwear,gray,high-top,images/shoe_04653.jpg
shoe_04654,PeakWalk Trail Red 04654,footwear,red,trail,images/shoe_04654.jpg
shoe_04655,MotionX Runner Blue 04655,footwear,blue,runner,images/shoe_04655.jpg
shoe_04656,UrbanStep Casual Gray 04656,footwear,gray,casual,images/shoe_04656.jpg
shoe_04657,StreetFlex High-Top Yellow 04657,footwear,yellow,high-top,images/shoe_04657.jpg
shoe_04658,PeakWalk High-Top Red 04658,footwear,red,high-top,images/shoe_04658.jpg
shoe_04659,NovaFit Slip-On Navy 04659,footwear,navy,slip-on,images/shoe_04659.jpg
shoe_04660,StreetFlex Trainer Yellow 04660,footwear,yellow,trainer,images/shoe_04660.jpg
shoe_04661,PeakWalk Trainer Navy 04661,footwear,navy,trainer,images/shoe_04661.jpg
shoe_04662,StrideLab Runner Gray 04662,footwear,gray,runner,images/shoe_04662.jpg
shoe_04663,StreetFlex High-Top Gray 04663,footwear,gray,high-top,images/shoe_04663.jpg
shoe_04664,TrailCore Trail Orange 04664,footwear,orange,trail,images/shoe_04664.jpg
shoe_04665,NovaFit Slip-On Green 04665,footwear,green,slip-on,images/shoe_04665.jpg
shoe_04666,PeakWalk High-Top Purple 04666,footwear,purple,high-top,images/shoe_04666.jpg
shoe_04667,UrbanStep Casual Purple 04667,footwear,purple,casual,images/shoe_04667.jpg
shoe_04668,StrideLab Casual Pink 04668,footwear,pink,casual,images/shoe_04668.jpg
shoe_04669,TrailCore Trainer Green 04669,footwear,green,trainer,images/shoe_04669.jpg
shoe_04670,MotionX Low-Top Orange 04670,footwear,orange,low-top,images/shoe_04670.jpg
shoe_04671,MotionX Casual Orange 04671,footwear,orange,casual,images/shoe_04671.jpg
shoe_04672,ApexRun Runner Yellow 04672,footwear,yellow,runner,images/shoe_04672.jpg
shoe_04673,StrideLab Runner Navy 04673,footwear,navy,runner,images/shoe_04673.jpg
shoe_04674,PeakWalk Basketball Black 04674,footwear,black,basketball,images/shoe_04674.jpg
shoe_04675,TrailCore Runner Blue 04675,footwear,blue,runner,images/shoe_04675.jpg
shoe_04676,UrbanStep Basketball Brown 04676,footwear,brown,basketball,images/shoe_04676.jpg
shoe_04677,NovaFit High-Top White 04677,footwear,white,high-top,images/shoe_04677.jpg
shoe_04678,MotionX Slip-On Brown 04678,footwear,brown,slip-on,images/shoe_04678.jpg
shoe_04679,NovaFit Slip-On Red 04679,footwear,red,slip-on,images/shoe_04679.jpg
shoe_04680,PeakWalk Slip-On Green 04680,footwear,green,slip-on,images/shoe_04680.jpg
shoe_04681,PeakWalk Basketball Pink 04681,footwear,pink,basketball,images/shoe_04681.jpg
shoe_04682,PeakWalk Basketball Red 04682,footwear,red,basketball,images/shoe_04682.jpg
shoe_04683,UrbanStep Basketball Yellow 04683,footwear,yellow,basketball,images/shoe_04683.jpg
shoe_04684,ApexRun High-Top Gray 04684,footwear,gray,high-top,images/shoe_04684.jpg
shoe_04685,StrideLab Low-Top Red 04685,footwear,red,low-top,images/shoe_04685.jpg
shoe_04686,StrideLab Trail Purple 04686,footwear,purple,trail,images/shoe_04686.jpg
shoe_04687,TrailCore Slip-On Red 04687,footwear,red,slip-on,images/shoe_04687.jpg
shoe_04688,StrideLab Trail Brown 04688,footwear,brown,trail,images/shoe_04688.jpg
shoe_04689,StreetFlex Runner Purple 04689,footwear,purple,runner,images/shoe_04689.jpg
shoe_04690,MotionX Slip-On Pink 04690,footwear,pink,slip-on,images/shoe_04690.jpg
shoe_04691,MotionX High-Top Yellow 04691,footwear,yellow,high-top,images/shoe_04691.jpg
shoe_04692,PeakWalk Casual Blue 04692,footwear,blue,casual,images/shoe_04692.jpg
shoe_04693,StrideLab Casual Red 04693,footwear,red,casual,images/shoe_04693.jpg
shoe_04694,TrailCore Low-Top White 04694,footwear,white,low-top,images/shoe_04694.jpg
shoe_04695,TrailCore Runner Brown 04695,footwear,brown,runner,images/shoe_04695.jpg
shoe_04696,NovaFit Basketball Gray 04696,footwear,gray,basketball,images/shoe_04696.jpg
shoe_04697,StrideLab High-Top Gray 04697,footwear,gray,high-top,images/shoe_04697.jpg
shoe_04698,PeakWalk Trainer Pink 04698,footwear,pink,trainer,images/shoe_04698.jpg
shoe_04699,MotionX High-Top Gray 04699,footwear,gray,high-top,images/shoe_04699.jpg
shoe_04700,ApexRun Runner Yellow 04700,footwear,yellow,runner,images/shoe_04700.jpg
shoe_04701,StrideLab Low-Top Navy 04701,footwear,navy,low-top,images/shoe_04701.jpg
shoe_04702,ApexRun Trail Purple 04702,footwear,purple,trail,images/shoe_04702.jpg
shoe_04703,UrbanStep Basketball Yellow 04703,footwear,yellow,basketball,images/shoe_04703.jpg
shoe_04704,NovaFit Casual Gray 04704,footwear,gray,casual,images/shoe_04704.jpg
shoe_04705,TrailCore Trainer Pink 04705,footwear,pink,trainer,images/shoe_04705.jpg
shoe_04706,StreetFlex High-Top Yellow 04706,footwear,yellow,high-top,images/shoe_04706.jpg
shoe_04707,PeakWalk Runner Navy 04707,footwear,navy,runner,images/shoe_04707.jpg
shoe_04708,StreetFlex Runner Navy 04708,footwear,navy,runner,images/shoe_04708.jpg
shoe_04709,NovaFit Low-Top Blue 04709,footwear,blue,low-top,images/shoe_04709.jpg
shoe_04710,StrideLab High-Top Black 04710,footwear,black,high-top,images/shoe_04710.jpg
shoe_04711,StrideLab Trainer Pink 04711,footwear,pink,trainer,images/shoe_04711.jpg
shoe_04712,UrbanStep Trainer Black 04712,footwear,black,trainer,images/shoe_04712.jpg
shoe_04713,MotionX Trail Pink 04713,footwear,pink,trail,images/shoe_04713.jpg
shoe_04714,StreetFlex Basketball Red 04714,footwear,red,basketball,images/shoe_04714.jpg
shoe_04715,NovaFit Trainer White 04715,footwear,white,trainer,images/shoe_04715.jpg
shoe_04716,StreetFlex Runner Black 04716,footwear,black,runner,images/shoe_04716.jpg
shoe_04717,StrideLab High-Top Gray 04717,footwear,gray,high-top,images/shoe_04717.jpg
shoe_04718,StreetFlex Slip-On Black 04718,footwear,black,slip-on,images/shoe_04718.jpg
shoe_04719,MotionX Low-Top Black 04719,footwear,black,low-top,images/shoe_04719.jpg
shoe_04720,TrailCore Trail Blue 04720,footwear,blue,trail,images/shoe_04720.jpg
shoe_04721,StreetFlex High-Top Orange 04721,footwear,orange,high-top,images/shoe_04721.jpg
shoe_04722,TrailCore Trail Navy 04722,footwear,navy,trail,images/shoe_04722.jpg
shoe_04723,UrbanStep Casual Orange 04723,footwear,orange,casual,images/shoe_04723.jpg
shoe_04724,TrailCore High-Top Purple 04724,footwear,purple,high-top,images/shoe_04724.jpg
shoe_04725,NovaFit Basketball Navy 04725,footwear,navy,basketball,images/shoe_04725.jpg
shoe_04726,TrailCore Trainer Pink 04726,footwear,pink,trainer,images/shoe_04726.jpg
shoe_04727,ApexRun Trainer Yellow 04727,footwear,yellow,trainer,images/shoe_04727.jpg
shoe_04728,StreetFlex Runner Navy 04728,footwear,navy,runner,images/shoe_04728.jpg
shoe_04729,NovaFit Basketball Gray 04729,footwear,gray,basketball,images/shoe_04729.jpg
shoe_04730,MotionX Basketball White 04730,footwear,white,basketball,images/shoe_04730.jpg
shoe_04731,StrideLab Trainer Purple 04731,footwear,purple,trainer,images/shoe_04731.jpg
shoe_04732,NovaFit Basketball Brown 04732,footwear,brown,basketball,images/shoe_04732.jpg
shoe_04733,PeakWalk Trainer Orange 04733,footwear,orange,trainer,images/shoe_04733.jpg
shoe_04734,StreetFlex Low-Top Pink 04734,footwear,pink,low-top,images/shoe_04734.jpg
shoe_04735,StrideLab High-Top Yellow 04735,footwear,yellow,high-top,images/shoe_04735.jpg
shoe_04736,TrailCore Slip-On Orange 04736,footwear,orange,slip-on,images/shoe_04736.jpg
shoe_04737,UrbanStep Runner Orange 04737,footwear,orange,runner,images/shoe_04737.jpg
shoe_04738,PeakWalk Trainer Gray 04738,footwear,gray,trainer,images/shoe_04738.jpg
shoe_04739,PeakWalk Low-Top Purple 04739,footwear,purple,low-top,images/shoe_04739.jpg
shoe_04740,NovaFit Low-Top Black 04740,footwear,black,low-top,images/shoe_04740.jpg
shoe_04741,NovaFit Casual Brown 04741,footwear,brown,casual,images/shoe_04741.jpg
shoe_04742,TrailCore Basketball Black 04742,footwear,black,basketball,images/shoe_04742.jpg
shoe_04743,StrideLab Low-Top Green 04743,footwear,green,low-top,images/shoe_04743.jpg
shoe_04744,MotionX Slip-On Orange 04744,footwear,orange,slip-on,images/shoe_04744.jpg
shoe_04745,StrideLab Casual White 04745,footwear,white,casual,images/shoe_04745.jpg
shoe_04746,PeakWalk High-Top Black 04746,footwear,black,high-top,images/shoe_04746.jpg
shoe_04747,StreetFlex Trainer Yellow 04747,footwear,yellow,trainer,images/shoe_04747.jpg
shoe_04748,NovaFit Slip-On Gray 04748,footwear,gray,slip-on,images/shoe_04748.jpg
shoe_04749,StreetFlex Runner Green 04749,footwear,green,runner,images/shoe_04749.jpg
shoe_04750,TrailCore Runner White 04750,footwear,white,runner,images/shoe_04750.jpg
shoe_04751,UrbanStep Runner Brown 04751,footwear,brown,runner,images/shoe_04751.jpg
shoe_04752,ApexRun Trainer Purple 04752,footwear,purple,trainer,images/shoe_04752.jpg
shoe_04753,PeakWalk Low-Top Green 04753,footwear,green,low-top,images/shoe_04753.jpg
shoe_04754,NovaFit Trainer Orange 04754,footwear,orange,trainer,images/shoe_04754.jpg
shoe_04755,MotionX High-Top Red 04755,footwear,red,high-top,images/shoe_04755.jpg
shoe_04756,MotionX Slip-On Brown 04756,footwear,brown,slip-on,images/shoe_04756.jpg
shoe_04757,TrailCore High-Top Purple 04757,footwear,purple,high-top,images/shoe_04757.jpg
shoe_04758,TrailCore Basketball Pink 04758,footwear,pink,basketball,images/shoe_04758.jpg
shoe_04759,ApexRun Casual Black 04759,footwear,black,casual,images/shoe_04759.jpg
shoe_04760,NovaFit Trail Orange 04760,footwear,orange,trail,images/shoe_04760.jpg
shoe_04761,UrbanStep Runner Green 04761,footwear,green,runner,images/shoe_04761.jpg
shoe_04762,PeakWalk Slip-On Red 04762,footwear,red,slip-on,images/shoe_04762.jpg
shoe_04763,StreetFlex Basketball Green 04763,footwear,green,basketball,images/shoe_04763.jpg
shoe_04764,StreetFlex Trainer White 04764,footwear,white,trainer,images/shoe_04764.jpg
shoe_04765,UrbanStep Trail Gray 04765,footwear,gray,trail,images/shoe_04765.jpg
shoe_04766,PeakWalk High-Top Purple 04766,footwear,purple,high-top,images/shoe_04766.jpg
shoe_04767,ApexRun Trainer Green 04767,footwear,green,trainer,images/shoe_04767.jpg
shoe_04768,StrideLab Casual Brown 04768,footwear,brown,casual,images/shoe_04768.jpg
shoe_04769,MotionX Casual White 04769,footwear,white,casual,images/shoe_04769.jpg
shoe_04770,TrailCore Runner Navy 04770,footwear,navy,runner,images/shoe_04770.jpg
shoe_04771,StrideLab Trainer Green 04771,footwear,green,trainer,images/shoe_04771.jpg
shoe_04772,TrailCore Trail Gray 04772,footwear,gray,trail,images/shoe_04772.jpg
shoe_04773,PeakWalk Trail Gray 04773,footwear,gray,trail,images/shoe_04773.jpg
shoe_04774,TrailCore Basketball Brown 04774,footwear,brown,basketball,images/shoe_04774.jpg
shoe_04775,TrailCore Trainer Navy 04775,footwear,navy,trainer,images/shoe_04775.jpg
shoe_04776,PeakWalk Slip-On Orange 04776,footwear,orange,slip-on,images/shoe_04776.jpg
shoe_04777,MotionX Runner Purple 04777,footwear,purple,runner,images/shoe_04777.jpg
shoe_04778,ApexRun Trainer White 04778,footwear,white,trainer,images/shoe_04778.jpg
shoe_04779,StrideLab Runner Pink 04779,footwear,pink,runner,images/shoe_04779.jpg
shoe_04780,NovaFit Trainer Yellow 04780,footwear,yellow,trainer,images/shoe_04780.jpg
shoe_04781,UrbanStep Low-Top Black 04781,footwear,black,low-top,images/shoe_04781.jpg
shoe_04782,StreetFlex Low-Top Orange 04782,footwear,orange,low-top,images/shoe_04782.jpg
shoe_04783,ApexRun Low-Top Green 04783,footwear,green,low-top,images/shoe_04783.jpg
shoe_04784,UrbanStep High-Top Green 04784,footwear,green,high-top,images/shoe_04784.jpg
shoe_04785,ApexRun High-Top Blue 04785,footwear,blue,high-top,images/shoe_04785.jpg
shoe_04786,PeakWalk Basketball Navy 04786,footwear,navy,basketball,images/shoe_04786.jpg
shoe_04787,ApexRun Low-Top Purple 04787,footwear,purple,low-top,images/shoe_04787.jpg
shoe_04788,StrideLab Slip-On Green 04788,footwear,green,slip-on,images/shoe_04788.jpg
shoe_04789,PeakWalk Runner Black 04789,footwear,black,runner,images/shoe_04789.jpg
shoe_04790,StrideLab Slip-On Navy 04790,footwear,navy,slip-on,images/shoe_04790.jpg
shoe_04791,UrbanStep Trainer Pink 04791,footwear,pink,trainer,images/shoe_04791.jpg
shoe_04792,TrailCore Basketball Green 04792,footwear,green,basketball,images/shoe_04792.jpg
shoe_04793,ApexRun High-Top Gray 04793,footwear,gray,high-top,images/shoe_04793.jpg
shoe_04794,MotionX Trail Pink 04794,footwear,pink,trail,images/shoe_04794.jpg
shoe_04795,UrbanStep Low-Top White 04795,footwear,white,low-top,images/shoe_04795.jpg
shoe_04796,ApexRun Trail Green 04796,footwear,green,trail,images/shoe_04796.jpg
shoe_04797,UrbanStep Trail Pink 04797,footwear,pink,trail,images/shoe_04797.jpg
shoe_04798,MotionX Casual Navy 04798,footwear,navy,casual,images/shoe_04798.jpg
shoe_04799,TrailCore Casual Pink 04799,footwear,pink,casual,images/shoe_04799.jpg
shoe_04800,StreetFlex Low-Top Red 04800,footwear,red,low-top,images/shoe_04800.jpg
shoe_04801,MotionX Trail White 04801,footwear,white,trail,images/shoe_04801.jpg
shoe_04802,MotionX Low-Top Red 04802,footwear,red,low-top,images/shoe_04802.jpg
shoe_04803,TrailCore Slip-On Black 04803,footwear,black,slip-on,images/shoe_04803.jpg
shoe_04804,StrideLab Casual Red 04804,footwear,red,casual,images/shoe_04804.jpg
shoe_04805,ApexRun Runner White 04805,footwear,white,runner,images/shoe_04805.jpg
shoe_04806,NovaFit Slip-On Blue 04806,footwear,blue,slip-on,images/shoe_04806.jpg
shoe_04807,StrideLab Casual Gray 04807,footwear,gray,casual,images/shoe_04807.jpg
shoe_04808,TrailCore Casual Navy 04808,footwear,navy,casual,images/shoe_04808.jpg
shoe_04809,ApexRun Trail Black 04809,footwear,black,trail,images/shoe_04809.jpg
shoe_04810,PeakWalk Casual Red 04810,footwear,red,casual,images/shoe_04810.jpg
shoe_04811,ApexRun Low-Top Navy 04811,footwear,navy,low-top,images/shoe_04811.jpg
shoe_04812,ApexRun Runner Red 04812,footwear,red,runner,images/shoe_04812.jpg
shoe_04813,TrailCore Basketball Pink 04813,footwear,pink,basketball,images/shoe_04813.jpg
shoe_04814,UrbanStep Casual Orange 04814,footwear,orange,casual,images/shoe_04814.jpg
shoe_04815,TrailCore Basketball White 04815,footwear,white,basketball,images/shoe_04815.jpg
shoe_04816,ApexRun Runner Orange 04816,footwear,orange,runner,images/shoe_04816.jpg
shoe_04817,PeakWalk Trail Yellow 04817,footwear,yellow,trail,images/shoe_04817.jpg
shoe_04818,ApexRun Basketball Pink 04818,footwear,pink,basketball,images/shoe_04818.jpg
shoe_04819,PeakWalk High-Top Black 04819,footwear,black,high-top,images/shoe_04819.jpg
shoe_04820,StreetFlex Low-Top Blue 04820,footwear,blue,low-top,images/shoe_04820.jpg
shoe_04821,ApexRun Runner Pink 04821,footwear,pink,runner,images/shoe_04821.jpg
shoe_04822,PeakWalk Trainer Purple 04822,footwear,purple,trainer,images/shoe_04822.jpg
shoe_04823,ApexRun Trainer White 04823,footwear,white,trainer,images/shoe_04823.jpg
shoe_04824,UrbanStep Trail Brown 04824,footwear,brown,trail,images/shoe_04824.jpg
shoe_04825,StrideLab High-Top Red 04825,footwear,red,high-top,images/shoe_04825.jpg
shoe_04826,ApexRun Casual Blue 04826,footwear,blue,casual,images/shoe_04826.jpg
shoe_04827,StrideLab Trail Navy 04827,footwear,navy,trail,images/shoe_04827.jpg
shoe_04828,PeakWalk Casual Brown 04828,footwear,brown,casual,images/shoe_04828.jpg
shoe_04829,StrideLab Low-Top Red 04829,footwear,red,low-top,images/shoe_04829.jpg
shoe_04830,StreetFlex Slip-On Black 04830,footwear,black,slip-on,images/shoe_04830.jpg
shoe_04831,NovaFit Slip-On Navy 04831,footwear,navy,slip-on,images/shoe_04831.jpg
shoe_04832,StrideLab Trail White 04832,footwear,white,trail,images/shoe_04832.jpg
shoe_04833,StrideLab Low-Top Pink 04833,footwear,pink,low-top,images/shoe_04833.jpg
shoe_04834,PeakWalk Runner Purple 04834,footwear,purple,runner,images/shoe_04834.jpg
shoe_04835,TrailCore Slip-On Green 04835,footwear,green,slip-on,images/shoe_04835.jpg
shoe_04836,UrbanStep Runner Orange 04836,footwear,orange,runner,images/shoe_04836.jpg
shoe_04837,MotionX Slip-On Blue 04837,footwear,blue,slip-on,images/shoe_04837.jpg
shoe_04838,StreetFlex Low-Top Red 04838,footwear,red,low-top,images/shoe_04838.jpg
shoe_04839,NovaFit High-Top Red 04839,footwear,red,high-top,images/shoe_04839.jpg
shoe_04840,StreetFlex Low-Top Black 04840,footwear,black,low-top,images/shoe_04840.jpg
shoe_04841,MotionX Trainer Red 04841,footwear,red,trainer,images/shoe_04841.jpg
shoe_04842,ApexRun Low-Top White 04842,footwear,white,low-top,images/shoe_04842.jpg
shoe_04843,MotionX Slip-On Pink 04843,footwear,pink,slip-on,images/shoe_04843.jpg
shoe_04844,PeakWalk Trail Navy 04844,footwear,navy,trail,images/shoe_04844.jpg
shoe_04845,ApexRun Casual Red 04845,footwear,red,casual,images/shoe_04845.jpg
shoe_04846,NovaFit Low-Top Blue 04846,footwear,blue,low-top,images/shoe_04846.jpg
shoe_04847,StreetFlex Basketball Brown 04847,footwear,brown,basketball,images/shoe_04847.jpg
shoe_04848,UrbanStep Trainer White 04848,footwear,white,trainer,images/shoe_04848.jpg
shoe_04849,StrideLab Casual Purple 04849,footwear,purple,casual,images/shoe_04849.jpg
shoe_04850,MotionX Trail Brown 04850,footwear,brown,trail,images/shoe_04850.jpg
shoe_04851,UrbanStep Runner Navy 04851,footwear,navy,runner,images/shoe_04851.jpg
shoe_04852,StreetFlex Basketball Green 04852,footwear,green,basketball,images/shoe_04852.jpg
shoe_04853,StrideLab Basketball Pink 04853,footwear,pink,basketball,images/shoe_04853.jpg
shoe_04854,UrbanStep Runner Orange 04854,footwear,orange,runner,images/shoe_04854.jpg
shoe_04855,StrideLab High-Top White 04855,footwear,white,high-top,images/shoe_04855.jpg
shoe_04856,UrbanStep High-Top Yellow 04856,footwear,yellow,high-top,images/shoe_04856.jpg
shoe_04857,MotionX Casual Orange 04857,footwear,orange,casual,images/shoe_04857.jpg
shoe_04858,MotionX Casual Navy 04858,footwear,navy,casual,images/shoe_04858.jpg
shoe_04859,NovaFit Casual Purple 04859,footwear,purple,casual,images/shoe_04859.jpg
shoe_04860,PeakWalk Trainer Red 04860,footwear,red,trainer,images/shoe_04860.jpg
shoe_04861,ApexRun Runner Orange 04861,footwear,orange,runner,images/shoe_04861.jpg
shoe_04862,MotionX Slip-On Gray 04862,footwear,gray,slip-on,images/shoe_04862.jpg
shoe_04863,ApexRun Slip-On Purple 04863,footwear,purple,slip-on,images/shoe_04863.jpg
shoe_04864,PeakWalk Trainer Gray 04864,footwear,gray,trainer,images/shoe_04864.jpg
shoe_04865,StrideLab High-Top Brown 04865,footwear,brown,high-top,images/shoe_04865.jpg
shoe_04866,PeakWalk Runner Pink 04866,footwear,pink,runner,images/shoe_04866.jpg
shoe_04867,StrideLab Low-Top Green 04867,footwear,green,low-top,images/shoe_04867.jpg
shoe_04868,ApexRun Slip-On Orange 04868,footwear,orange,slip-on,images/shoe_04868.jpg
shoe_04869,TrailCore Casual Black 04869,footwear,black,casual,images/shoe_04869.jpg
shoe_04870,TrailCore Low-Top Orange 04870,footwear,orange,low-top,images/shoe_04870.jpg
shoe_04871,MotionX Trainer Yellow 04871,footwear,yellow,trainer,images/shoe_04871.jpg
shoe_04872,NovaFit Slip-On Gray 04872,footwear,gray,slip-on,images/shoe_04872.jpg
shoe_04873,ApexRun Trail Green 04873,footwear,green,trail,images/shoe_04873.jpg
shoe_04874,StrideLab Low-Top Gray 04874,footwear,gray,low-top,images/shoe_04874.jpg
shoe_04875,StreetFlex Casual Blue 04875,footwear,blue,casual,images/shoe_04875.jpg
shoe_04876,UrbanStep Casual Green 04876,footwear,green,casual,images/shoe_04876.jpg
shoe_04877,UrbanStep Runner Red 04877,footwear,red,runner,images/shoe_04877.jpg
shoe_04878,TrailCore Low-Top White 04878,footwear,white,low-top,images/shoe_04878.jpg
shoe_04879,UrbanStep Trail Navy 04879,footwear,navy,trail,images/shoe_04879.jpg
shoe_04880,StreetFlex Basketball Black 04880,footwear,black,basketball,images/shoe_04880.jpg
shoe_04881,TrailCore Trainer Black 04881,footwear,black,trainer,images/shoe_04881.jpg
shoe_04882,ApexRun Runner Black 04882,footwear,black,runner,images/shoe_04882.jpg
shoe_04883,TrailCore Casual Black 04883,footwear,black,casual,images/shoe_04883.jpg
shoe_04884,PeakWalk Casual Green 04884,footwear,green,casual,images/shoe_04884.jpg
shoe_04885,ApexRun High-Top Blue 04885,footwear,blue,high-top,images/shoe_04885.jpg
shoe_04886,StrideLab High-Top Black 04886,footwear,black,high-top,images/shoe_04886.jpg
shoe_04887,NovaFit High-Top Green 04887,footwear,green,high-top,images/shoe_04887.jpg
shoe_04888,StrideLab Runner Black 04888,footwear,black,runner,images/shoe_04888.jpg
shoe_04889,TrailCore Low-Top Orange 04889,footwear,orange,low-top,images/shoe_04889.jpg
shoe_04890,TrailCore Trail Red 04890,footwear,red,trail,images/shoe_04890.jpg
shoe_04891,ApexRun Trail Purple 04891,footwear,purple,trail,images/shoe_04891.jpg
shoe_04892,StreetFlex Runner Orange 04892,footwear,orange,runner,images/shoe_04892.jpg
shoe_04893,NovaFit High-Top Green 04893,footwear,green,high-top,images/shoe_04893.jpg
shoe_04894,NovaFit Slip-On Purple 04894,footwear,purple,slip-on,images/shoe_04894.jpg
shoe_04895,ApexRun Runner Blue 04895,footwear,blue,runner,images/shoe_04895.jpg
shoe_04896,TrailCore Slip-On Black 04896,footwear,black,slip-on,images/shoe_04896.jpg
shoe_04897,StrideLab Casual Blue 04897,footwear,blue,casual,images/shoe_04897.jpg
shoe_04898,PeakWalk Trainer White 04898,footwear,white,trainer,images/shoe_04898.jpg
shoe_04899,StrideLab High-Top White 04899,footwear,white,high-top,images/shoe_04899.jpg
shoe_04900,StreetFlex High-Top Yellow 04900,footwear,yellow,high-top,images/shoe_04900.jpg
shoe_04901,StreetFlex Slip-On Navy 04901,footwear,navy,slip-on,images/shoe_04901.jpg
shoe_04902,MotionX Low-Top Gray 04902,footwear,gray,low-top,images/shoe_04902.jpg
shoe_04903,TrailCore Runner Red 04903,footwear,red,runner,images/shoe_04903.jpg
shoe_04904,ApexRun Slip-On Brown 04904,footwear,brown,slip-on,images/shoe_04904.jpg
shoe_04905,TrailCore Basketball White 04905,footwear,white,basketball,images/shoe_04905.jpg
shoe_04906,MotionX Trainer Yellow 04906,footwear,yellow,trainer,images/shoe_04906.jpg
shoe_04907,ApexRun Casual Orange 04907,footwear,orange,casual,images/shoe_04907.jpg
shoe_04908,NovaFit Basketball Purple 04908,footwear,purple,basketball,images/shoe_04908.jpg
shoe_04909,MotionX Slip-On Pink 04909,footwear,pink,slip-on,images/shoe_04909.jpg
shoe_04910,NovaFit Slip-On Pink 04910,footwear,pink,slip-on,images/shoe_04910.jpg
shoe_04911,UrbanStep Trail Orange 04911,footwear,orange,trail,images/shoe_04911.jpg
shoe_04912,StrideLab Runner Navy 04912,footwear,navy,runner,images/shoe_04912.jpg
shoe_04913,MotionX Low-Top Black 04913,footwear,black,low-top,images/shoe_04913.jpg
shoe_04914,UrbanStep Runner Brown 04914,footwear,brown,runner,images/shoe_04914.jpg
shoe_04915,UrbanStep High-Top Navy 04915,footwear,navy,high-top,images/shoe_04915.jpg
shoe_04916,PeakWalk Trainer Red 04916,footwear,red,trainer,images/shoe_04916.jpg
shoe_04917,ApexRun Slip-On Pink 04917,footwear,pink,slip-on,images/shoe_04917.jpg
shoe_04918,UrbanStep Casual Red 04918,footwear,red,casual,images/shoe_04918.jpg
shoe_04919,StrideLab Basketball Black 04919,footwear,black,basketball,images/shoe_04919.jpg
shoe_04920,StreetFlex Slip-On Purple 04920,footwear,purple,slip-on,images/shoe_04920.jpg
shoe_04921,TrailCore Trail Red 04921,footwear,red,trail,images/shoe_04921.jpg
shoe_04922,NovaFit Trainer Yellow 04922,footwear,yellow,trainer,images/shoe_04922.jpg
shoe_04923,TrailCore Low-Top Green 04923,footwear,green,low-top,images/shoe_04923.jpg
shoe_04924,ApexRun Trail Yellow 04924,footwear,yellow,trail,images/shoe_04924.jpg
shoe_04925,StrideLab Slip-On Black 04925,footwear,black,slip-on,images/shoe_04925.jpg
shoe_04926,UrbanStep High-Top Red 04926,footwear,red,high-top,images/shoe_04926.jpg
shoe_04927,StrideLab Basketball Gray 04927,footwear,gray,basketball,images/shoe_04927.jpg
shoe_04928,NovaFit High-Top Gray 04928,footwear,gray,high-top,images/shoe_04928.jpg
shoe_04929,StreetFlex Low-Top White 04929,footwear,white,low-top,images/shoe_04929.jpg
shoe_04930,MotionX Runner Yellow 04930,footwear,yellow,runner,images/shoe_04930.jpg
shoe_04931,StrideLab Casual Brown 04931,footwear,brown,casual,images/shoe_04931.jpg
shoe_04932,PeakWalk Runner Black 04932,footwear,black,runner,images/shoe_04932.jpg
shoe_04933,TrailCore Low-Top Pink 04933,footwear,pink,low-top,images/shoe_04933.jpg
shoe_04934,NovaFit Slip-On Black 04934,footwear,black,slip-on,images/shoe_04934.jpg
shoe_04935,ApexRun Runner Orange 04935,footwear,orange,runner,images/shoe_04935.jpg
shoe_04936,TrailCore Low-Top White 04936,footwear,white,low-top,images/shoe_04936.jpg
shoe_04937,PeakWalk Low-Top Gray 04937,footwear,gray,low-top,images/shoe_04937.jpg
shoe_04938,StrideLab Runner White 04938,footwear,white,runner,images/shoe_04938.jpg
shoe_04939,TrailCore Low-Top Navy 04939,footwear,navy,low-top,images/shoe_04939.jpg
shoe_04940,StrideLab Casual Red 04940,footwear,red,casual,images/shoe_04940.jpg
shoe_04941,UrbanStep High-Top Yellow 04941,footwear,yellow,high-top,images/shoe_04941.jpg
shoe_04942,StreetFlex Slip-On Black 04942,footwear,black,slip-on,images/shoe_04942.jpg
shoe_04943,NovaFit Trail Black 04943,footwear,black,trail,images/shoe_04943.jpg
shoe_04944,TrailCore Basketball Orange 04944,footwear,orange,basketball,images/shoe_04944.jpg
shoe_04945,MotionX Slip-On Navy 04945,footwear,navy,slip-on,images/shoe_04945.jpg
shoe_04946,MotionX Runner Orange 04946,footwear,orange,runner,images/shoe_04946.jpg
shoe_04947,UrbanStep Low-Top Brown 04947,footwear,brown,low-top,images/shoe_04947.jpg
shoe_04948,TrailCore Casual Purple 04948,footwear,purple,casual,images/shoe_04948.jpg
shoe_04949,NovaFit Slip-On Brown 04949,footwear,brown,slip-on,images/shoe_04949.jpg
shoe_04950,StrideLab High-Top Black 04950,footwear,black,high-top,images/shoe_04950.jpg
shoe_04951,ApexRun Trainer Yellow 04951,footwear,yellow,trainer,images/shoe_04951.jpg
shoe_04952,TrailCore Trail Yellow 04952,footwear,yellow,trail,images/shoe_04952.jpg
shoe_04953,PeakWalk Slip-On Navy 04953,footwear,navy,slip-on,images/shoe_04953.jpg
shoe_04954,TrailCore Slip-On Red 04954,footwear,red,slip-on,images/shoe_04954.jpg
shoe_04955,StrideLab Casual Yellow 04955,footwear,yellow,casual,images/shoe_04955.jpg
shoe_04956,UrbanStep Casual Purple 04956,footwear,purple,casual,images/shoe_04956.jpg
shoe_04957,StrideLab Basketball Red 04957,footwear,red,basketball,images/shoe_04957.jpg
shoe_04958,PeakWalk Low-Top Navy 04958,footwear,navy,low-top,images/shoe_04958.jpg
shoe_04959,NovaFit Low-Top Brown 04959,footwear,brown,low-top,images/shoe_04959.jpg
shoe_04960,NovaFit Runner Purple 04960,footwear,purple,runner,images/shoe_04960.jpg
shoe_04961,StreetFlex Casual Orange 04961,footwear,orange,casual,images/shoe_04961.jpg
shoe_04962,UrbanStep Casual Navy 04962,footwear,navy,casual,images/shoe_04962.jpg
shoe_04963,StrideLab Slip-On Red 04963,footwear,red,slip-on,images/shoe_04963.jpg
shoe_04964,NovaFit Trail Pink 04964,footwear,pink,trail,images/shoe_04964.jpg
shoe_04965,MotionX Trail Gray 04965,footwear,gray,trail,images/shoe_04965.jpg
shoe_04966,PeakWalk Slip-On Pink 04966,footwear,pink,slip-on,images/shoe_04966.jpg
shoe_04967,UrbanStep High-Top Purple 04967,footwear,purple,high-top,images/shoe_04967.jpg
shoe_04968,TrailCore Runner Pink 04968,footwear,pink,runner,images/shoe_04968.jpg
shoe_04969,ApexRun Runner Yellow 04969,footwear,yellow,runner,images/shoe_04969.jpg
shoe_04970,MotionX High-Top Orange 04970,footwear,orange,high-top,images/shoe_04970.jpg
shoe_04971,MotionX Trail Gray 04971,footwear,gray,trail,images/shoe_04971.jpg
shoe_04972,TrailCore Low-Top Red 04972,footwear,red,low-top,images/shoe_04972.jpg
shoe_04973,TrailCore Slip-On Yellow 04973,footwear,yellow,slip-on,images/shoe_04973.jpg
shoe_04974,MotionX Runner Green 04974,footwear,green,runner,images/shoe_04974.jpg
shoe_04975,NovaFit Casual Navy 04975,footwear,navy,casual,images/shoe_04975.jpg
shoe_04976,StrideLab Low-Top Gray 04976,footwear,gray,low-top,images/shoe_04976.jpg
shoe_04977,StreetFlex High-Top Red 04977,footwear,red,high-top,images/shoe_04977.jpg
shoe_04978,MotionX Casual Brown 04978,footwear,brown,casual,images/shoe_04978.jpg
shoe_04979,UrbanStep Basketball Pink 04979,footwear,pink,basketball,images/shoe_04979.jpg
shoe_04980,UrbanStep Slip-On Yellow 04980,footwear,yellow,slip-on,images/shoe_04980.jpg
shoe_04981,MotionX Casual Black 04981,footwear,black,casual,images/shoe_04981.jpg
shoe_04982,StrideLab High-Top Green 04982,footwear,green,high-top,images/shoe_04982.jpg
shoe_04983,TrailCore Trail White 04983,footwear,white,trail,images/shoe_04983.jpg
shoe_04984,UrbanStep High-Top Gray 04984,footwear,gray,high-top,images/shoe_04984.jpg
shoe_04985,ApexRun Trainer Purple 04985,footwear,purple,trainer,images/shoe_04985.jpg
shoe_04986,TrailCore Casual Brown 04986,footwear,brown,casual,images/shoe_04986.jpg
shoe_04987,StreetFlex Trainer Green 04987,footwear,green,trainer,images/shoe_04987.jpg
shoe_04988,UrbanStep Slip-On Brown 04988,footwear,brown,slip-on,images/shoe_04988.jpg
shoe_04989,MotionX High-Top Navy 04989,footwear,navy,high-top,images/shoe_04989.jpg
shoe_04990,ApexRun Casual Pink 04990,footwear,pink,casual,images/shoe_04990.jpg
shoe_04991,MotionX Casual Orange 04991,footwear,orange,casual,images/shoe_04991.jpg
shoe_04992,StrideLab Basketball Black 04992,footwear,black,basketball,images/shoe_04992.jpg
shoe_04993,UrbanStep Runner White 04993,footwear,white,runner,images/shoe_04993.jpg
shoe_04994,StreetFlex Low-Top White 04994,footwear,white,low-top,images/shoe_04994.jpg
shoe_04995,MotionX Trainer Green 04995,footwear,green,trainer,images/shoe_04995.jpg
shoe_04996,TrailCore Low-Top White 04996,footwear,white,low-top,images/shoe_04996.jpg
shoe_04997,NovaFit High-Top Black 04997,footwear,black,high-top,images/shoe_04997.jpg
shoe_04998,NovaFit Slip-On Black 04998,footwear,black,slip-on,images/shoe_04998.jpg
shoe_04999,PeakWalk Trainer Black 04999,footwear,black,trainer,images/shoe_04999.jpg
shoe_05000,NovaFit High-Top Red 05000,footwear,red,high-top,images/shoe_05000.jpg
